loyalty_number,churned
100018,0
100102,0
100140,0
100214,0
100272,0
100301,0
100364,0
100380,0
100428,0
100504,1
100550,0
100585,0
100590,0
100642,0
100644,0
100646,0
100727,0
100737,0
100753,0
100816,0
100853,0
100883,0
100890,0
101018,0
101148,0
101363,0
101487,0
101515,0
101540,0
101544,0
101547,0
101581,0
101594,0
101663,0
101664,0
101709,0
101876,1
101895,0
101902,0
101945,0
102168,0
102184,0
102207,0
102299,0
102311,0
102376,0
102464,0
102726,0
102730,0
102788,0
102851,0
102877,0
102982,0
103151,0
103217,0
103304,0
103340,0
103359,0
103436,0
103490,0
103502,0
103536,0
103699,0
103731,0
103823,0
103860,0
103862,0
103916,0
103969,0
103970,0
104103,0
104267,0
104353,0
104431,0
104541,0
104586,0
104673,0
104732,0
104849,0
104960,0
105063,0
105073,0
105074,0
105214,0
105335,0
105552,0
105688,0
105712,0
105789,0
105835,0
105841,0
105921,0
105932,0
105992,0
106001,0
106037,0
106038,0
106046,0
106218,0
106397,0
106444,0
106477,0
106592,0
106637,0
106689,0
106754,0
106757,0
106776,0
106838,0
106839,0
106936,0
106946,0
106978,0
106979,0
107037,0
107067,0
107119,0
107141,0
107203,0
107212,0
107296,0
107385,0
107420,0
107461,0
107466,0
107487,0
107519,0
107571,0
107649,0
107719,0
107730,0
107902,0
107993,0
108264,0
108346,0
108367,1
108381,0
108430,0
108440,0
108462,0
108528,0
108625,0
108666,0
108857,1
108896,1
108907,0
109022,0
109023,0
109203,0
109478,0
109495,0
109517,0
109552,0
109612,0
109660,0
109767,0
109840,0
109896,0
109903,0
109956,1
110065,0
110099,0
110142,0
110211,1
110262,0
110296,0
110394,0
110422,0
110476,0
110678,0
110691,0
110752,0
111022,0
111034,0
111171,0
111176,0
111255,0
111286,0
111329,0
111485,0
111507,0
111573,0
111584,0
111646,1
111788,0
111899,1
111912,0
112026,0
112142,1
112226,0
112393,0
112522,0
112678,0
112709,0
112732,0
112733,0
112842,0
112856,0
112863,0
113040,0
113220,0
113293,0
113316,0
113363,0
113476,0
113558,0
113679,0
113694,0
113755,0
113779,0
113804,0
113831,0
113839,0
113861,0
113864,0
113874,0
113877,0
113904,0
113919,0
114018,0
114021,0
114131,0
114214,1
114219,0
114242,0
114307,0
114414,0
114493,0
114553,0
114638,0
114700,0
114743,0
114835,0
114857,0
114903,0
114924,1
114927,0
114983,0
115322,0
115354,0
115405,0
115427,0
115505,0
115529,0
115633,0
115705,0
115805,0
115852,0
116016,0
116045,0
116164,0
116207,1
116288,0
116332,0
116372,0
116703,0
116732,0
116735,0
116895,0
116932,0
116948,0
116999,0
117033,0
117053,0
117169,0
117219,0
117240,0
117333,0
117342,0
117408,0
117456,0
117460,0
117482,0
117618,0
117782,0
117910,0
117915,0
117932,0
118076,0
118320,0
118332,0
118355,0
118365,0
118376,1
118379,0
118418,0
118612,0
118628,0
118632,0
118675,0
118729,1
118864,0
119009,0
119015,0
119135,0
119198,0
119200,0
119460,0
119488,0
119519,0
119633,0
119634,0
119638,0
119731,0
119837,0
119845,0
119997,0
120046,0
120126,0
120140,0
120164,0
120192,0
120393,0
120434,0
120554,0
120583,0
120594,0
120799,0
120868,0
121095,0
121139,0
121183,0
121236,1
121351,1
121410,0
121605,0
121710,0
121737,0
121856,0
121919,0
121935,0
122009,0
122020,0
122049,0
122094,0
122166,0
122283,0
122357,0
122456,0
122519,0
122545,0
122577,0
122685,0
122797,0
122890,0
122946,0
122958,0
123083,0
123094,0
123115,0
123164,0
123344,0
123393,0
123420,0
123525,0
123586,0
123667,0
123668,0
123697,0
123702,0
123727,0
123773,0
123908,0
123944,0
124038,0
124056,0
124085,0
124088,0
124119,0
124355,0
124678,0
124761,0
125068,0
125300,0
125393,0
125919,0
125969,0
125996,0
126097,0
126216,0
126219,0
126239,0
126262,0
126424,0
126466,0
126490,1
126581,0
126665,0
127039,0
127127,0
127128,0
127137,0
127185,0
127241,0
127279,0
127289,0
127311,0
127350,0
127400,0
127410,0
127590,0
127645,0
127663,0
127725,0
127785,0
127827,0
127882,0
127946,0
127966,0
128007,0
128032,0
128039,0
128041,0
128156,0
128210,0
128280,0
128325,0
128459,0
128467,0
128475,0
128534,0
128587,0
128611,0
128633,0
128754,1
128789,0
128950,0
128975,0
129030,0
129343,0
129409,0
129429,0
129434,0
129510,0
129515,0
129555,0
129817,0
129827,0
129914,0
129976,0
130032,0
130077,0
130086,0
130208,0
130326,0
130331,0
130368,0
130419,0
130439,1
130446,0
130497,0
130548,0
130593,0
130823,0
130953,0
131001,0
131036,0
131047,0
131098,0
131228,0
131253,1
131257,0
131321,0
131342,0
131463,0
131558,0
131560,0
131673,0
131680,0
131721,0
131761,0
131772,0
131815,0
131893,0
131956,0
131990,0
131997,0
132045,0
132209,0
132296,0
132319,0
132320,0
132337,0
132552,0
132592,0
132705,0
132756,0
132774,0
132884,0
132914,0
132935,0
133035,0
133065,0
133066,0
133128,0
133324,0
133429,0
133518,0
133608,0
133698,0
133730,0
133732,0
133821,0
133859,0
133956,0
134085,0
134148,0
134180,0
134202,0
134241,0
134273,0
134397,0
134470,0
134717,0
134738,0
134760,0
134857,0
135016,0
135076,0
135134,0
135250,0
135257,0
135279,0
135312,0
135381,0
135382,0
135392,0
135421,0
135554,0
135574,0
135578,0
135808,0
135878,1
135977,0
136020,0
136022,0
136049,0
136089,0
136106,0
136121,0
136169,0
136232,0
136334,0
136430,0
136470,0
136473,0
136516,0
136547,0
136608,0
136637,0
136715,0
136772,1
136879,0
136906,0
137040,0
137106,0
137161,0
137185,0
137227,0
137529,1
137646,0
137744,0
137751,0
137845,0
137850,0
137852,0
137858,0
137952,0
137968,0
137973,0
137985,0
137999,0
138025,1
138065,1
138121,0
138204,0
138369,0
138421,0
138475,0
138565,0
138737,0
138746,0
138768,0
138810,0
138853,0
138873,1
138894,0
138896,0
138908,0
138981,0
138993,0
139022,0
139023,0
139087,0
139135,0
139479,1
139511,0
139518,0
139532,0
139863,0
139932,0
140005,0
140077,0
140079,0
140130,1
140191,0
140208,0
140290,0
140381,0
140391,0
140392,0
140419,0
140483,0
140534,0
140598,0
140674,0
140750,0
140768,0
140823,0
140891,0
140977,0
141023,0
141043,1
141047,0
141139,0
141181,0
141233,0
141266,0
141456,0
141497,0
141614,0
141655,0
141703,0
141742,0
141844,0
141877,0
141945,0
142224,0
142290,0
142354,0
142371,0
142511,0
142545,0
142609,0
142621,0
142686,0
142715,0
142717,0
142726,0
142749,0
142812,0
142855,0
142906,0
142950,0
143087,0
143151,0
143389,0
143422,0
143730,0
143784,0
143981,0
144328,0
144355,0
144402,0
144514,0
144523,0
144593,0
144615,0
144633,0
144641,0
144756,0
144830,0
144879,0
144936,1
144977,0
145177,0
145220,0
145322,0
145323,0
145480,0
145552,0
145688,0
145988,0
146028,0
146037,0
146067,0
146086,0
146090,0
146099,0
146215,0
146354,0
146400,0
146527,0
146560,0
146702,0
146760,0
146839,0
147064,0
147241,0
147272,0
147602,0
147700,0
147754,0
147891,0
147898,0
148201,0
148208,0
148216,0
148234,0
148258,0
148289,0
148299,0
148322,0
148368,0
148381,0
148382,0
148486,0
148487,0
148570,0
148690,0
148749,0
148753,0
148767,0
148865,0
148942,0
148982,0
149225,0
149318,0
149348,0
149426,0
149430,0
149462,0
149549,0
149655,0
149782,0
149841,0
149846,0
149884,0
149912,0
149993,0
150004,0
150074,0
150134,0
150233,1
150253,0
150291,0
150301,0
150656,0
150754,0
150883,0
150909,0
151030,0
151036,0
151183,0
151327,0
151399,0
151554,0
151571,0
151627,0
151655,0
151967,0
152007,1
152014,0
152016,0
152139,0
152148,0
152276,0
152307,0
152338,0
152355,0
152406,0
152423,0
152499,1
152681,0
152740,0
152778,0
153003,0
153072,0
153146,0
153193,0
153261,0
153395,0
153462,0
153582,0
153586,0
153600,0
153626,0
153656,1
153884,0
153953,0
153987,0
153998,0
154175,0
154230,0
154480,0
154606,0
154643,0
154644,0
154652,0
154680,0
154736,0
154855,0
154864,0
154868,0
154889,1
154981,0
155020,0
155118,0
155253,1
155354,0
155374,0
155488,0
155654,0
155791,0
155795,0
155820,0
155964,0
155965,0
156138,0
156305,0
156313,0
156355,0
156457,0
156673,0
156684,0
156750,0
156868,0
156879,0
156945,0
156948,0
156959,0
157005,0
157092,0
157200,0
157212,0
157300,0
157672,0
157674,0
157704,0
157712,0
157729,0
157731,0
157751,0
157766,0
157816,0
157879,0
157911,0
158113,0
158314,0
158400,0
158508,0
158560,0
158680,0
158901,0
158969,0
159227,0
159233,0
159272,0
159275,0
159344,0
159351,0
159359,0
159397,0
159486,1
159500,0
159525,0
159531,0
159608,0
159680,0
159688,0
159745,0
159751,0
159856,0
159960,0
160135,0
160143,0
160154,0
160181,0
160203,0
160250,0
160320,0
160640,0
160686,0
160707,0
160740,0
160773,0
160905,0
160927,0
160993,0
161045,0
161103,0
161180,0
161241,0
161276,0
161338,0
161373,1
161414,0
161415,0
161437,0
161650,1
161766,0
161769,0
161780,0
161956,0
162013,0
162166,0
162167,0
162180,0
162420,0
162456,0
162485,1
162489,0
162658,0
163058,0
163083,0
163260,0
163388,0
163598,0
163608,0
163615,0
163639,0
163645,0
163757,0
163776,0
163970,0
164013,0
164017,0
164034,0
164094,0
164192,0
164224,0
164226,0
164298,1
164313,0
164363,0
164374,0
164388,0
164429,0
164512,0
164657,0
164743,0
164794,0
164947,0
164973,0
164983,0
165019,0
165056,0
165138,0
165188,0
165260,0
165265,0
165339,0
165443,0
165484,0
165550,0
165554,0
165596,0
165742,0
165759,0
165827,0
165893,0
165900,0
166011,0
166037,0
166175,0
166239,0
166273,0
166333,0
166475,0
166535,0
166537,0
166577,0
166677,1
166693,0
166705,0
166712,0
166825,0
166829,0
166846,0
166865,0
166911,0
166938,0
166953,0
166955,0
166966,0
167001,1
167016,0
167026,0
167062,0
167177,0
167257,0
167335,0
167363,0
167465,0
167515,0
167575,1
167578,0
167587,0
167660,0
167795,0
167933,0
168026,0
168123,0
168160,0
168290,0
168316,0
168349,0
168385,0
168418,0
168843,0
168887,0
169054,0
169129,0
169137,0
169302,0
169393,0
169418,0
169525,0
169529,0
169661,0
169665,0
169697,0
169699,1
169857,0
169932,0
169948,0
170027,0
170079,0
170211,0
170311,0
170321,0
170368,0
170404,0
170443,0
170531,0
170544,0
170566,0
170585,0
170656,0
170710,0
170791,0
170799,0
170801,0
170965,0
171047,0
171137,0
171192,0
171257,0
171264,0
171350,0
171419,0
171582,1
171638,0
171691,0
171788,0
171883,0
171902,1
171906,0
171908,0
171937,0
172059,0
172135,0
172200,0
172233,0
172259,1
172345,0
172348,0
172444,0
172610,0
172755,0
172757,0
172971,0
172983,0
172987,0
173092,0
173212,0
173227,0
173235,0
173252,0
173343,0
173356,0
173398,0
173416,0
173446,0
173485,0
173506,0
173531,0
173548,0
173666,0
173673,0
173798,0
173873,0
173938,0
174044,0
174343,0
174439,0
174702,0
174729,0
174743,0
174803,0
174923,0
174996,0
175017,0
175104,0
175169,0
175249,0
175285,0
175320,0
175342,0
175360,0
175387,1
175488,0
175528,0
175584,0
175711,0
175804,0
175814,0
175902,0
175954,0
175967,0
176115,0
176142,0
176166,0
176278,0
176284,0
176359,0
176379,0
176480,0
176521,0
176599,0
176611,0
176688,0
177029,0
177146,0
177345,0
177457,0
177483,0
177518,0
177583,0
177598,0
177700,0
177713,0
177962,0
177993,0
178036,0
178077,0
178157,1
178160,0
178331,0
178335,0
178403,0
178409,0
178461,1
178540,0
178643,0
178720,0
178864,0
179042,0
179053,0
179075,0
179153,0
179585,0
179590,0
179603,0
179719,0
179773,1
179870,0
179944,0
179956,0
180009,0
180140,0
180207,0
180216,0
180219,0
180321,0
180380,0
180411,0
180488,0
180832,1
180922,0
180925,0
180977,0
181082,1
181139,0
181140,0
181184,0
181377,0
181423,0
181726,0
181728,0
181825,0
181830,0
181852,0
182058,0
182124,0
182130,0
182148,0
182159,0
182184,0
182205,0
182235,0
182272,0
182320,1
182459,0
182490,1
182519,0
182531,1
182534,0
182543,0
182587,1
182749,0
182782,0
182785,0
183020,0
183025,0
183052,0
183096,0
183129,0
183208,0
183224,0
183235,0
183305,0
183374,0
183388,0
183456,0
183523,0
183626,0
183692,0
183716,0
183748,1
183754,0
183755,0
183948,0
184009,0
184035,0
184045,0
184090,0
184151,0
184206,0
184306,0
184456,0
184466,0
184478,0
184496,0
184635,0
184678,1
184735,0
184754,0
184755,0
184895,0
184959,0
184976,0
185013,0
185101,0
185129,0
185153,0
185285,0
185496,0
185509,0
185561,0
185573,0
185774,0
185808,0
185830,0
185835,0
185857,0
185919,0
186015,0
186199,0
186246,0
186295,0
186539,0
186593,0
186668,0
186754,0
186810,0
186901,1
186942,0
187010,0
187025,0
187041,0
187077,0
187141,0
187175,0
187291,0
187318,0
187390,0
187435,0
187459,0
187710,0
187758,0
187838,0
187887,0
187902,0
188006,0
188033,0
188071,0
188120,0
188136,0
188147,0
188307,0
188318,0
188328,0
188340,0
188470,1
188542,0
188559,0
188655,0
188668,0
188828,0
188893,0
189139,0
189146,1
189158,0
189197,0
189294,0
189329,0
189611,0
189707,0
189775,0
189817,0
189822,0
189836,0
189914,0
190052,0
190149,1
190227,0
190236,0
190256,0
190405,1
190429,0
190465,0
190524,0
190529,0
190561,0
190570,1
190716,0
190720,0
190791,0
190827,0
191057,1
191065,0
191150,0
191508,0
191537,0
191558,0
191626,0
191638,0
191656,0
191814,0
191869,0
191917,0
192009,0
192013,0
192098,0
192115,0
192136,0
192141,0
192177,0
192250,0
192355,0
192405,0
192543,0
192554,0
192600,0
192651,0
192685,0
192691,0
192816,0
192898,0
192994,0
193020,0
193037,0
193147,0
193150,0
193212,0
193519,0
193564,0
193662,0
193665,0
193722,0
193747,0
193775,0
193781,0
193824,0
193827,0
193917,0
193928,0
193953,0
194009,0
194200,0
194254,0
194297,0
194394,1
194482,0
194493,0
194571,0
194640,0
194694,0
194709,0
194722,0
194737,0
194758,0
194786,0
194813,0
194855,0
194859,0
194886,0
194959,0
195137,0
195150,0
195368,0
195419,0
195594,0
195684,0
195806,0
195848,0
195895,0
195960,0
195977,0
195994,0
196016,0
196096,1
196202,0
196240,0
196367,0
196442,0
196467,0
196469,0
196514,0
196582,0
196583,0
196777,0
196779,0
196798,0
196845,0
196892,0
196905,0
196992,0
197067,0
197086,0
197096,0
197113,0
197138,0
197192,0
197320,0
197509,0
197514,0
197578,0
197608,0
197642,0
197890,0
197973,0
198010,0
198075,0
198123,0
198147,0
198167,0
198424,0
198499,0
198625,0
198645,0
198713,0
198813,0
198836,0
198900,0
198961,0
199021,1
199073,0
199342,0
199358,0
199374,0
199405,0
199478,0
199507,0
199509,0
199513,0
199603,0
199652,0
199809,0
199810,0
199959,0
200012,0
200065,0
200067,0
200077,0
200168,0
200309,0
200321,0
200326,0
200519,0
200552,0
200681,0
200708,0
200744,0
200802,0
200863,0
200877,0
200960,0
200991,0
201115,0
201220,0
201256,0
201273,0
201276,0
201292,0
201339,0
201343,0
201355,0
201365,0
201475,0
201561,0
201564,0
201683,0
201709,0
201816,0
201891,1
201898,1
202052,0
202055,0
202156,0
202182,0
202218,0
202248,0
202293,0
202299,0
202329,0
202358,0
202585,0
202696,0
202716,0
202784,0
202807,0
202831,0
202859,0
202864,0
203033,0
203084,0
203133,1
203143,1
203184,0
203293,0
203306,0
203409,0
203550,0
203577,0
203607,0
203625,0
203696,0
203698,0
203745,0
203772,0
203815,1
203864,0
203947,1
203950,0
203973,0
204000,0
204042,0
204111,1
204220,0
204237,1
204343,0
204375,0
204424,0
204484,0
204686,0
204693,0
204763,0
204926,1
204935,0
204994,0
205087,0
205111,0
205156,0
205170,0
205197,0
205256,0
205367,0
205371,0
205413,0
205430,0
205445,0
205505,0
205658,0
205671,0
205697,0
205698,0
205785,0
206108,0
206119,0
206207,0
206284,0
206328,0
206366,0
206466,0
206591,0
206680,0
206772,0
206773,0
206871,0
206890,0
206914,0
206925,0
206947,0
206992,0
207001,0
207110,0
207195,0
207220,0
207372,0
207453,0
207492,0
207500,0
207543,0
207576,0
207821,0
207860,1
207865,0
208234,0
208256,0
208323,0
208329,0
208368,0
208375,0
208485,0
208517,0
208553,0
208584,0
208586,0
208634,0
208649,0
208787,0
208940,0
208961,0
208967,0
209021,0
209022,0
209058,0
209102,0
209134,0
209172,0
209249,0
209357,0
209405,0
209675,0
209729,0
209787,0
209831,0
209886,0
209994,0
210205,0
210226,0
210236,0
210247,0
210291,0
210298,0
210339,0
210385,0
210416,0
210442,0
210498,0
210630,0
210647,0
210725,0
210734,0
210752,0
210755,0
210761,0
210770,0
210815,0
210835,0
210870,0
210910,0
211030,0
211043,0
211058,0
211083,0
211217,0
211475,0
211524,0
211549,0
211575,0
211589,0
211625,0
211714,0
211715,1
211802,0
211842,0
211891,0
211966,0
211984,0
212128,0
212130,0
212189,0
212209,0
212230,0
212301,1
212304,0
212350,0
212477,0
212484,0
212544,0
212602,0
212604,0
212707,0
212735,0
212762,0
212849,0
212862,0
212977,0
213013,0
213086,0
213112,0
213113,0
213177,0
213246,0
213297,0
213303,0
213432,0
213480,0
213723,0
213813,0
213841,0
213934,0
213979,0
214030,0
214095,0
214322,0
214354,0
214504,0
214605,0
214639,0
214661,0
214878,0
214995,0
215051,0
215089,0
215257,0
215260,0
215508,0
215567,0
215626,0
215639,0
215651,0
215719,0
215840,0
215869,0
215952,0
215955,0
216040,0
216095,0
216109,0
216139,0
216269,0
216467,0
216487,0
216517,0
216573,0
216596,0
216652,0
216658,0
216661,0
216683,0
216719,0
216725,0
216762,0
216946,0
217051,0
217054,0
217124,0
217204,0
217364,0
217401,1
217695,0
217754,0
217761,1
217772,0
217792,0
217802,0
217862,0
217967,1
218122,0
218127,1
218241,0
218277,0
218278,0
218311,0
218362,0
218383,0
218425,0
218529,0
218538,0
218545,0
218601,0
218757,0
218917,0
219043,0
219139,0
219270,1
219276,0
219413,0
219431,0
219555,0
219714,0
219747,0
219779,0
219984,0
220131,0
220244,0
220358,0
220538,0
220564,0
220616,0
220794,0
220802,0
220806,0
220808,0
220822,0
220892,0
221075,0
221204,0
221205,0
221254,1
221287,0
221328,0
221345,0
221388,0
221446,0
221469,0
221643,0
221721,0
221775,0
221813,0
221862,0
221993,0
222050,0
222065,0
222102,0
222278,0
222280,0
222453,0
222490,0
222743,0
222748,0
222874,0
222929,0
222960,0
223313,0
223354,0
223534,0
223587,0
223632,0
223946,0
223958,0
224000,0
224130,0
224298,0
224384,0
224402,0
224661,0
224664,0
224666,0
224691,0
224740,0
224854,0
224924,0
224952,0
225067,0
225077,0
225087,0
225088,0
225262,0
225279,0
225318,0
225327,0
225363,0
225482,0
225486,0
225576,0
225746,0
225891,0
225920,0
225930,0
225972,0
226191,0
226194,0
226360,0
226387,1
226422,0
226511,0
226643,0
226710,0
226842,0
226866,0
226924,0
227008,0
227015,0
227234,0
227239,0
227293,0
227429,0
227547,0
227796,0
227804,0
227808,0
227906,0
228030,0
228151,0
228273,0
228580,0
228673,0
228748,0
228820,0
228896,0
228984,0
228995,0
229094,0
229166,0
229210,0
229265,0
229436,0
229530,0
229612,0
229621,0
229677,0
229692,0
229842,0
230027,0
230070,1
230101,0
230240,0
230311,0
230337,0
230429,0
230560,0
230687,1
230693,0
230763,0
230840,0
230908,0
230942,0
231013,0
231047,0
231084,0
231090,0
231273,0
231462,0
231508,0
231530,0
231592,0
231614,0
231641,0
231755,0
231843,0
231992,0
232022,0
232137,0
232203,0
232290,0
232395,0
232450,0
232555,0
232579,0
232609,1
232685,0
232703,0
232755,0
232871,0
232907,1
232924,0
233017,0
233084,0
233437,1
233646,0
233738,0
233768,0
233819,0
233958,0
233969,0
233991,0
234047,0
234256,0
234435,0
234515,0
234562,0
234588,0
234630,0
234807,0
234836,1
234866,0
234878,0
234895,0
234922,0
234973,0
235063,0
235092,0
235102,0
235229,0
235391,0
235398,0
235428,0
235454,1
235459,0
235506,0
235585,0
235683,0
235709,0
235716,0
235857,0
235872,0
235882,0
235885,0
235930,0
236001,0
236003,0
236026,0
236093,0
236129,0
236165,0
236395,0
236593,0
236710,0
236767,0
236874,0
237018,0
237094,0
237105,0
237106,0
237274,0
237293,0
237303,0
237312,0
237319,0
237402,0
237434,0
237492,0
237586,1
237651,0
237729,0
237770,0
237858,0
237888,0
237984,0
238119,0
238156,0
238193,0
238233,0
238342,0
238367,0
238434,0
238442,0
238556,0
238607,0
238640,0
238647,0
238649,0
238752,0
238753,0
238796,0
238814,0
238939,1
239027,0
239182,0
239184,0
239276,0
239457,0
239476,0
239490,0
239525,0
239605,0
239606,0
239749,0
239892,0
239955,0
239956,0
239970,0
240044,0
240132,0
240135,0
240141,1
240143,0
240209,0
240330,0
240362,0
240442,0
240476,0
240760,0
240761,0
240829,0
240886,0
240942,0
240963,0
241038,0
241144,0
241167,0
241374,0
241391,0
241421,0
241436,0
241495,0
241600,0
241641,0
241675,0
241677,0
241714,0
241849,0
241967,0
242028,0
242288,0
242304,0
242348,0
242387,0
242779,0
242789,0
242812,0
242917,0
243005,0
243018,0
243061,0
243191,0
243294,0
243444,0
243455,0
243557,0
243642,0
243696,0
243713,0
243734,0
243741,0
243751,0
244032,0
244039,0
244099,0
244132,0
244245,0
244271,0
244296,0
244308,0
244367,0
244387,0
244398,0
244414,0
244419,0
244475,0
244538,0
244611,0
244652,0
244676,0
244762,0
244865,0
244925,0
245066,0
245289,0
245356,0
245419,0
245465,0
245575,0
245604,0
245800,0
245929,0
246059,0
246187,0
246273,0
246323,0
246405,0
246421,0
246517,0
246571,0
246591,0
246690,0
246722,0
246734,0
246737,0
246775,0
246800,0
246935,0
247050,0
247180,0
247220,0
247247,1
247391,1
247433,0
247471,0
247514,0
247551,0
247607,0
247645,0
247680,0
247692,1
247714,0
247721,0
248011,0
248138,0
248265,0
248356,0
248433,0
248461,0
248487,0
248593,0
248620,0
248885,0
248952,0
249019,0
249224,0
249270,0
249352,0
249408,0
249466,0
249555,0
249559,0
249693,0
249723,0
249795,0
249811,0
249813,0
249841,0
249982,0
250280,0
250311,0
250315,0
250363,0
250380,0
250422,0
250586,0
250619,0
250696,0
250711,0
250854,0
250921,0
251012,0
251023,0
251095,0
251195,0
251211,0
251223,0
251324,0
251432,0
251436,0
251641,0
251779,0
251874,0
251950,0
252082,0
252110,1
252136,0
252147,0
252271,0
252341,0
252419,0
252450,0
252476,0
252679,0
252782,0
252954,0
253046,0
253098,0
253210,0
253282,1
253283,1
253466,0
253528,0
253601,0
253609,0
253619,0
253635,0
253689,0
253825,0
253852,0
254097,0
254230,0
254361,0
254371,0
254372,0
254428,0
254546,0
254567,0
254575,0
254579,0
254667,0
254683,0
254745,0
254853,0
254860,0
254940,0
255032,1
255087,0
255108,0
255215,0
255267,0
255320,0
255333,0
255425,0
255475,0
255509,0
255546,0
255653,0
255718,0
255740,0
255836,0
255951,0
255994,0
256003,0
256013,0
256135,0
256147,0
256188,0
256198,0
256323,0
256360,0
256434,0
256483,0
256486,0
256502,0
256574,0
256731,0
256821,1
257236,0
257301,0
257391,0
257417,0
257440,0
257463,1
257506,0
257575,0
257579,0
257705,0
257862,0
257880,0
257981,0
257985,0
258067,0
258088,0
258102,0
258123,0
258166,0
258184,0
258202,0
258228,0
258238,0
258248,0
258296,1
258323,0
258408,0
258799,0
258849,0
258860,0
258951,0
259067,0
259110,0
259219,0
259252,0
259342,0
259446,0
259532,0
259634,1
259734,1
259789,0
259878,0
260000,0
260155,0
260245,0
260408,0
260452,0
260464,0
260513,0
260515,0
260622,0
260712,1
260714,0
260726,0
260838,0
260855,0
261044,0
261077,0
261109,0
261125,0
261187,0
261229,0
261273,0
261283,0
261331,0
261423,0
261426,1
261468,0
261573,0
261582,0
261715,0
261780,0
261787,0
261789,0
261832,0
261957,0
261964,0
262099,0
262176,0
262177,0
262211,0
262305,0
262336,0
262351,0
262366,0
262369,0
262374,0
262422,0
262467,0
262508,0
262526,0
262562,0
262586,0
262613,0
262683,0
262717,0
262770,0
262774,0
262810,0
263055,0
263068,0
263069,0
263080,0
263127,0
263237,0
263246,0
263260,0
263302,0
263339,0
263433,0
263569,0
263592,0
263612,1
263707,0
263762,0
263763,0
263766,0
263781,0
263812,0
263822,0
263866,1
263921,0
264018,0
264064,1
264095,0
264107,0
264145,0
264234,0
264236,0
264308,0
264331,0
264365,0
264409,0
264486,0
264491,0
264632,0
264690,0
264701,0
264723,0
264733,0
264741,0
264823,0
264936,0
265072,0
265226,0
265284,0
265317,0
265383,0
265557,0
265566,0
265575,0
265677,0
265836,0
265975,0
266148,0
266234,0
266284,0
266298,1
266365,0
266377,0
266429,1
266474,0
266479,0
266516,0
266536,0
266541,0
266604,0
266640,0
266757,0
266861,0
266953,0
266968,0
267020,0
267245,0
267291,0
267306,0
267352,0
267428,0
267474,0
267566,0
267717,0
267739,0
267930,1
267944,0
267951,0
268076,0
268094,0
268128,0
268129,0
268139,0
268145,0
268281,1
268293,0
268307,0
268414,0
268439,0
268500,0
268630,0
268789,0
268842,0
268932,0
268958,0
269070,0
269120,0
269154,0
269297,0
269565,0
269632,0
269694,0
269775,0
269960,0
270011,0
270022,1
270160,0
270248,0
270266,0
270304,0
270337,0
270389,0
270499,0
270570,0
270575,0
270723,0
270730,0
270759,0
270761,0
270862,0
270901,0
270909,0
270935,0
271043,0
271148,0
271235,0
271357,0
271365,0
271432,0
271463,0
271641,0
271660,0
271675,0
271680,0
271911,0
271929,0
272001,0
272097,0
272144,0
272148,0
272250,0
272476,0
272551,0
272568,0
272672,0
272787,0
272812,0
272839,0
272893,0
272944,0
273020,0
273052,0
273054,0
273070,0
273144,0
273177,0
273179,0
273198,0
273213,0
273357,0
273391,0
273414,0
273478,0
273552,0
273984,0
274083,0
274117,0
274141,0
274204,0
274211,0
274264,0
274354,0
274410,0
274428,0
274431,0
274473,0
274535,1
274698,1
274803,0
274817,0
274858,1
274879,0
274896,0
275049,0
275118,0
275209,0
275244,0
275287,0
275298,0
275306,0
275358,0
275386,0
275387,0
275413,0
275442,0
275446,0
275531,0
275637,0
275670,0
275694,0
275762,0
275849,0
275933,0
275949,0
276035,0
276037,0
276100,0
276152,0
276204,0
276255,0
276289,0
276494,0
276648,0
276650,0
276673,0
276746,0
276806,0
276937,0
276947,0
276967,1
276990,0
277025,1
277033,0
277091,0
277094,0
277139,0
277145,0
277188,0
277281,0
277285,0
277341,0
277356,1
277367,0
277375,0
277494,0
277565,0
277587,0
277594,0
277610,0
277649,0
277769,0
277783,0
277788,0
277855,0
277910,0
278164,0
278213,0
278307,0
278539,0
278676,0
278815,0
278822,0
278836,0
278854,0
278865,0
278898,0
278916,0
278932,0
278983,0
278987,0
279221,0
279231,0
279380,0
279408,0
279409,0
279419,0
279430,0
279468,0
279580,0
279634,1
279693,0
279777,0
279821,0
279919,0
279967,0
280087,0
280216,0
280292,0
280545,0
280574,0
280588,0
280603,0
280641,0
280659,0
280796,0
280822,0
280828,0
280864,0
280879,0
280895,0
281064,0
281075,0
281108,0
281118,0
281305,0
281328,0
281449,0
281550,0
281571,0
281585,0
281608,0
281737,0
281926,0
281979,0
282041,0
282140,0
282259,0
282542,0
282678,0
282723,0
282854,0
282872,0
282896,0
282930,0
283110,0
283122,0
283133,0
283290,0
283326,0
283338,0
283358,0
283437,0
283654,1
283709,0
283747,0
283770,0
283807,0
283822,0
283929,0
283980,0
283994,0
284203,0
284290,0
284362,0
284419,0
284442,0
284461,0
284610,0
284621,0
284782,0
284866,0
284889,0
284892,0
285122,0
285202,0
285220,0
285335,0
285411,0
285484,0
285485,0
285579,0
285631,0
285636,0
285909,0
285938,0
285942,0
285982,0
286065,0
286114,0
286225,0
286262,1
286370,0
286551,0
286611,0
286636,0
286641,0
286718,0
286883,0
286927,0
286942,0
286954,0
286975,0
286989,0
287023,0
287088,0
287097,0
287198,0
287254,0
287266,0
287414,0
287591,0
287593,0
287690,0
287750,0
287799,0
287927,0
287942,0
287979,0
288369,0
288384,0
288419,0
288451,1
288491,0
288500,0
288530,0
288636,0
288735,0
288776,0
289116,0
289133,0
289139,0
289151,0
289177,0
289294,0
289354,0
289472,0
289476,0
289516,0
289665,0
289732,0
289863,0
289921,0
289968,0
290024,0
290091,0
290184,1
290200,0
290249,0
290250,0
290356,0
290362,0
290395,0
290445,0
290465,0
290507,0
290554,0
290564,0
290599,0
290620,0
290638,0
290756,0
290902,0
290964,0
290994,0
291148,0
291336,0
291509,0
291510,0
291595,0
292021,0
292049,0
292061,0
292096,0
292164,0
292384,0
292497,0
292546,0
292617,0
292618,0
292843,0
292957,0
293100,1
293212,0
293222,0
293266,0
293496,0
293531,0
293676,0
293685,1
294005,0
294016,0
294027,0
294048,0
294071,0
294172,0
294273,0
294283,0
294334,0
294396,0
294580,0
294617,0
294634,0
294642,0
294728,0
294738,0
294753,0
294849,0
294865,0
295064,0
295078,0
295138,0
295147,0
295205,0
295217,0
295302,0
295327,0
295355,0
295387,0
295412,0
295423,0
295510,0
295533,0
295578,0
295884,0
295906,0
295929,0
296097,1
296104,1
296146,0
296217,0
296412,1
296566,1
296567,0
296579,0
296626,0
296689,0
296690,0
296736,0
296887,0
296915,0
296997,0
297101,0
297167,0
297172,0
297306,0
297327,0
297379,0
297382,0
297520,0
297568,0
297607,0
297621,0
297684,0
297869,0
298063,0
298181,0
298232,0
298280,0
298327,0
298343,0
298344,0
298506,0
298535,0
298539,0
298543,0
298601,0
298671,0
298681,0
298712,0
298795,0
298813,0
298817,0
298829,0
298853,0
298865,0
298869,0
298999,0
299034,0
299107,0
299113,0
299165,0
299204,0
299210,0
299278,0
299359,0
299366,1
299397,0
299412,0
299419,0
299454,0
299464,0
299501,0
299573,1
299585,0
299760,0
299769,0
299830,0
299919,0
300008,0
300023,0
300051,0
300371,0
300460,1
300465,0
300606,0
300623,1
300676,0
300733,0
300806,0
300818,0
300836,0
300845,0
300870,0
300960,0
300964,0
301094,0
301112,0
301152,0
301155,0
301301,0
301323,0
301563,0
301603,0
301744,0
301760,0
301784,0
301793,0
301794,0
302056,0
302057,0
302129,0
302134,0
302158,0
302186,0
302198,0
302258,0
302313,1
302414,0
302460,0
302467,0
302509,0
302628,0
302669,0
302804,0
302839,0
302874,0
302908,0
302921,0
302957,0
303207,0
303246,0
303573,0
303682,0
303934,0
304117,0
304131,0
304445,0
304600,0
304601,0
304620,1
304643,0
304726,0
304764,1
304770,0
304779,0
304824,0
304944,0
305100,0
305102,0
305150,0
305171,0
305243,0
305380,0
305412,0
305687,0
305807,0
305857,0
305910,0
306051,0
306068,0
306110,0
306231,0
306288,1
306331,0
306400,0
306402,0
306667,0
306676,0
306708,1
306869,0
306872,0
306880,0
306965,0
307047,1
307049,0
307166,0
307178,0
307233,0
307256,0
307296,0
307622,0
307623,0
307631,1
307740,0
307785,0
307848,0
307859,0
308144,0
308171,0
308176,0
308197,0
308202,0
308214,0
308255,0
308362,0
308379,0
308591,0
308629,1
308704,0
308798,0
308891,0
308991,0
309041,0
309108,0
309110,0
309230,0
309277,0
309304,0
309352,0
309364,0
309408,0
309456,0
309584,0
309602,0
309727,0
309861,0
309921,0
309933,0
310252,0
310396,0
310534,0
310700,0
310853,0
310911,0
310965,0
310983,0
311346,0
311363,0
311556,0
311619,0
311636,0
311684,0
311692,0
311762,0
311795,1
311841,0
311907,0
311943,0
311952,1
312048,0
312074,0
312148,0
312180,0
312226,0
312248,0
312312,0
312455,0
312474,0
312490,0
312530,0
312545,0
312568,0
312607,0
312630,0
312774,0
312863,0
312867,0
312933,0
312979,0
313185,0
313254,0
313292,0
313424,0
313437,0
313461,0
313473,0
313477,0
313538,0
313544,1
313602,0
313681,0
313688,0
313708,0
313732,0
313763,0
313815,0
313837,0
313860,0
313982,0
314014,0
314065,0
314081,0
314108,0
314147,0
314202,0
314250,0
314258,0
314317,0
314328,0
314372,0
314413,0
314589,0
314713,0
314718,0
314742,0
314842,0
314898,0
314935,0
314941,0
315014,0
315054,1
315113,0
315225,0
315235,0
315361,0
315482,0
315527,0
315736,0
315848,0
315851,0
315869,0
316082,0
316290,0
316307,0
316308,0
316323,1
316527,0
316633,0
316644,0
316666,0
316752,0
316793,0
316933,0
316982,0
317060,0
317094,0
317100,0
317137,0
317205,0
317260,0
317624,0
317664,0
317683,0
317726,0
317774,0
317776,0
317827,0
317888,0
317919,0
318180,0
318199,0
318264,0
318285,0
318561,0
318564,0
318595,0
318654,0
318751,0
318753,0
318755,0
318786,0
318902,0
318945,0
319012,0
319052,0
319059,0
319123,0
319304,0
319378,0
319387,0
319430,0
319433,0
319469,0
319501,0
319504,0
319658,0
319664,0
319671,0
319742,0
319768,0
319822,0
319850,0
319868,0
319947,0
320004,0
320031,0
320042,0
320180,0
320183,0
320191,0
320414,0
320576,0
320685,0
320772,0
320784,0
320980,0
320996,0
321012,0
321027,0
321074,0
321213,0
321227,0
321388,0
321436,0
321457,0
321666,0
321734,0
321748,0
321762,0
321795,0
321954,0
322000,0
322169,0
322193,0
322451,0
322501,0
322606,0
322733,0
323043,0
323068,0
323154,0
323249,0
323311,0
323345,0
323424,0
323448,0
323542,0
323660,0
323720,0
323735,0
323821,0
324013,1
324048,0
324139,0
324143,0
324242,0
324248,0
324295,0
324364,0
324404,0
324506,0
324557,0
324662,0
324707,0
324739,0
324773,0
324801,0
324881,0
324997,0
325082,0
325134,0
325190,0
325268,0
325367,0
325379,0
325382,0
325490,0
325498,0
325593,0
325599,0
325661,0
325778,0
325802,0
325830,0
325935,0
326001,0
326069,0
326234,0
326240,1
326267,0
326272,0
326280,0
326418,0
326564,0
326603,0
326699,0
326707,0
326724,0
326803,0
326823,0
326905,0
326961,0
326988,0
327015,0
327098,0
327163,0
327203,0
327285,0
327320,0
327470,0
327474,0
327530,0
327653,0
327688,0
327796,0
327866,0
327903,0
327910,0
327972,0
328111,0
328116,0
328173,1
328180,0
328181,0
328188,0
328198,0
328213,0
328303,0
328323,0
328446,0
328543,0
328576,0
328623,0
328668,0
328754,0
328936,0
329039,0
329056,0
329088,1
329094,0
329162,0
329214,0
329215,0
329300,0
329302,0
329355,0
329358,0
329364,0
329587,0
329660,0
329692,0
329720,0
329730,0
329735,0
329736,0
329826,0
329839,0
330040,0
330053,0
330131,0
330249,0
330278,0
330316,0
330343,0
330365,0
330433,0
330464,0
330468,0
330515,0
330562,0
330680,0
330694,0
330741,0
330779,0
330783,1
330858,0
330870,0
330988,0
331078,0
331094,0
331184,0
331258,0
331301,0
331325,0
331353,0
331560,0
331598,0
331669,1
331697,0
331698,0
331699,0
331706,0
331857,0
331995,1
332027,0
332077,0
332082,0
332175,0
332208,0
332225,0
332276,0
332289,0
332387,0
332409,0
332430,0
332466,0
332711,0
332716,0
332780,0
332823,0
332869,0
332962,0
332983,0
333039,0
333064,0
333207,0
333213,0
333295,0
333451,0
333502,0
333595,0
333621,0
333680,0
333694,0
333773,0
333799,0
333825,0
334003,0
334143,0
334224,0
334273,1
334324,0
334329,0
334437,0
334454,0
334575,0
334997,0
335137,0
335143,0
335162,0
335246,0
335306,0
335324,0
335365,0
335371,0
335421,0
335545,0
335554,0
335671,0
335755,0
335839,0
335852,0
335964,0
336025,1
336037,0
336127,0
336138,0
336139,0
336141,0
336143,0
336247,0
336271,0
336281,0
336341,0
336357,0
336469,0
336484,0
336539,0
336541,0
336665,0
336722,0
336724,0
336809,0
336817,0
336882,0
336902,0
337066,0
337148,0
337235,0
337260,0
337453,0
337488,0
337815,0
337818,0
337842,0
337857,0
337925,0
337932,0
337945,0
337980,0
337983,0
338059,0
338212,0
338285,0
338346,0
338786,0
338808,0
338838,0
338872,0
339005,0
339151,0
339220,0
339371,0
339573,0
339819,0
339845,0
339880,0
339927,0
339941,0
340277,0
340307,0
340467,0
340479,0
340574,0
340583,0
340638,0
340691,0
340782,0
340802,0
340874,0
340924,0
340925,0
340927,0
340931,0
341169,0
341185,0
341302,0
341549,0
341594,0
341725,0
341728,0
341867,0
341907,1
341942,0
342007,0
342044,0
342156,0
342407,0
342483,0
342527,0
342554,0
342570,0
342583,0
342679,0
342725,0
342836,0
342929,0
342958,0
342980,0
343001,0
343011,0
343051,0
343103,0
343139,0
343218,0
343377,0
343383,0
343547,0
343605,0
343706,0
343879,0
343994,0
344009,0
344052,0
344121,0
344180,0
344199,0
344232,0
344260,0
344372,0
344413,0
344464,0
344483,0
344570,0
344580,0
344627,0
344671,0
344797,0
344990,0
344998,0
345099,0
345238,0
345244,0
345518,0
345572,0
345597,0
345608,0
345615,0
345657,0
345682,0
345765,0
345802,0
345840,0
345841,0
345908,0
345931,0
345978,0
346090,0
346103,0
346163,0
346205,0
346225,0
346274,0
346295,0
346346,0
346384,0
346390,0
346456,0
346529,0
346560,1
346598,0
346633,0
346678,0
346704,0
346809,0
346828,0
346925,0
347001,0
347013,0
347142,0
347227,0
347231,0
347423,0
347431,0
347466,0
347515,0
347629,0
347634,0
347850,0
347861,0
347914,0
347932,0
347955,0
347982,0
348047,0
348056,0
348065,0
348085,0
348143,0
348202,0
348215,0
348238,1
348245,0
348400,0
348448,0
348463,0
348471,0
348475,0
348600,0
348672,0
348681,0
348723,0
348732,0
348740,0
348751,0
348774,0
348835,0
348920,0
348994,0
349001,0
349046,0
349115,0
349132,0
349153,0
349220,0
349278,0
349342,0
349470,0
349490,0
349539,0
349577,0
349638,0
349670,0
349730,0
349767,0
349838,0
350001,0
350059,1
350238,0
350271,0
350587,0
350631,0
350675,0
350692,0
350863,0
350901,0
350979,0
351029,0
351138,0
351145,0
351238,0
351296,0
351367,0
351389,0
351461,0
351500,0
351551,0
351615,0
351753,0
351889,0
351897,0
351937,0
351966,0
352005,0
352026,1
352053,0
352068,0
352078,0
352092,0
352101,0
352170,0
352242,0
352280,0
352306,0
352337,0
352377,0
352424,0
352490,0
352501,0
352581,1
352582,0
352617,0
352653,0
352702,0
352747,0
352809,0
352834,0
352916,0
353032,0
353096,0
353128,0
353396,0
353455,0
353486,0
353648,1
353786,0
354002,0
354084,0
354150,0
354295,0
354442,0
354461,0
354464,0
354477,0
354483,0
354547,0
354730,1
355039,0
355102,0
355126,0
355184,0
355298,1
355331,0
355491,0
355515,0
355578,0
355669,0
355707,0
355750,0
355775,0
355795,0
355906,0
355908,0
355994,0
355995,0
356237,0
356240,0
356460,0
356507,0
356558,0
356561,0
356578,0
356613,0
356618,0
356708,0
356712,0
356812,0
356828,0
356955,0
356980,0
357059,0
357138,0
357149,0
357161,0
357173,0
357199,0
357298,0
357375,0
357381,0
357466,0
357567,1
357574,0
357589,0
357901,0
357971,0
357988,0
358012,0
358020,0
358054,1
358151,0
358201,0
358384,0
358513,0
358792,0
358794,0
358900,0
358968,0
358979,0
359011,0
359029,0
359091,0
359133,0
359188,1
359275,0
359360,0
359446,0
359466,0
359575,0
359693,0
359816,0
360017,0
360031,0
360240,0
360256,0
360435,0
360446,0
360472,0
360537,0
360730,0
360805,0
360902,0
360942,0
361109,0
361237,0
361266,0
361434,0
361439,0
361707,0
361816,0
361827,0
361892,0
361944,1
362055,0
362165,0
362167,0
362201,0
362293,0
362471,0
362541,0
362586,0
362642,0
362680,0
362736,0
362742,0
362841,0
362855,0
362925,0
363199,0
363314,0
363743,0
363774,0
363864,0
363925,0
363967,0
364049,0
364067,0
364137,0
364153,0
364264,0
364356,0
364710,0
364895,0
364908,0
364931,0
365138,0
365166,0
365346,0
365404,0
365413,0
365421,0
365451,0
365468,0
365515,0
365557,0
365596,0
365619,0
365635,0
365642,0
365761,0
365816,0
365863,0
365887,0
366049,0
366116,0
366133,0
366161,0
366263,0
366467,0
366487,0
366500,0
366537,0
366540,0
366599,0
366654,0
366719,0
366744,0
366894,0
366911,0
366932,0
366977,0
367338,0
367492,0
367511,0
367547,0
367562,0
367680,0
367697,0
367751,0
367774,0
367782,0
367961,0
368027,0
368045,0
368062,1
368073,0
368118,0
368330,0
368391,0
368523,0
368549,0
368566,0
368591,0
368772,0
368981,0
369000,0
369035,0
369084,0
369091,0
369121,0
369141,0
369229,0
369242,0
369361,0
369392,0
369416,0
369458,0
369569,0
369603,0
369646,0
369658,0
369682,0
369715,0
369739,0
369795,0
369841,0
369853,0
369943,0
370014,0
370066,0
370090,0
370093,0
370300,0
370443,0
370450,0
370486,0
370517,0
370539,0
370660,0
370744,0
370842,0
370877,0
370990,0
371065,0
371079,0
371152,0
371159,0
371164,0
371191,0
371368,0
371402,0
371422,0
371511,0
371532,0
371580,0
371606,0
371672,0
371675,0
371737,0
371739,0
371875,0
371969,0
372069,0
372111,0
372183,0
372237,0
372261,0
372290,0
372353,0
372522,1
372622,0
372647,0
372652,0
372737,0
372824,0
372865,1
373044,0
373144,0
373242,0
373374,0
373501,0
373737,1
373771,0
373886,0
373898,0
373950,0
374107,0
374117,0
374266,0
374275,0
374344,0
374345,0
374401,0
374440,0
374585,0
374639,0
374679,0
374721,0
374736,0
374850,0
374881,0
374931,0
374941,0
374967,0
374984,0
375056,0
375105,0
375265,0
375297,0
375430,0
375451,0
375511,0
375540,0
375597,0
375683,0
375694,0
375722,0
375757,0
375768,0
375792,0
375814,0
375890,0
375909,0
375987,0
376072,0
376144,0
376299,0
376424,0
376484,0
376572,0
376618,0
376630,1
376725,0
376862,0
376863,0
376929,1
376969,0
377029,0
377050,0
377114,0
377173,0
377247,0
377288,0
377289,0
377302,1
377322,0
377375,0
377444,1
377464,0
377471,0
377489,1
377674,0
377724,0
377742,0
377968,0
378014,0
378153,0
378181,0
378267,0
378454,0
378793,0
378827,0
378857,0
378920,0
378968,0
379110,0
379117,1
379120,0
379238,0
379281,0
379351,0
379384,0
379414,0
379446,0
379506,0
379562,0
379572,0
379629,0
379716,0
379752,0
379836,0
379962,0
380001,0
380031,0
380059,0
380099,0
380110,0
380183,0
380247,0
380255,0
380262,0
380294,0
380526,0
380627,0
380788,1
380795,0
380843,0
380928,0
381189,0
381234,0
381307,0
381316,0
381395,0
381459,0
381472,0
381496,0
381651,0
381748,0
381901,0
382149,0
382197,1
382243,0
382252,0
382271,0
382464,0
382671,0
382738,0
382739,0
382748,0
382889,0
382953,0
382980,0
383108,0
383147,0
383190,0
383202,0
383367,0
383399,1
383421,0
383627,0
383656,0
383701,0
383787,0
383808,0
383826,0
383842,0
383891,0
383898,0
383912,0
383954,1
383962,0
383969,0
384010,0
384090,0
384146,0
384269,0
384286,0
384328,0
384336,0
384412,0
384543,0
384599,0
384686,0
384744,0
384750,0
384825,0
384920,0
384928,0
384986,0
385092,0
385131,0
385190,0
385235,0
385358,0
385593,0
385638,1
385718,0
385864,0
385912,0
386037,0
386342,0
386363,0
386607,0
386649,0
386790,0
386825,0
386926,0
386979,0
386986,0
387121,0
387129,0
387214,0
387307,0
387455,0
387506,0
387523,0
387553,0
387568,0
387570,0
387584,0
387648,0
387650,0
387695,0
387705,0
387721,0
387880,0
387971,0
388046,0
388140,0
388156,0
388292,0
388448,0
388478,0
388624,0
388639,0
388777,0
388985,0
389146,0
389225,0
389387,0
389429,0
389488,0
389551,0
389565,0
389583,0
389706,0
389741,0
389804,0
389812,0
389928,0
389995,0
389996,1
390022,0
390117,0
390190,0
390203,0
390209,0
390343,0
390350,0
390434,0
390435,0
390546,0
390880,0
390911,0
390924,1
390974,0
390980,1
391034,0
391106,0
391313,0
391357,1
391397,0
391402,0
391509,0
391542,0
391564,0
391611,0
391673,0
391761,0
391861,0
391900,0
391927,0
391939,0
392098,0
392206,0
392235,0
392335,0
392402,0
392430,0
392575,0
392582,0
392619,0
392682,1
392774,0
392785,0
392802,0
392953,0
393206,0
393309,0
393380,0
393403,0
393565,0
393604,0
393806,0
393853,0
393888,0
394078,0
394167,0
394213,1
394248,0
394321,0
394454,0
394715,0
394806,0
394812,0
394927,0
394941,0
394979,0
395026,0
395121,0
395168,0
395324,0
395384,0
395460,0
395511,0
395525,0
395622,0
395639,0
395871,0
395887,0
395912,0
396018,0
396155,0
396267,0
396446,0
396471,0
396726,0
396863,0
396920,0
396984,0
396996,0
396997,0
396998,0
397053,0
397065,0
397104,0
397141,0
397242,1
397248,0
397377,0
397480,0
397518,0
397533,0
397706,0
397787,0
397817,0
397820,0
397934,0
397947,0
398086,0
398305,0
398351,0
398506,0
398586,0
398603,0
398611,0
398655,0
398819,0
398839,0
398846,0
398924,0
398965,0
399065,0
399214,0
399251,0
399372,0
399379,0
399397,0
399417,0
399418,0
399514,1
399555,0
399575,0
399666,0
399670,0
399678,0
399704,0
399943,0
399973,0
399982,0
400030,0
400079,0
400224,0
400265,0
400272,0
400313,0
400392,0
400404,1
400470,0
400478,1
400486,0
400600,0
400702,0
400802,0
400958,0
400979,0
400985,0
401007,0
401036,0
401055,0
401060,0
401062,0
401101,0
401336,0
401422,0
401424,1
401454,0
401645,0
401710,0
401722,0
401760,0
401766,0
401769,0
401824,0
401834,0
401857,0
401858,1
401859,0
401956,1
402034,0
402052,0
402082,0
402251,0
402332,0
402390,1
402638,0
402697,0
402706,0
402964,0
402966,0
403118,0
403185,0
403282,0
403361,0
403473,0
403500,0
403507,0
403675,0
403856,0
403893,0
404011,0
404106,0
404233,0
404314,0
404339,0
404417,0
404426,0
404431,0
404434,0
404475,0
404720,0
404742,0
404846,0
404920,0
405201,0
405318,0
405339,0
405351,0
405418,0
405442,0
405500,0
405597,0
405602,0
405698,0
405699,0
405739,1
405768,1
405804,0
405928,0
406047,0
406176,0
406252,0
406254,0
406287,1
406294,0
406369,0
406373,0
406411,0
406564,0
406574,0
406810,0
407032,0
407119,0
407173,0
407238,0
407305,0
407340,0
407377,0
407411,0
407433,0
407468,0
407768,0
407798,0
407933,0
407945,0
407999,0
408047,0
408259,0
408309,0
408493,0
408500,0
408561,0
408651,0
408838,0
408863,0
408886,0
408990,0
409051,0
409102,0
409156,0
409454,0
409512,0
409603,0
409684,0
409741,0
409798,0
409908,0
409914,0
409951,0
409984,0
410202,0
410209,0
410218,0
410341,0
410343,1
410347,0
410384,0
410460,1
410544,0
410552,0
410558,0
410702,0
410790,0
410921,0
410938,0
410963,0
410982,0
411094,0
411116,0
411204,0
411296,0
411298,0
411420,0
411523,0
411533,0
411583,0
411586,0
411686,0
411690,0
411744,0
411876,0
411897,0
412024,0
412133,0
412186,0
412203,0
412284,0
412394,0
412402,0
412429,0
412487,0
412743,0
412793,0
412803,0
412817,0
412854,0
412880,0
412902,0
412944,0
412995,0
413050,0
413052,0
413088,0
413101,0
413115,0
413185,0
413243,0
413266,0
413282,0
413330,1
413345,0
413347,0
413426,0
413445,1
413459,0
413620,0
413659,0
413741,0
413798,0
413815,0
413853,0
413994,0
414033,0
414157,0
414164,0
414207,0
414211,0
414239,0
414305,0
414318,0
414433,0
414584,0
414727,0
414741,0
414757,0
415067,0
415077,0
415088,0
415090,0
415148,0
415201,0
415327,0
415332,0
415341,0
415372,0
415381,0
415402,0
415862,0
415896,0
415915,0
415916,0
416091,0
416124,0
416127,0
416216,0
416575,0
416768,0
416783,0
416940,1
416973,0
417082,0
417118,0
417240,0
417274,0
417507,0
417564,0
417584,0
417825,0
417838,0
417886,0
417904,0
417929,0
418090,0
418166,0
418281,0
418327,0
418470,0
418636,0
418718,0
418753,0
418779,0
418793,0
418910,0
418930,0
418938,0
418958,0
418990,0
419182,0
419237,1
419275,0
419377,0
419493,0
419522,0
419540,0
419570,0
419626,0
419648,0
419748,0
419749,0
419758,0
419776,0
419818,0
419893,0
419953,0
419973,0
420008,0
420010,0
420202,0
420204,0
420222,0
420339,0
420394,0
420434,0
420439,0
420457,0
420481,0
420488,0
420490,0
420508,0
420515,0
420590,0
420627,0
420738,0
420786,0
420890,0
421001,0
421191,0
421458,0
421497,0
421580,0
421691,0
421744,0
421748,0
421923,0
421930,0
422121,0
422152,0
422204,0
422276,0
422320,0
422349,0
422358,0
422398,0
422496,0
422750,0
422787,0
422803,0
422805,0
422989,1
423035,0
423096,0
423119,1
423153,0
423201,0
423228,0
423254,0
423272,0
423324,0
423336,0
423409,0
423432,0
423473,0
423598,0
423609,0
423686,0
423821,0
423941,0
423978,0
424012,0
424098,0
424100,0
424126,0
424139,0
424208,0
424216,0
424270,0
424337,0
424403,0
424526,0
424540,0
424688,0
424793,0
424812,0
424837,0
424917,0
424983,0
425294,0
425411,0
425436,0
425445,0
425472,0
425567,0
425687,0
425717,1
425720,0
425779,1
425854,1
425940,0
426027,0
426124,0
426185,0
426223,0
426302,0
426317,0
426351,0
426384,0
426414,0
426429,0
426439,0
426530,0
426533,0
426536,0
426698,0
426720,0
426791,0
426958,0
426981,0
426990,0
426994,0
427036,0
427140,0
427163,0
427177,0
427329,0
427354,0
427358,0
427388,1
427444,0
427733,0
427919,0
427976,0
427980,0
428020,0
428129,0
428130,0
428152,0
428162,0
428249,0
428305,0
428345,0
428376,0
428402,0
428520,0
428523,0
428536,0
428565,0
428604,0
428649,0
428710,0
428757,0
428765,0
428778,0
428826,0
428843,0
428853,0
428903,0
428919,0
428922,0
429054,0
429238,0
429244,0
429292,0
429308,0
429354,0
429460,1
429471,0
429557,0
429692,1
429829,0
429849,0
429894,0
429921,0
429933,0
430048,0
430059,0
430097,0
430107,0
430197,0
430228,0
430265,0
430323,0
430398,0
430413,0
430475,0
430500,0
430503,0
430555,0
430569,0
430618,0
430712,0
430813,0
430817,0
430880,0
431020,0
431021,0
431034,0
431201,0
431277,0
431521,0
431533,0
431586,0
431640,0
431829,0
431899,0
432031,0
432059,0
432145,0
432200,0
432215,0
432255,0
432298,0
432302,0
432366,0
432370,0
432451,0
432493,0
432564,1
432592,0
432598,0
432655,0
432716,0
432718,0
432843,0
432920,0
432938,0
432961,0
433017,0
433172,0
433300,1
433353,0
433496,0
433510,0
433678,0
433752,0
433812,0
433815,0
433857,0
433946,0
434081,0
434098,0
434113,0
434136,0
434215,0
434385,0
434470,0
434477,0
434489,0
434568,0
434621,0
434657,1
434658,0
434679,0
434693,0
434751,0
434760,0
434802,0
434807,0
434888,0
434922,0
435049,0
435097,0
435129,0
435156,0
435223,0
435249,0
435378,0
435557,0
435613,0
435657,0
435789,0
436010,0
436041,1
436081,0
436087,0
436226,0
436235,0
436247,0
436266,0
436419,0
436475,0
436569,0
436705,1
436719,0
436805,0
436827,0
436874,0
436901,0
436969,0
436971,0
436975,0
437022,0
437074,0
437086,0
437158,0
437197,0
437251,1
437269,1
437288,0
437357,0
437407,0
437440,0
437545,0
437598,0
437737,0
437810,0
438023,0
438199,0
438263,0
438299,0
438383,0
438525,1
438526,0
438641,0
438707,0
438746,0
438822,0
438869,0
438875,0
438936,0
439013,0
439092,0
439251,0
439296,0
439350,0
439361,0
439566,0
439572,0
439574,0
439675,0
439696,0
439819,0
439900,0
440112,0
440198,0
440209,0
440213,0
440320,0
440511,0
440595,0
440618,0
440642,0
440785,0
440885,0
440928,0
440939,0
440967,0
441113,0
441128,0
441135,0
441155,0
441304,0
441313,0
441340,0
441345,0
441356,0
441359,0
441389,0
441419,1
441423,0
441439,0
441440,0
441442,0
441509,0
441623,0
441631,0
441670,1
441724,0
441741,0
441782,0
441964,0
442014,0
442018,0
442103,0
442192,0
442249,0
442251,0
442252,0
442282,0
442304,0
442306,0
442418,0
442458,0
442479,0
442525,0
442609,0
442792,0
442831,1
442838,0
442868,0
442879,0
442956,0
442980,0
443130,0
443198,0
443199,0
443231,0
443232,0
443243,0
443595,0
443865,0
443896,0
443967,0
443985,0
444022,0
444060,0
444085,0
444092,0
444154,0
444237,0
444259,0
444300,0
444365,0
444366,0
444371,0
444524,0
444646,0
444652,0
444684,0
444686,0
444748,0
444778,0
444786,0
444894,0
444931,0
444997,0
445024,0
445073,0
445137,0
445145,1
445169,0
445176,0
445177,0
445251,0
445338,0
445370,0
445432,0
445451,0
445496,0
445549,0
445632,0
445673,0
445675,0
445704,0
445746,0
445839,0
445867,0
445879,0
446171,0
446302,0
446315,1
446352,0
446403,0
446712,0
446886,1
446988,0
446991,0
447092,0
447387,0
447401,0
447439,1
447470,0
447544,0
447647,0
447675,0
447771,0
447796,0
447804,1
447925,0
447943,0
447962,0
448136,0
448142,0
448147,0
448273,0
448354,0
448577,0
448654,0
448774,0
448812,0
448823,1
448896,0
448912,0
449046,0
449084,0
449223,0
449417,0
449441,0
449530,0
449555,0
449654,0
449843,0
449858,0
450150,0
450205,0
450323,0
450621,0
450665,0
450698,0
450735,0
450865,0
450888,0
450896,0
450995,0
451183,1
451226,0
451240,0
451391,0
451425,0
451446,0
451469,0
451528,0
451711,0
451740,0
451819,0
451886,0
452208,0
452279,1
452282,0
452342,0
452417,0
452439,0
452459,1
452464,0
452530,0
452684,1
452725,0
452873,0
452976,0
452985,1
452994,0
453032,0
453034,0
453133,0
453135,0
453136,0
453349,0
453408,0
453448,0
453466,0
453654,0
453719,0
453887,0
453971,0
453972,0
454022,0
454041,0
454073,0
454145,0
454327,0
454440,0
454471,0
454514,0
454543,0
454628,0
454630,0
454632,0
454663,0
454668,0
454690,0
454718,0
454720,0
454750,0
454880,0
454985,0
455023,0
455068,0
455234,1
455319,0
455474,0
455594,0
455606,0
455651,0
455758,1
455866,0
455892,0
455896,0
455937,0
455941,0
456095,0
456117,0
456128,0
456140,0
456167,0
456177,0
456259,0
456294,0
456360,0
456367,0
456432,0
456433,0
456436,0
456554,0
456613,0
456632,0
456716,0
456785,0
456822,0
456839,0
456887,0
456958,0
457077,0
457456,0
457489,0
457525,0
457535,0
457536,0
457716,0
457797,0
458041,0
458072,0
458074,0
458199,0
458202,0
458320,0
458614,0
458697,0
458939,0
458963,0
458984,0
459017,0
459099,0
459128,0
459163,0
459164,0
459223,0
459345,0
459404,0
459517,0
459563,0
459636,0
459683,0
459735,0
459737,0
459801,0
459835,1
459936,0
459948,0
459971,0
459991,0
459999,0
460025,0
460037,0
460043,0
460058,0
460091,0
460110,0
460207,0
460272,0
460291,0
460349,0
460629,0
460673,1
460894,0
460929,0
460934,0
460938,0
461012,0
461199,0
461353,0
461354,0
461540,0
461559,0
461859,0
461937,0
461974,0
462036,0
462077,0
462128,0
462174,0
462247,0
462279,0
462337,0
462355,0
462366,1
462459,0
462495,0
462595,0
462616,0
462638,0
462663,0
462701,0
462803,0
462815,0
462833,0
462974,0
462993,0
463146,1
463230,0
463263,0
463298,0
463361,0
463490,0
463606,0
463751,0
463833,1
463854,0
463882,0
463890,0
463926,0
463971,0
464044,0
464105,0
464137,0
464166,0
464187,0
464220,0
464248,0
464256,0
464385,0
464394,0
464447,0
464606,0
464639,1
464720,0
464771,1
464799,0
464828,1
464959,0
464962,0
464970,0
465095,0
465170,0
465197,0
465241,0
465260,0
465347,0
465412,0
465421,0
465424,0
465530,0
465540,0
465570,0
465603,0
465692,0
465729,0
465741,0
465746,0
465842,0
465891,0
465931,0
465962,0
465980,0
465990,0
466147,0
466645,0
466754,0
466781,0
466795,0
466813,1
466862,0
466865,0
466953,0
466998,0
467046,0
467143,0
467151,0
467175,0
467182,0
467222,0
467249,1
467359,0
467361,0
467382,0
467401,0
467455,1
467510,1
467607,0
467631,0
467848,0
467926,0
467945,0
468067,0
468138,0
468192,0
468220,0
468310,0
468516,0
468945,0
468970,0
469075,0
469230,0
469238,0
469404,0
469616,0
469660,0
469684,0
469718,0
469781,0
469977,0
470022,0
470076,0
470123,0
470245,0
470272,0
470323,0
470334,1
470373,1
470381,0
470469,0
470480,0
470591,0
470671,0
470738,0
470989,0
471000,0
471015,0
471098,0
471170,0
471188,0
471204,0
471440,0
471460,0
471523,0
471583,0
471662,0
471858,0
472009,0
472225,0
472314,0
472325,0
472356,0
472373,0
472405,0
472445,1
472488,1
472521,0
472532,0
472540,0
472589,1
472674,0
472692,0
472695,0
472719,0
472787,0
472824,0
472879,0
472933,0
472942,0
472964,0
473093,0
473144,0
473194,0
473204,0
473259,0
473409,0
473410,0
473548,0
473563,0
473564,1
473622,0
473636,0
473674,0
473758,0
473772,0
473775,0
473786,0
474174,1
474305,0
474333,0
474342,0
474458,0
474752,0
474779,0
474846,0
474894,0
474905,0
474921,0
474945,0
475034,0
475123,0
475132,0
475172,0
475175,0
475233,0
475395,1
475500,0
475532,0
475535,0
475550,0
475634,0
475690,0
475713,0
475930,1
475950,0
475974,0
475991,0
476068,0
476258,0
476288,0
476327,0
476431,0
476477,0
476497,0
476539,0
476571,0
476648,0
476652,0
476875,0
477157,0
477219,0
477295,0
477362,0
477468,0
477517,0
477598,0
477676,0
477739,0
477787,0
477869,0
477993,0
478050,0
478107,0
478108,0
478127,0
478142,0
478247,0
478278,0
478315,0
478373,0
478431,0
478666,0
478700,0
478770,0
478785,0
478792,0
478890,0
478912,0
478986,0
479015,0
479198,0
479278,0
479445,0
479509,0
479593,0
479724,0
479766,0
479815,0
479872,0
479950,0
479960,0
480158,0
480200,0
480203,0
480239,0
480259,0
480275,0
480435,1
480502,0
480732,0
480760,0
480846,0
480864,0
480872,0
480909,0
480934,0
480957,0
481018,0
481028,0
481048,0
481076,0
481105,0
481191,0
481293,0
481457,0
481660,0
481851,0
481857,0
481860,0
481893,0
481902,1
481931,0
481955,0
481987,1
482169,0
482218,0
482256,0
482345,0
482351,0
482402,0
482525,0
482528,0
482551,0
482561,0
482681,0
482711,0
482882,0
482922,0
482940,0
483125,0
483154,0
483198,0
483436,0
483623,0
483627,0
483631,1
483747,1
483768,0
483863,0
483899,0
484194,0
484243,0
484317,0
484422,0
484446,0
484495,0
484504,0
484543,1
484592,0
484625,0
484718,0
484733,0
484774,0
484811,0
484853,0
484894,0
485040,0
485062,0
485196,0
485258,1
485280,0
485281,1
485282,0
485283,0
485330,0
485383,0
485397,0
485557,0
485674,0
485742,0
485745,0
485787,0
485795,0
485845,0
485933,0
486048,0
486075,0
486112,0
486117,0
486139,0
486197,0
486200,0
486226,0
486359,0
486600,0
486708,1
486776,0
486831,0
486860,0
486890,0
486897,0
486909,0
486933,0
486955,0
486956,0
487070,0
487195,0
487212,0
487228,0
487359,0
487486,0
487605,0
487726,0
487727,0
487777,0
487799,0
487807,0
487901,0
487930,0
488009,0
488044,0
488071,0
488130,0
488188,0
488268,0
488303,0
488535,0
488549,0
488647,0
488675,0
488679,0
488799,0
488811,0
488853,0
488872,0
488884,0
489108,0
489115,0
489221,0
489244,0
489279,0
489301,0
489335,0
489371,0
489391,0
489523,0
489534,0
489549,0
489609,1
489628,0
489781,0
489842,0
489856,0
489956,0
489985,0
490053,0
490250,0
490439,1
490479,0
490487,0
490553,0
490562,0
490563,0
490774,0
490806,0
490824,0
490840,0
490860,0
490932,0
490984,0
491005,0
491122,0
491242,0
491244,0
491253,0
491310,0
491351,0
491369,0
491391,0
491404,0
491481,0
491513,0
491690,0
491773,0
491907,0
491948,0
491986,0
491987,0
492036,1
492090,0
492158,0
492159,0
492165,0
492226,0
492367,0
492401,0
492433,0
492496,0
492505,0
492575,1
492695,0
492757,0
492789,0
492812,0
492883,0
492966,0
492973,0
493061,0
493088,0
493283,0
493350,0
493369,0
493427,0
493598,0
493640,0
493677,0
493775,0
493800,0
493819,0
493894,0
493925,0
493972,0
494062,0
494179,0
494206,0
494213,0
494263,0
494284,0
494384,0
494498,0
494515,0
494600,0
494885,0
494887,0
494899,0
495027,0
495058,0
495148,0
495168,0
495253,0
495286,0
495381,0
495403,0
495707,0
495773,0
495787,0
495912,0
495942,0
496014,0
496191,0
496233,0
496325,0
496329,0
496371,0
496387,0
496403,1
496675,0
496686,1
496728,0
496759,0
496820,0
496831,0
497106,0
497108,0
497194,0
497201,0
497281,0
497421,0
497467,0
497494,0
497576,0
497613,0
497648,0
497784,0
497836,0
497854,0
497861,0
497891,0
498028,0
498030,0
498149,0
498319,0
498514,0
498573,0
498587,0
498610,0
498632,0
498643,0
498644,0
498694,0
498793,0
498897,0
498923,0
498932,0
498989,0
499027,0
499089,0
499128,0
499132,0
499482,0
499518,0
499563,0
499658,0
499874,0
499875,0
499890,0
499932,0
499945,0
499963,0
500022,0
500026,0
500038,0
500058,1
500060,0
500248,0
500280,0
500374,0
500455,0
500759,0
500767,0
500782,0
500788,0
501030,0
501109,0
501131,0
501209,0
501278,0
501363,0
501490,0
501551,0
501552,0
501569,1
501602,0
501655,0
501699,0
501704,0
501854,0
501856,0
501877,0
501976,0
502012,0
502023,0
502141,0
502163,0
502212,0
502376,0
502390,0
502534,0
502573,0
502585,0
502592,0
502615,0
502670,0
502708,0
502745,0
502848,0
502943,0
502946,0
502977,0
503217,0
503257,0
503305,0
503357,0
503494,0
503560,0
503573,0
503598,0
503615,0
503638,0
503673,0
503832,0
503938,0
504078,0
504208,0
504219,0
504260,0
504311,0
504403,0
504525,0
504564,0
504589,0
504638,0
504715,0
504802,0
504860,0
504867,0
504919,0
505179,0
505204,0
505390,0
505680,0
505776,0
505779,0
505790,0
505798,0
505962,0
506170,0
506190,0
506193,1
506252,0
506293,1
506372,0
506400,0
506418,0
506572,0
506746,0
506776,0
507005,0
507008,0
507112,0
507128,1
507189,0
507281,0
507486,0
507503,0
507514,0
507555,0
507567,0
507838,0
507998,0
508022,0
508080,0
508115,0
508126,0
508399,0
508402,0
508456,0
508488,0
508501,0
508795,0
508821,0
508824,0
508854,0
508923,0
508934,0
509044,0
509060,0
509108,0
509136,0
509149,1
509223,0
509345,0
509474,0
509513,0
509514,0
509607,0
509669,0
509686,0
509714,0
509746,0
509809,0
509810,0
509909,1
509928,0
509962,0
509965,0
510182,1
510224,0
510264,0
510329,0
510353,0
510440,0
510502,0
510505,0
510513,0
510537,0
510644,0
510841,0
510865,0
511053,0
511226,0
511253,0
511302,0
511342,0
511444,0
511472,0
511541,0
511568,0
511573,0
511584,0
511588,0
511642,0
511765,0
511862,0
511875,0
511922,0
512071,0
512097,0
512177,0
512179,0
512191,0
512219,0
512262,0
512284,0
512296,0
512358,0
512426,0
512471,0
512522,0
512580,1
512599,0
512615,0
512869,0
512897,0
512906,0
513081,0
513099,0
513123,0
513125,0
513170,0
513229,0
513246,0
513446,0
513480,0
513553,0
513590,0
513661,0
513708,0
513778,0
513820,0
514042,0
514145,0
514235,0
514272,0
514395,0
514403,0
514451,0
514523,0
514530,0
514552,0
514559,0
514616,0
514632,0
514652,0
515049,0
515134,0
515165,0
515185,0
515386,0
515605,1
515634,0
515645,0
515656,0
515663,0
515667,0
515775,0
515805,0
515822,0
515826,0
515860,0
515905,0
515969,0
515981,0
516133,0
516224,0
516242,0
516255,0
516271,0
516301,0
516329,0
516337,0
516362,0
516474,0
516491,0
516519,0
516544,0
516594,0
516674,0
516984,0
516995,0
517087,0
517190,0
517222,0
517267,1
517295,0
517405,0
517472,0
517533,0
517538,0
517559,0
517614,1
517702,0
517729,0
517739,0
517758,0
517781,0
517797,0
517867,0
517945,0
518061,0
518064,0
518236,0
518305,0
518533,0
518561,0
518582,0
518622,0
518677,0
518771,0
518834,0
519087,0
519203,0
519276,0
519300,0
519419,0
519442,0
519677,0
519726,0
519742,0
519766,1
519796,0
519826,0
519873,0
519933,0
519984,0
520091,0
520094,0
520137,0
520163,0
520202,0
520207,0
520428,0
520660,0
520821,0
521111,0
521176,0
521217,0
521225,0
521252,0
521311,0
521384,0
521431,0
521486,0
521545,0
521576,0
521653,0
521684,0
521699,1
521702,0
521875,0
521949,1
522111,0
522234,0
522251,0
522261,0
522285,0
522408,0
522493,0
522572,0
522618,0
522677,0
522758,0
522763,0
522866,0
522924,0
522935,0
523037,0
523110,0
523170,0
523188,0
523194,0
523246,0
523272,0
523288,0
523296,0
523394,0
523399,1
523642,0
523722,0
523897,0
523904,0
524055,0
524234,0
524379,0
524483,0
524586,0
524968,1
525129,0
525188,0
525245,0
525246,0
525508,0
525525,0
525548,0
525579,0
525612,0
525740,0
525765,0
525918,0
526020,0
526064,0
526094,0
526164,0
526165,0
526222,0
526316,0
526344,0
526349,0
526374,0
526481,0
526508,0
526579,0
526586,0
526644,0
526663,0
526747,0
526765,0
526784,0
526822,0
527004,0
527067,0
527235,0
527244,0
527337,0
527434,0
527565,0
527582,0
527622,0
527640,0
527656,1
527712,0
527773,0
527838,0
527941,0
528055,0
528122,0
528160,0
528173,0
528226,0
528229,0
528331,0
528332,0
528363,0
528413,0
528447,0
528492,0
528693,0
528712,0
528809,0
528985,0
529085,0
529098,0
529106,0
529140,0
529218,0
529390,0
529415,0
529458,0
529544,0
529746,0
529922,0
530051,0
530098,0
530105,1
530113,0
530119,0
530206,0
530235,0
530281,0
530299,0
530425,0
530436,0
530508,0
530517,0
530613,0
530621,0
530666,0
530770,0
530833,0
530839,0
530880,0
530955,0
530978,0
531052,0
531286,0
531290,0
531293,0
531398,0
531430,0
531514,0
531515,0
531619,0
531793,0
531841,0
531868,0
531976,0
532203,0
532333,0
532378,0
532419,0
532422,0
532464,0
532592,0
532759,0
532813,0
532848,1
532925,1
532945,0
532978,0
532997,0
533157,0
533198,0
533213,1
533302,0
533365,0
533391,0
533470,0
533509,0
533539,0
533638,0
533666,0
533742,0
533766,0
533950,0
534009,0
534151,0
534452,0
534464,0
534481,0
534510,1
534649,0
534716,0
534734,0
534813,0
534904,0
534905,0
534972,0
535151,0
535183,1
535233,0
535251,0
535320,0
535367,0
535413,0
535436,0
535482,0
535525,1
535539,0
535544,0
535587,0
535852,0
535892,0
535944,0
536018,0
536066,0
536082,0
536092,0
536124,0
536132,1
536186,0
536409,0
536485,0
536517,0
536535,0
536567,0
536577,0
536603,0
536671,0
536699,1
536794,0
536823,0
536941,0
537013,0
537038,0
537124,0
537132,0
537387,0
537397,0
537405,0
537421,0
537613,0
537701,0
537711,0
537722,0
537795,0
537852,0
537887,0
537907,0
537914,0
537990,0
538042,0
538341,0
538507,0
538550,0
538760,0
538770,0
538795,0
538854,0
538877,0
538902,0
538949,0
538979,0
539106,0
539125,0
539144,0
539322,0
539358,0
539370,0
539436,0
539537,0
539673,1
539674,0
539704,0
539739,0
539742,0
539760,0
539776,0
539854,1
540011,0
540109,0
540112,0
540142,0
540268,0
540316,0
540497,0
540548,0
540551,0
540628,0
540715,0
540751,0
540756,0
540905,0
540918,0
540966,0
541000,0
541008,0
541009,0
541037,0
541040,1
541078,0
541163,0
541178,0
541239,0
541358,0
541557,0
541564,0
541741,0
541751,0
541898,0
541953,1
541961,0
542002,0
542014,0
542043,0
542085,0
542118,0
542180,0
542182,0
542287,0
542296,0
542696,0
542893,0
542976,0
543119,0
543285,0
543326,0
543422,0
543456,1
543460,0
543478,0
543693,0
543852,0
543862,0
543881,1
543901,0
543918,0
543956,0
543978,0
544167,0
544182,0
544301,0
544306,1
544421,0
544493,0
544561,0
544569,1
544619,1
544690,0
544752,0
544837,0
544890,0
545087,0
545127,0
545144,0
545179,0
545278,0
545378,0
545410,1
545421,0
545497,0
545534,0
545541,0
545567,0
545582,0
545586,0
545659,0
545744,0
545883,0
545917,0
545947,0
546025,0
546039,0
546163,0
546177,0
546231,0
546456,0
546665,0
546758,0
546773,0
546796,0
546827,0
546869,0
546997,0
547016,0
547190,0
547213,0
547342,0
547355,0
547357,0
547360,0
547407,0
547442,0
547500,0
547522,0
547542,0
547559,0
547561,0
547575,0
547649,0
547699,0
547802,0
548037,0
548126,0
548228,0
548238,0
548244,0
548251,0
548335,0
548390,0
548565,0
548682,0
548722,0
548752,0
548999,0
549034,0
549064,0
549080,0
549091,0
549132,0
549200,1
549238,0
549402,0
549404,0
549415,0
549444,0
549537,0
549540,0
549541,0
549562,0
549598,1
549612,0
549686,0
549715,0
549751,0
549757,0
549858,0
549862,0
549982,0
550058,0
550173,0
550213,0
550262,0
550352,0
550434,0
550519,0
550539,0
550686,0
550769,0
550839,0
550856,0
550896,0
551055,0
551154,0
551248,0
551296,0
551300,0
551391,0
551429,0
551510,0
551652,0
551710,0
551809,0
551828,0
551833,0
551837,0
551938,0
551946,0
551975,0
551981,0
552016,0
552278,0
552328,0
552364,0
552441,0
552576,0
552669,0
552747,0
552755,1
552818,0
552823,0
552966,0
553061,0
553089,0
553254,0
553261,0
553389,0
553396,0
553412,0
553453,0
553530,0
553558,0
553567,1
553879,0
553943,0
553954,0
553956,0
553973,0
554104,0
554136,0
554155,0
554255,0
554442,0
554449,0
554453,0
554487,0
554636,0
554761,0
554888,1
554983,0
555001,0
555050,0
555102,0
555112,1
555118,0
555205,0
555218,0
555298,0
555301,0
555398,0
555541,0
555576,0
555745,0
555831,1
555947,0
556050,0
556136,0
556164,0
556188,0
556266,0
556313,0
556453,0
556492,0
556622,0
556626,0
556649,0
556688,0
556778,0
556808,0
556865,0
556958,0
556982,0
557138,0
557289,0
557458,0
557500,0
557519,0
557525,0
557633,0
557640,0
557723,0
557739,0
557752,0
557872,0
557880,0
557932,0
557996,0
558040,0
558097,0
558258,0
558451,0
558511,0
558543,0
558598,0
558686,0
558854,0
558969,0
559005,0
559007,0
559016,0
559111,0
559261,1
559279,0
559304,1
559342,0
559362,0
559388,0
559483,0
559576,0
559622,0
559721,0
559723,0
559726,0
559879,0
560024,0
560149,0
560283,1
560505,0
560528,0
560597,0
560713,0
560714,0
560936,0
560990,0
561041,0
561053,0
561072,0
561107,0
561219,0
561228,0
561251,0
561284,0
561321,0
561413,0
561481,0
561520,0
561570,0
561620,0
561621,0
561640,0
561654,0
561801,0
561873,0
561874,0
561961,0
561981,1
562084,0
562093,0
562234,0
562305,0
562361,0
562376,0
562404,0
562411,0
562510,1
562588,0
562644,0
562655,0
562661,0
562677,0
562734,0
562737,0
563076,0
563094,0
563188,0
563217,0
563386,0
563410,0
563587,0
563633,0
563749,0
563774,0
563945,0
563977,0
563981,0
564111,0
564114,0
564138,0
564141,0
564201,0
564305,0
564449,0
564650,0
564707,0
564841,0
564882,0
564909,0
564959,0
564973,0
565008,0
565040,0
565041,0
565133,0
565171,0
565242,0
565351,0
565452,0
565533,0
565602,0
565690,0
565710,0
565805,0
565811,0
565841,0
565876,0
565900,0
565960,0
565991,0
566165,0
566182,0
566374,0
566630,0
566640,0
566696,0
566714,0
566737,0
566767,0
566808,0
566851,0
566951,1
566957,0
566961,0
566991,0
567048,0
567070,0
567151,0
567210,0
567227,0
567256,0
567261,0
567319,0
567412,0
567420,0
567571,0
567670,0
567865,0
567875,0
568111,0
568171,0
568172,0
568205,0
568286,0
568329,0
568442,0
568484,0
568525,0
568547,0
568594,0
568678,0
568712,0
568734,0
568769,0
568786,0
568798,0
568814,0
568953,0
569236,0
569313,0
569315,0
569319,0
569347,0
569369,0
569603,0
569677,0
569720,0
569769,0
569846,0
569880,0
569940,0
569972,0
570116,0
570299,0
570318,0
570406,0
570469,0
570600,0
570637,0
570683,0
570784,0
570796,0
570806,0
570920,0
570971,0
571017,0
571123,0
571163,0
571169,0
571180,0
571215,0
571239,0
571340,0
571498,0
571603,0
571643,0
571760,0
571942,0
571964,0
571970,0
571992,0
572015,0
572045,0
572073,0
572094,1
572263,0
572265,0
572282,0
572345,0
572410,0
572505,0
572547,0
572647,0
572663,0
572668,0
572811,0
572836,1
572890,0
572927,0
573078,0
573217,0
573290,0
573332,0
573344,0
573446,0
573458,0
573505,0
573649,0
573681,0
573897,0
573954,0
573964,0
573972,0
573986,1
574081,0
574163,0
574302,0
574330,0
574391,0
574506,0
574542,0
574640,0
574674,0
574723,0
574726,0
574771,0
574835,0
574899,0
574930,0
575015,1
575030,0
575070,0
575123,0
575147,0
575342,1
575434,0
575487,0
575571,0
575573,0
575574,0
575612,0
575818,0
575821,0
575833,0
575844,0
575849,0
575948,0
576051,0
576071,0
576074,0
576110,0
576184,0
576217,0
576294,0
576345,0
576354,0
576363,0
576498,0
576576,0
576587,0
576658,0
576690,0
576692,0
576716,0
576736,0
576871,0
576878,0
576911,0
576936,0
576947,0
577124,0
577151,0
577156,0
577265,0
577278,0
577322,0
577360,0
577374,0
577386,0
577398,0
577405,0
577467,0
577501,0
577535,0
577726,0
577795,0
577844,0
577860,1
577872,1
578013,0
578020,0
578114,0
578167,0
578203,0
578688,0
578788,1
578811,0
578837,0
578944,0
578998,0
579005,0
579015,0
579034,0
579283,0
579318,0
579322,0
579377,0
579424,0
579438,0
579581,0
579684,1
579710,0
579726,0
579785,0
579847,0
579890,0
579931,0
579943,0
579990,0
580068,1
580159,0
580169,0
580201,0
580212,0
580324,0
580341,0
580356,0
580472,0
580493,0
580500,0
580554,0
580586,0
580834,0
581007,0
581079,0
581260,0
581294,0
581396,0
581427,0
581481,0
581513,0
581531,0
581533,0
581596,0
581661,0
581668,0
581682,0
581712,0
581913,0
581999,0
582066,0
582257,0
582364,0
582427,0
582429,1
582493,0
582646,0
582690,0
582861,0
582874,0
582883,0
582929,0
582930,0
583003,0
583005,0
583175,1
583223,0
583227,0
583252,0
583272,0
583327,0
583415,0
583513,0
583539,0
583565,0
583610,0
583648,0
583670,0
583718,0
583754,0
584017,0
584173,0
584285,0
584377,0
584405,0
584458,0
584463,0
584536,0
584537,0
584564,0
584727,0
584782,0
584833,0
584845,0
584880,0
585039,0
585082,0
585271,0
585275,0
585277,0
585316,0
585357,0
585377,0
585386,0
585420,0
585629,0
585756,0
585780,0
585793,0
585850,0
585853,0
585854,0
585947,0
585975,0
585978,0
586056,0
586100,0
586164,0
586191,0
586199,0
586365,0
586401,0
586446,0
586542,0
586686,0
586711,0
586734,0
586753,0
586870,0
586891,0
586944,0
587136,1
587284,0
587420,0
587480,0
587591,0
587619,0
587623,0
587800,0
588015,0
588095,0
588220,0
588237,0
588292,1
588445,0
588516,0
588657,0
588789,0
588917,0
588943,0
588980,0
589074,0
589101,0
589427,0
589466,0
589580,0
589745,0
589765,0
589795,0
589840,0
590025,0
590098,0
590246,0
590280,0
590301,0
590485,0
590514,0
590647,0
590727,1
590752,0
590778,0
590936,0
590981,0
590989,0
591174,0
591272,0
591367,0
591377,0
591414,0
591476,1
591547,0
591608,0
591641,0
591731,0
591758,0
591841,0
591854,0
592003,0
592034,0
592064,0
592088,0
592145,0
592251,0
592302,0
592350,0
592431,0
592485,0
592966,0
592992,0
593007,0
593039,0
593116,0
593190,0
593252,0
593277,0
593327,1
593340,0
593386,0
593421,0
593506,0
593651,0
593684,0
593710,0
593781,0
593868,0
594028,0
594044,1
594598,0
594636,0
594649,0
594672,0
594997,0
595024,0
595027,0
595028,0
595083,0
595169,0
595215,0
595235,0
595236,0
595320,0
595323,0
595325,0
595658,0
595681,0
595747,0
595965,0
595978,0
595980,0
596004,0
596153,0
596179,0
596297,0
596327,0
596390,0
596462,0
596544,0
596586,0
596674,0
596787,0
596818,0
596911,0
597023,0
597156,0
597189,0
597191,0
597197,0
597209,0
597228,0
597237,0
597267,0
597294,0
597300,0
597313,0
597532,0
597837,0
597981,0
598016,0
598059,0
598360,0
598364,0
598369,0
598398,0
598705,0
598706,1
598711,0
598760,0
598799,0
599078,0
599145,0
599184,0
599341,0
599369,0
599372,0
599442,0
599483,0
599491,0
599560,1
599746,0
599778,0
599925,0
600013,0
600021,1
600063,0
600302,0
600309,0
600432,0
600482,0
600563,0
600598,0
600651,0
600664,0
600712,0
600746,0
600756,0
600785,0
600792,0
600884,0
600914,0
601027,0
601105,0
601131,0
601143,0
601167,0
601332,0
601341,0
601407,0
601448,0
601583,1
601586,0
601597,0
601625,0
601626,0
601681,0
601775,0
601834,0
601940,0
602014,0
602068,1
602086,1
602150,0
602176,1
602213,0
602222,0
602275,1
602346,0
602361,0
602384,1
602574,0
602585,0
602587,0
602649,1
602685,0
602783,0
602900,0
602931,0
603005,0
603009,0
603050,1
603070,0
603077,0
603079,0
603082,0
603371,0
603407,0
603446,0
603531,0
603539,0
603545,0
603587,0
603658,0
603674,0
603739,0
603744,0
603775,0
603968,0
604019,0
604116,0
604274,0
604332,0
604461,0
604470,0
604510,0
604526,0
604645,0
604681,0
604724,0
604772,0
604783,0
604792,0
604870,0
604943,0
605127,0
605134,0
605184,0
605269,0
605320,0
605322,0
605341,0
605343,0
605500,0
605505,0
605723,0
605761,0
605787,0
605790,0
605803,0
605849,0
605874,0
605877,0
605907,0
605926,0
606026,0
606060,0
606214,0
606344,1
606371,0
606396,0
606455,0
606563,1
606600,0
606712,1
606846,0
606852,0
606875,0
606877,0
606962,0
606989,0
607115,0
607117,0
607275,0
607292,0
607347,0
607405,0
607453,0
607480,0
607489,0
607538,0
607548,0
607555,0
607565,0
607588,0
607662,0
607696,0
607769,0
607847,0
607856,0
607885,0
607993,1
607997,0
608070,0
608087,0
608116,0
608159,0
608241,0
608326,0
608370,0
608384,0
608419,0
608493,0
608508,0
608517,0
608601,0
608605,0
608739,0
608758,0
608850,0
608974,0
609009,0
609072,0
609174,0
609184,0
609296,0
609532,0
609650,0
609667,0
609730,0
609778,0
609971,0
610096,0
610393,0
610432,0
610465,0
610482,1
610573,0
610585,0
610684,0
610946,0
611029,0
611046,1
611051,0
611084,0
611086,0
611356,0
611366,0
611415,0
611436,0
611464,0
611481,0
611538,0
611582,0
611618,0
611667,0
611673,0
611689,0
611765,0
611817,0
611873,0
611990,0
612013,1
612060,0
612074,0
612122,0
612140,0
612144,0
612162,0
612186,0
612233,0
612269,0
612294,0
612311,0
612339,0
612488,0
612510,0
612555,0
612650,1
612664,0
612703,0
612719,0
612795,0
612834,0
612905,0
612955,0
612995,0
613076,0
613185,0
613195,0
613234,0
613265,0
613303,0
613546,0
613747,0
613804,0
613860,0
613908,0
613925,1
614000,0
614063,0
614100,0
614106,0
614122,0
614164,0
614219,0
614221,0
614246,0
614307,0
614350,0
614373,0
614379,0
614441,0
614574,0
614634,0
614721,0
614782,0
614810,0
614830,0
615022,0
615054,1
615131,0
615201,0
615214,0
615244,0
615251,0
615327,0
615385,1
615411,0
615439,0
615459,0
615528,0
615529,0
615561,0
615578,0
615617,1
615662,0
615673,0
615678,0
615826,0
615854,0
615945,0
615989,0
616083,0
616137,1
616162,0
616220,0
616226,0
616342,0
616350,0
616374,1
616416,0
616500,0
616650,0
616667,0
616722,0
616739,0
616746,0
616835,0
616857,0
616875,0
616920,0
617008,0
617079,0
617099,0
617108,1
617171,0
617263,0
617296,0
617326,0
617348,0
617447,0
617471,0
617484,0
617516,0
617670,0
617916,0
617960,0
618022,0
618089,0
618100,0
618112,0
618124,0
618300,0
618302,0
618309,0
618329,0
618379,0
618390,0
618409,0
618461,0
618494,0
618523,0
618524,0
618601,0
618656,0
618719,0
618731,0
618817,0
618823,1
618824,0
618830,0
618871,0
618886,0
619141,1
619268,0
619404,0
619483,0
619537,0
619548,0
619596,1
619693,0
619826,0
619840,0
619916,0
619920,0
620078,0
620084,0
620094,0
620122,0
620406,0
620446,0
620465,0
620480,0
620563,0
620584,0
620741,0
620858,0
620990,0
621006,0
621072,0
621093,0
621180,0
621190,0
621218,0
621279,0
621583,0
621695,0
621731,0
621750,0
621814,0
621823,0
621832,0
621876,0
621940,0
621951,0
622006,0
622019,0
622036,0
622324,0
622334,0
622527,0
622610,0
622697,0
622776,0
622822,0
622883,0
622906,0
622975,0
623071,0
623144,0
623222,0
623327,0
623478,0
623537,0
623569,0
623654,1
623688,0
623861,0
623903,0
624065,0
624216,0
624407,0
624463,0
624487,0
624569,0
624621,0
624704,0
624881,0
624929,0
624935,0
624980,0
625033,0
625123,0
625183,0
625320,0
625434,0
625451,0
625458,0
625497,0
625524,0
625557,0
625621,0
625784,0
625859,0
625870,0
625945,0
626030,0
626149,0
626211,0
626474,0
626542,0
626560,0
626664,0
626746,0
626762,0
626767,0
626973,0
627354,0
627428,0
627485,0
627489,0
627670,0
627778,0
627791,0
627826,0
627893,0
627915,0
627970,0
628017,0
628081,0
628096,0
628130,0
628169,0
628180,0
628211,0
628258,0
628320,0
628409,0
628431,0
628475,0
628533,0
628578,0
628596,0
628618,0
628669,0
628844,0
628860,0
628917,0
628924,0
628952,0
629177,0
629299,0
629394,0
629410,0
629642,0
629706,0
629753,0
630034,0
630071,0
630209,0
630265,0
630290,1
630320,0
630338,0
630396,0
630588,0
630711,0
630869,0
630880,0
630920,0
631051,0
631070,0
631200,0
631379,0
631406,0
631543,0
631557,0
631583,0
631661,0
631683,0
631704,0
631801,0
631821,0
631839,0
631853,0
631854,0
631869,0
632097,0
632103,0
632130,0
632199,0
632352,0
632398,0
632399,0
632435,0
632515,0
632556,0
632638,0
632720,0
632793,0
632826,0
632981,0
633135,0
633140,0
633202,0
633299,0
633330,0
633458,0
633627,0
633631,0
633640,0
633734,1
633749,0
633787,0
633861,0
633910,0
633938,0
633992,0
633999,0
634181,0
634185,0
634269,1
634386,0
634392,0
634418,0
634423,0
634503,0
634615,0
634727,0
634807,0
634850,0
634900,0
634916,0
635084,0
635162,1
635225,0
635249,0
635302,0
635334,0
635509,0
635517,0
635531,0
635616,0
635715,0
635719,0
635907,0
636000,0
636012,0
636017,0
636045,0
636177,0
636213,0
636293,0
636413,0
636505,0
636673,0
636749,0
636753,0
636813,0
636965,0
637151,0
637249,0
637396,0
637532,0
637580,0
637641,0
637655,0
637687,0
637721,0
637760,0
637765,0
637986,0
638004,0
638152,0
638162,0
638207,0
638237,0
638253,0
638368,0
638389,0
638469,0
638495,0
638506,0
638602,0
638618,0
638685,0
638732,0
638733,0
638804,0
639117,0
639145,0
639258,1
639419,0
639510,0
639613,0
639701,0
639705,0
639807,0
640009,0
640082,0
640110,0
640116,0
640238,0
640244,0
640285,0
640418,0
640555,0
640588,0
640614,0
640831,0
640833,0
641039,0
641050,0
641103,0
641123,0
641159,0
641160,0
641164,0
641189,0
641327,0
641384,0
641448,0
641586,0
641612,0
641642,0
641704,0
641734,0
641869,0
641879,0
641884,0
641970,0
641997,0
642000,0
642002,0
642043,0
642102,0
642109,0
642313,1
642323,0
642401,1
642449,0
642485,0
642738,0
642808,0
642901,0
642976,0
643026,0
643059,0
643117,0
643225,0
643300,0
643362,1
643364,0
643476,0
643480,0
643507,0
643605,0
643669,0
643705,0
643854,0
643912,0
644014,0
644017,0
644163,0
644251,0
644265,0
644374,0
644390,0
644417,1
644434,0
644551,0
644630,0
644652,0
644769,0
644786,0
644865,0
644893,1
644938,0
644945,0
645057,0
645072,0
645081,0
645114,0
645145,0
645147,0
645244,0
645265,0
645280,0
645450,0
645566,0
645600,0
645653,0
645688,0
645712,0
645895,0
645919,0
645927,0
645986,0
646022,0
646038,0
646137,0
646168,0
646178,0
646187,0
646189,0
646198,1
646225,0
646277,0
646359,0
646399,0
646502,0
646519,0
646935,0
647005,1
647133,0
647214,0
647491,0
647658,0
647672,0
647684,0
647726,0
647791,0
647894,0
647956,0
648043,0
648077,0
648365,0
648380,0
648432,0
648455,0
648533,0
648575,0
648586,0
648596,0
648648,0
648653,0
648924,0
649052,0
649054,0
649089,0
649104,0
649194,0
649321,0
649422,0
649442,0
649487,1
649656,0
649680,0
649770,0
649802,0
649855,0
649961,0
649972,1
649994,0
650290,1
650358,0
650377,0
650420,0
650445,0
650466,0
650486,0
650529,0
650553,0
650621,0
650657,0
650704,0
650721,0
650870,0
651006,0
651020,0
651097,0
651250,0
651281,0
651377,0
651605,0
651622,0
651645,0
651694,0
651740,0
651835,0
651959,0
652034,0
652047,0
652194,0
652212,0
652291,0
652370,0
652374,0
652394,0
652498,0
652501,0
652518,0
652614,0
652642,0
652741,0
652756,0
652790,0
652816,0
652862,0
653015,0
653070,0
653081,0
653191,0
653259,0
653304,0
653337,0
653340,0
653354,0
653400,0
653441,0
653539,0
653542,0
653572,0
653636,0
653637,0
653698,0
653851,0
653973,0
654073,0
654086,0
654122,0
654187,0
654225,1
654288,0
654389,0
654433,1
654540,0
654578,0
654748,1
654751,0
654817,0
654890,0
654941,0
655044,0
655082,0
655325,0
655453,0
655480,0
655715,0
655721,0
655743,0
655892,0
655957,0
656027,0
656036,1
656288,0
656360,0
656415,0
656572,0
656639,0
656942,0
657116,0
657118,0
657339,0
657492,0
657668,0
657730,1
657748,0
657842,0
657865,0
658175,0
658310,0
658330,0
658407,1
658546,0
658861,0
658996,0
659011,0
659112,0
659147,0
659205,0
659251,0
659400,0
659419,0
659481,0
659536,0
659607,0
659637,0
659767,0
659781,0
659882,1
659967,0
660030,0
660047,0
660119,0
660178,0
660197,0
660294,0
660376,0
660395,0
660436,0
660457,0
660554,0
660684,0
660768,0
660922,0
660958,0
661035,0
661050,0
661054,0
661069,1
661088,0
661118,0
661150,0
661193,0
661274,0
661321,0
661411,0
661451,0
661469,0
661487,0
661502,0
661587,0
661708,0
661744,0
662022,0
662045,0
662164,0
662166,0
662209,0
662268,0
662272,0
662380,0
662406,0
662521,0
662594,0
662665,0
662750,0
662848,0
662880,0
662934,0
662936,0
662973,0
663062,0
663067,0
663133,0
663150,0
663213,0
663270,0
663343,0
663382,0
663402,0
663416,0
663422,0
663513,0
663514,0
663521,0
663573,0
663719,0
663757,1
663918,0
664008,0
664034,1
664052,0
664054,0
664062,0
664084,0
664112,0
664277,0
664379,0
664493,0
664666,0
664684,0
664705,0
664737,0
664759,0
664771,0
664799,0
664856,0
665024,0
665100,0
665467,0
665548,0
665646,0
665679,0
665701,0
665890,0
666189,0
666222,0
666301,0
666337,0
666381,0
666417,0
666473,0
666504,0
666556,0
666572,0
666597,0
666608,0
666667,0
666680,0
666702,1
666761,1
666877,0
666878,0
666933,0
666952,0
667041,0
667117,0
667262,0
667275,0
667293,0
667314,1
667341,0
667517,0
667615,0
667634,0
667692,0
667767,0
667781,0
667860,0
667901,0
667974,0
668000,0
668020,0
668136,0
668213,0
668235,0
668253,0
668510,0
668576,0
668599,0
668624,0
668692,0
668843,0
668865,0
668959,0
668968,0
668970,0
669065,0
669066,0
669222,0
669368,0
669373,0
669501,0
669810,0
669812,0
669890,0
669894,0
669978,0
670000,0
670002,0
670040,0
670131,0
670210,0
670215,0
670289,0
670294,0
670371,0
670430,0
670606,0
670666,0
670751,0
670817,0
670836,1
670939,0
670985,0
671077,0
671115,0
671119,0
671173,0
671368,0
671383,0
671528,0
671534,0
671628,0
671639,0
671764,0
671803,0
671849,0
671911,0
671928,0
671933,0
672039,0
672089,0
672170,0
672236,0
672308,0
672336,0
672395,0
672430,0
672431,0
672570,0
672600,0
672649,0
672781,0
672893,0
672904,0
673054,0
673192,0
673301,0
673399,0
673401,0
673424,0
673492,0
673934,0
674118,0
674281,0
674327,0
674394,0
674462,0
674497,0
674637,0
674689,0
674738,1
674781,0
674805,0
674876,0
674933,0
675057,0
675104,0
675106,0
675204,0
675243,0
675385,0
675405,0
675409,0
675442,0
675457,0
675506,0
675516,0
675535,0
675538,0
675541,0
675616,0
675651,0
675848,0
675879,0
675936,0
675956,0
676203,0
676289,0
676371,0
676376,0
676406,0
676408,0
676409,0
676585,0
676622,0
676639,0
676669,0
676873,0
676877,0
676941,0
677045,0
677141,0
677174,0
677213,0
677217,0
677218,1
677322,1
677329,0
677335,0
677404,0
677435,0
677513,0
677527,0
677560,0
677606,0
677695,0
677704,0
677717,0
677751,0
677963,0
677976,1
678205,0
678217,0
678243,0
678341,0
678454,0
678460,0
678493,0
678514,0
678603,0
678616,0
678722,0
678786,0
678837,0
678925,0
678967,0
679075,0
679253,0
679311,0
679414,0
679437,0
679485,0
679531,1
679607,0
679609,0
679623,0
679638,0
679859,0
679908,0
680181,0
680379,0
680444,0
680445,0
680565,0
680569,0
680581,0
680738,0
680839,0
680886,0
680945,0
681032,0
681250,0
681270,0
681309,0
681328,0
681399,0
681593,0
681649,0
681722,0
681785,0
681822,0
681887,0
681921,0
681984,0
682103,0
682194,0
682288,0
682308,0
682356,0
682419,0
682521,1
682528,0
682571,1
682654,1
682707,0
682709,0
682813,0
682819,0
682826,0
682840,0
682979,0
683126,0
683239,1
683288,1
683356,0
683361,0
683470,0
683485,0
683487,0
683503,0
683660,0
683699,0
683751,0
683791,0
683838,0
683901,0
683909,0
683910,0
683920,0
684022,0
684123,0
684133,0
684155,0
684201,0
684305,0
684371,0
684386,0
684491,0
684691,0
684776,0
684826,0
684881,0
684889,0
684934,1
685171,0
685208,0
685314,0
685346,0
685375,0
685408,0
685518,1
685533,0
685546,0
685608,0
685683,0
685720,0
685792,1
685982,0
686031,0
686044,0
686059,0
686196,0
686220,0
686223,0
686224,0
686232,0
686371,0
686397,0
686471,0
686509,0
686555,0
686561,0
686709,0
686728,0
686769,0
686783,0
686838,0
687170,0
687186,0
687199,0
687262,0
687401,0
687412,0
687463,0
687525,0
687533,0
687589,0
687639,0
687748,0
687820,0
687895,0
687962,0
688058,0
688139,0
688168,0
688178,0
688319,0
688410,0
688524,0
688533,0
688557,0
688627,0
688691,0
688748,1
688820,0
688891,0
689000,0
689112,0
689275,0
689353,0
689389,0
689440,0
689459,0
689477,0
689818,0
689839,0
689909,0
689912,0
689981,0
690029,0
690191,0
690199,0
690494,0
690554,0
690563,0
690637,0
690641,0
690671,0
690776,0
690797,0
690862,0
690866,0
690890,0
690916,0
690969,0
690970,0
690971,0
691077,0
691220,0
691262,0
691332,0
691520,0
691542,0
691626,0
691645,0
691700,0
691761,0
691909,0
692096,0
692129,0
692151,0
692252,0
692275,0
692304,0
692328,0
692535,0
692628,0
692671,0
692685,0
692729,0
692856,0
692992,0
693045,0
693133,0
693138,0
693196,0
693212,0
693238,0
693256,0
693295,0
693372,0
693494,0
693528,0
693608,0
693625,0
693659,0
693665,0
693791,0
693852,0
693913,0
693922,0
694021,0
694158,0
694168,1
694241,0
694388,0
694472,0
694497,0
694512,0
694723,0
694743,0
694757,0
694828,0
694915,0
694942,0
695076,0
695107,0
695162,1
695250,0
695342,0
695428,0
695529,0
695624,0
695686,0
695855,0
695878,0
695965,0
695978,0
695987,0
696090,0
696096,0
696199,0
696329,0
696431,0
696444,0
696486,0
696502,0
696504,0
696577,0
696609,0
696826,0
696864,0
696897,0
697029,0
697091,0
697162,0
697169,0
697272,0
697356,0
697393,1
697477,0
697680,0
697766,0
697837,0
697905,0
698072,0
698122,0
698242,0
698390,0
698395,0
698443,0
698505,0
698510,0
698546,0
698573,0
698647,0
698932,1
698988,0
699194,0
699243,0
699281,1
699343,0
699397,0
699511,0
699739,0
699750,0
699751,0
699875,0
699962,0
700096,0
700145,0
700207,0
700225,0
700245,0
700260,0
700276,0
700286,0
700335,0
700343,0
700430,0
700474,0
700497,0
700566,0
700650,1
700705,0
700731,1
700748,0
700770,0
700871,0
700918,0
700924,0
701012,0
701036,0
701216,0
701223,0
701235,0
701308,0
701391,0
701485,0
701617,0
701622,0
701645,0
701792,1
701803,0
701954,0
702005,0
702048,0
702147,0
702161,0
702257,0
702269,0
702284,0
702327,0
702406,0
702478,0
702482,0
702493,1
702522,0
702528,0
702542,0
702588,0
702677,0
702686,0
702746,0
702800,0
702809,0
702863,0
702868,0
702884,0
702915,0
703104,0
703109,0
703249,0
703374,0
703505,0
703507,0
703621,0
703711,0
703804,0
703852,1
703937,0
704074,0
704112,0
704149,0
704150,0
704267,0
704270,0
704423,0
704559,0
704600,0
704603,0
704607,1
704709,0
704835,0
704967,0
704968,0
705006,0
705020,0
705113,0
705196,0
705243,0
705262,0
705353,0
705453,0
705496,0
705589,0
705641,0
705806,0
705911,0
705980,0
706007,0
706106,0
706125,0
706497,0
706510,0
706792,0
706820,0
706884,1
706918,0
706962,0
707017,0
707023,0
707042,0
707114,0
707146,0
707152,0
707273,1
707276,0
707424,0
707470,0
707513,0
707557,0
707588,0
707592,0
707698,0
707699,0
707716,0
707754,0
707869,0
707967,0
707974,0
708020,0
708160,0
708210,0
708230,0
708258,0
708271,0
708337,0
708343,0
708360,0
708373,0
708458,0
708519,0
708539,0
708566,0
708634,0
708654,0
708692,0
708807,0
708892,0
708933,0
708982,0
709059,0
709123,0
709238,0
709279,0
709385,0
709415,0
709472,0
709479,1
709499,0
709550,0
709566,0
709595,0
709656,0
709659,0
709724,0
709726,0
709747,0
709920,0
709948,0
709982,0
710005,0
710029,0
710053,0
710069,0
710115,0
710255,0
710364,0
710515,0
710598,0
711214,0
711248,0
711263,0
711363,0
711490,0
711500,0
711510,0
711541,0
711552,0
711565,0
711567,0
711571,1
711577,0
711625,0
711680,0
711795,0
711823,0
711853,0
711864,0
711874,0
712026,0
712062,0
712114,0
712130,0
712236,0
712248,0
712362,0
712426,0
712521,0
712584,0
712590,0
712605,0
712636,1
713039,0
713085,0
713094,0
713132,0
713236,0
713257,0
713299,0
713329,0
713406,0
713423,0
713465,0
713520,1
713580,0
713636,0
713831,0
713853,0
713981,1
713998,0
714121,0
714163,0
714206,0
714270,0
714316,0
714379,0
714536,0
714555,0
714757,0
714825,0
714939,0
714944,0
714962,0
715015,0
715184,0
715255,0
715271,0
715300,0
715369,0
715462,0
715514,0
715555,1
715640,0
715645,0
715668,1
715678,0
715689,0
715764,0
715792,1
715817,0
715947,0
716019,0
716068,0
716197,0
716236,1
716294,0
716360,0
716362,0
716393,0
716533,0
716548,0
716589,0
716690,0
716750,0
716785,0
716812,0
716863,0
716932,0
716948,0
716961,0
717026,0
717100,0
717150,0
717229,0
717232,0
717308,1
717407,0
717459,0
717521,0
717565,0
717632,0
717660,0
717700,0
717762,0
717780,0
717806,0
717891,0
718029,0
718031,0
718227,0
718409,0
718491,0
718516,0
718655,0
718745,0
718752,0
718764,0
718887,0
718922,0
718962,0
718972,0
719135,0
719192,0
719213,0
719242,0
719383,0
719673,0
719706,0
719736,0
719824,0
720007,0
720079,0
720197,0
720300,1
720465,0
720514,0
720557,0
720626,0
720765,0
720939,0
721088,0
721225,0
721300,0
721366,0
721372,0
721377,0
721406,0
721423,0
721437,0
721438,0
721456,0
721494,0
721664,0
721688,0
721707,0
721713,0
721786,0
721973,0
721984,0
722003,0
722089,0
722120,0
722169,0
722324,0
722368,0
722399,0
722518,0
722538,0
722566,0
722629,0
722976,0
722988,0
723015,0
723055,0
723061,0
723091,0
723112,0
723186,0
723298,0
723347,0
723457,0
723476,0
723591,0
723672,0
723691,0
723707,0
723820,0
723912,0
723968,0
723978,0
724028,0
724033,0
724071,0
724139,0
724168,0
724222,0
724272,0
724378,0
724414,0
724424,0
724435,0
724626,0
724660,0
724720,0
724723,0
724781,0
724818,0
724979,1
724987,0
724989,0
725086,0
725100,0
725120,0
725129,0
725182,0
725294,0
725326,0
725413,0
725510,0
725575,0
725705,0
725795,0
725807,0
725835,0
726065,0
726139,0
726268,0
726309,0
726499,0
726544,0
726684,0
726688,0
726701,0
726732,1
726735,0
726848,0
726873,0
726932,0
727053,1
727091,0
727095,0
727175,0
727348,0
727415,0
727428,0
727446,0
727497,0
727507,0
727573,0
727595,0
727648,0
727847,0
727873,0
728021,0
728043,0
728085,0
728135,1
728228,0
728302,0
728316,1
728486,0
728563,0
728568,0
728586,0
728655,0
728679,0
728748,0
728818,1
728837,0
729084,0
729094,0
729154,0
729161,0
729173,0
729205,0
729394,0
729518,0
729537,0
729561,0
729581,0
729677,0
729762,0
729805,1
730088,0
730214,0
730246,0
730370,0
730388,0
730641,0
730715,0
730726,0
730737,0
730742,0
730748,1
730771,0
731001,0
731160,0
731238,0
731494,0
731510,0
731540,0
731593,0
731696,0
731819,0
731958,0
732009,0
732013,0
732081,0
732113,0
732144,0
732213,0
732231,0
732304,0
732362,0
732368,0
732488,0
732524,0
732602,0
732606,0
732694,0
732808,0
732813,0
732863,0
733046,0
733096,0
733181,0
733226,1
733324,0
733350,0
733370,0
733497,0
733582,0
733603,0
733608,0
733627,0
733658,0
733693,0
733746,0
733889,0
733903,0
733906,0
734035,0
734077,0
734192,0
734224,0
734226,1
734307,0
734458,0
734459,0
734490,0
734556,1
734647,0
734727,0
734752,0
734791,0
734801,0
734824,0
734838,1
734880,0
734938,1
734952,0
735000,0
735038,0
735263,0
735266,0
735304,0
735341,0
735515,0
735605,0
735627,0
735666,0
735676,0
735770,0
735790,0
735846,0
735964,0
735966,0
736109,0
736389,0
736414,0
736459,0
736504,0
736518,0
736615,1
736646,0
736685,0
736829,0
736970,0
737221,1
737474,0
737477,0
737509,0
737519,0
737534,0
737542,0
737604,0
737755,0
737756,0
737764,0
737791,0
737842,0
737906,0
737940,0
737949,0
738005,0
738096,0
738141,0
738204,0
738279,0
738320,0
738332,0
738427,0
738431,0
738432,0
738435,0
738459,0
738467,0
738473,1
738597,0
738651,0
738652,0
738732,0
738874,0
739005,0
739021,0
739084,0
739138,0
739284,0
739345,0
739352,0
739513,0
739617,0
739704,1
739781,0
739808,0
739820,0
739933,0
740025,0
740063,0
740083,0
740090,0
740105,0
740422,0
740577,1
740603,0
740608,0
740703,0
740754,0
740762,0
740763,0
740814,0
740992,0
741031,0
741138,0
741313,0
741421,0
741422,0
741428,0
741483,0
741677,0
741700,0
741801,0
741842,0
741892,0
742002,0
742009,0
742062,0
742064,0
742281,0
742319,0
742493,0
742509,0
742612,0
742669,0
742732,0
742749,0
742822,0
742854,0
742886,0
743001,0
743018,0
743121,0
743241,0
743256,0
743263,0
743510,0
743610,0
743734,0
743766,0
743768,0
743798,0
743835,0
743849,0
743879,0
744117,0
744135,0
744138,0
744181,0
744204,0
744234,0
744320,0
744406,0
744528,0
744567,0
744608,0
744612,0
744675,0
744698,0
744711,0
744778,0
744789,0
744860,1
745290,0
745354,0
745383,0
745420,0
745600,1
745636,0
745668,0
745729,0
745738,0
745769,0
745792,0
745811,0
745830,0
745901,0
745908,0
745920,0
746031,0
746060,0
746061,0
746171,0
746296,0
746402,0
746502,0
746520,0
746536,0
746554,0
746677,0
746772,0
746807,0
746837,0
747187,0
747304,0
747315,0
747339,0
747395,1
747509,0
747571,0
747578,0
747604,0
747609,0
747668,0
747681,0
747704,0
747759,0
747926,0
747939,0
747993,0
748019,0
748033,0
748055,0
748198,0
748286,1
748299,0
748586,0
748635,0
748649,0
748682,0
748701,0
748717,0
748810,0
748831,1
748890,0
749033,0
749212,0
749328,0
749430,0
749441,0
749459,0
749566,0
749684,0
749705,0
749801,0
749817,0
749827,0
749883,0
749972,0
750130,0
750152,0
750162,0
750171,0
750199,0
750280,0
750300,0
750324,0
750384,0
750454,0
750457,0
750649,0
750665,0
750688,0
750710,0
750739,0
750776,1
750862,0
750955,0
750974,0
751223,0
751351,0
751594,0
751602,0
751612,0
751628,0
751664,0
751718,0
751779,0
751820,0
751823,0
751824,0
751829,0
751990,0
752047,0
752107,0
752140,0
752217,0
752259,0
752274,0
752331,0
752462,0
752548,0
752580,0
752609,1
752663,0
752688,0
752704,0
752729,0
752826,0
752874,0
753038,0
753089,0
753141,0
753149,0
753219,0
753306,1
753452,0
753456,0
753473,0
753533,0
753637,0
753814,0
753887,0
753987,0
753994,0
754042,0
754175,0
754264,0
754292,0
754338,0
754416,0
754436,0
754517,0
754539,0
754599,0
754774,0
755014,0
755070,0
755073,0
755082,0
755276,0
755290,0
755337,0
755362,0
755367,0
755374,0
755406,0
755533,0
755538,0
755668,0
755759,0
755867,0
755977,0
756065,0
756317,0
756341,0
756355,0
756481,0
756496,0
756515,0
756543,0
756636,1
756646,0
756668,0
756791,0
756833,0
756862,0
756867,0
756891,0
756892,0
756907,0
756928,0
756929,0
756967,0
757010,0
757041,0
757047,0
757270,1
757387,0
757420,0
757446,0
757547,0
757634,0
757691,0
757696,0
757834,0
757879,0
757885,0
757938,0
758113,0
758210,0
758262,0
758372,0
758389,0
758432,0
758695,0
758738,0
758789,0
758840,0
758927,0
759017,0
759093,0
759223,0
759311,0
759322,0
759370,0
759417,1
759518,0
759551,0
759603,0
759785,0
759847,0
759899,0
759991,0
760061,0
760111,0
760155,0
760158,0
760166,0
760176,0
760196,0
760424,0
760508,0
760614,0
760645,0
760672,0
760835,0
760842,0
760876,0
760975,0
761015,0
761114,0
761150,1
761240,0
761403,0
761423,0
761459,0
761510,0
761613,0
761674,0
761694,0
761966,0
762044,0
762072,0
762255,0
762259,0
762272,0
762355,0
762389,0
762485,0
762671,0
762681,0
762715,0
762951,0
763000,1
763061,1
763071,0
763084,0
763113,0
763132,0
763177,0
763183,0
763241,0
763248,0
763341,0
763403,0
763406,0
763520,0
763591,0
763615,0
763621,1
763702,0
763761,0
763797,0
764167,0
764305,0
764513,0
764555,0
764578,0
764595,0
764634,0
764703,0
764869,0
764889,0
764896,0
764980,0
765079,0
765127,0
765202,0
765252,0
765261,0
765293,0
765323,0
765338,0
765408,0
765428,0
765481,0
765518,0
765655,0
765747,0
765793,0
765877,0
765924,0
765955,0
765989,0
766024,0
766335,0
766355,0
766530,0
766562,0
766733,0
766775,0
766777,0
766861,0
766886,0
766927,0
766969,0
767006,0
767058,0
767089,0
767331,0
767366,1
767385,0
767416,0
767428,0
767507,0
767534,0
767648,0
767672,0
767752,0
767767,0
767857,0
767894,0
767907,0
767908,0
768010,0
768012,0
768030,0
768072,0
768113,0
768255,0
768313,0
768354,0
768365,0
768415,0
768518,0
768748,0
768996,0
769023,1
769030,0
769346,0
769361,0
769521,0
769560,0
769669,0
769709,0
769731,0
769763,0
769891,0
769976,1
770094,0
770327,0
770362,1
770452,0
770591,0
770634,0
770727,1
770968,0
771035,0
771056,0
771259,0
771285,0
771307,0
771353,1
771667,0
771713,0
771757,0
771872,0
771901,0
771932,1
771943,0
771960,0
772019,0
772025,0
772081,0
772152,0
772181,0
772194,0
772237,0
772362,0
772370,0
772381,0
772395,0
772397,0
772437,0
772438,0
772484,0
772532,0
772628,0
772827,0
772834,0
772952,0
772960,0
773012,0
773112,0
773219,0
773261,0
773290,0
773293,0
773364,0
773390,0
773397,0
773418,0
773546,0
773571,1
773598,0
773648,0
773739,0
773805,0
773844,0
773865,0
773943,0
773973,0
773986,0
774103,0
774226,0
774234,0
774272,0
774275,0
774321,0
774326,0
774386,0
774724,0
775160,0
775170,0
775176,0
775185,0
775193,0
775304,0
775440,0
775520,1
775573,0
775639,0
775724,0
775768,0
776139,0
776153,1
776187,0
776317,0
776443,0
776453,0
776464,0
776547,0
776613,0
776736,0
776782,0
776795,0
776931,0
776956,0
777108,0
777118,0
777171,0
777197,0
777231,0
777300,0
777351,0
777418,0
777514,0
777531,0
777540,0
777549,0
777561,0
777714,0
777871,0
777875,0
777931,0
777990,0
778027,0
778030,0
778031,0
778066,0
778168,0
778310,0
778317,0
778393,0
778426,0
778590,0
778865,0
778920,0
778952,0
779046,0
779066,0
779082,0
779085,0
779106,0
779159,0
779171,0
779184,0
779211,1
779247,0
779291,0
779412,0
779427,0
779434,0
779435,0
779573,0
779679,0
779882,0
779929,0
779977,0
780140,0
780150,0
780236,0
780298,0
780423,0
780428,0
780504,0
780728,0
780944,0
780973,0
781052,0
781062,0
781110,0
781187,0
781219,0
781347,0
781354,0
781355,0
781463,0
781480,0
781495,0
781519,0
781570,0
781621,0
781647,0
781777,0
781924,0
781963,0
781970,0
782100,0
782124,0
782241,0
782282,0
782284,1
782329,0
782393,0
782485,0
782515,0
782549,0
782596,0
782654,0
782719,0
782818,0
783145,0
783255,0
783300,0
783363,0
783604,0
783610,1
783789,0
783791,0
783928,0
784113,0
784185,0
784271,0
784356,0
784380,0
784490,0
784537,0
784570,0
784608,0
784710,0
784782,0
784804,0
784838,0
784847,0
784945,0
784946,0
784962,0
785076,0
785114,0
785185,0
785223,0
785398,0
785738,0
785826,0
785836,0
785992,0
786255,0
786287,0
786391,0
786442,0
786525,0
786613,0
786624,0
786703,0
786709,0
786710,0
786827,0
786966,1
787001,0
787086,0
787276,0
787416,0
787472,0
787525,0
787548,0
787606,0
787625,0
787660,0
787763,0
787833,0
787875,0
788001,0
788091,0
788159,0
788217,0
788292,0
788325,0
788332,0
788354,0
788407,0
788460,1
788515,0
788759,0
788870,0
788947,0
788997,0
789001,0
789004,0
789052,0
789120,0
789148,0
789149,0
789190,0
789206,0
789288,1
789303,0
789421,0
789444,0
789573,0
789624,0
789797,0
789826,0
789859,0
789892,0
789932,0
790008,0
790089,0
790094,0
790123,0
790165,0
790178,0
790240,0
790287,1
790303,0
790341,0
790346,0
790450,0
790475,0
790649,0
790734,0
790813,0
791132,0
791202,0
791280,0
791282,0
791342,0
791355,0
791466,0
791678,0
791765,0
791809,0
791852,0
791978,0
792086,0
792103,0
792229,0
792332,0
792361,0
792383,0
792418,0
792514,0
792695,0
792698,0
792707,0
792795,0
792873,0
792898,0
792915,0
793094,0
793125,0
793126,0
793134,0
793154,0
793178,0
793285,0
793318,0
793328,0
793384,0
793423,0
793473,0
793549,0
793618,0
793619,0
793645,0
793662,0
793742,1
793761,0
793838,0
793892,0
793904,0
793980,1
793995,0
794024,0
794136,0
794202,0
794248,0
794286,0
794348,1
794480,0
794496,0
794502,0
794523,0
794552,0
794602,0
794677,0
794723,0
794752,0
794784,0
794863,0
794951,0
795084,0
795129,0
795230,0
795283,0
795446,0
795468,0
795486,0
795492,0
795512,0
795820,0
795840,1
796099,0
796104,0
796213,0
796281,0
796347,0
796484,0
796508,0
796541,0
796627,0
796670,0
796692,0
796900,0
796990,0
797078,0
797158,0
797187,1
797216,0
797326,0
797675,1
797685,0
797704,0
797714,0
797845,0
797897,0
797902,0
797991,0
798029,0
798216,0
798248,0
798279,0
798351,0
798375,0
798433,0
798525,0
798533,0
798662,0
798672,0
798708,0
798752,0
798814,0
798817,0
798832,0
798854,0
798871,0
798881,0
798954,0
799148,0
799157,0
799399,0
799437,0
799510,0
799630,0
799655,0
799690,0
799781,0
799857,0
799919,0
799967,0
799992,0
800016,0
800075,0
800094,0
800137,0
800220,0
800268,0
800357,0
800433,0
800450,0
800481,0
800499,0
800571,0
800610,0
800726,0
800800,0
800831,0
800878,0
800923,0
801146,0
801176,0
801227,0
801338,0
801368,0
801391,0
801483,0
801738,0
801788,0
801821,0
801882,0
802002,0
802084,0
802196,0
802200,0
802206,0
802305,0
802316,0
802336,0
802425,0
802452,0
802470,0
802478,0
802535,0
802556,0
802621,0
802645,0
802797,0
802860,0
802870,0
803150,0
803234,0
803407,0
803529,0
803586,1
803587,0
803656,0
803747,0
803796,0
803830,0
803844,0
803956,0
803976,0
804137,0
804259,0
804328,0
804368,0
804402,0
804438,0
804521,0
804534,0
804536,0
804557,0
804710,0
804770,0
804784,0
804816,1
804930,0
805008,0
805013,0
805110,0
805140,0
805159,0
805170,0
805226,0
805377,0
805431,0
805574,0
805598,0
805816,0
805890,0
805932,0
805977,0
806008,0
806030,0
806157,0
806168,0
806196,0
806283,0
806348,1
806598,0
806639,0
806815,0
806839,0
806850,0
806859,0
806995,0
807134,0
807152,0
807211,0
807256,0
807289,0
807297,0
807553,0
807570,0
807589,0
807681,0
807769,0
807902,0
808005,0
808096,0
808206,0
808353,0
808392,0
808399,0
808498,0
808524,0
808721,0
808920,0
809016,0
809024,0
809107,0
809207,0
809216,0
809218,0
809299,0
809404,0
809449,0
809587,0
809728,0
809733,0
810028,0
810071,0
810100,0
810257,0
810338,0
810448,0
810482,0
810503,0
810517,1
810581,0
810621,0
810668,0
810693,0
810755,0
810833,0
810899,0
810990,0
811139,0
811162,0
811289,0
811333,0
811335,0
811471,0
811567,0
811569,0
811619,0
811684,0
811802,0
812042,0
812057,0
812149,0
812152,0
812248,0
812282,0
812373,0
812417,0
812513,0
812599,0
812804,0
812894,0
812899,0
813320,0
813439,0
813455,0
813520,0
813567,0
813620,0
813652,0
813681,0
813725,0
813931,0
814067,0
814112,0
814236,0
814490,0
814653,0
814698,0
814703,0
814748,0
815207,0
815328,0
815344,0
815541,0
815584,0
815626,0
815643,0
815718,0
815789,0
815796,0
815804,0
815834,0
815841,0
815850,0
816110,0
816122,1
816196,0
816323,0
816420,0
816593,0
816608,0
816705,0
816763,0
816937,0
816983,0
817066,0
817069,0
817070,0
817074,0
817102,0
817136,0
817158,0
817168,0
817245,1
817288,0
817375,0
817456,0
817520,0
817527,0
817573,0
817609,0
817613,0
817714,0
817744,0
817822,0
817851,0
817932,0
818077,0
818114,0
818271,0
818454,0
818484,0
818567,0
818597,0
818616,0
818864,0
818870,0
818881,0
818940,0
818995,0
819055,0
819077,0
819149,0
819255,0
819267,0
819315,0
819375,0
819497,0
819521,0
819569,0
819592,0
819664,0
819718,0
819765,0
819809,0
819842,0
819924,0
819969,0
820164,0
820204,0
820223,0
820341,0
820370,0
820406,0
820454,0
820501,0
820541,0
820542,0
821010,0
821043,0
821117,0
821137,0
821202,0
821216,0
821296,0
821314,0
821325,0
821379,1
821404,0
821462,0
821515,0
821739,0
821820,0
821918,0
821944,1
822051,0
822066,0
822102,0
822122,0
822205,0
822211,0
822305,0
822507,0
822555,0
822696,0
822723,1
822727,1
822765,0
822811,1
822901,0
822956,0
822995,0
823048,0
823112,0
823113,0
823208,0
823257,1
823319,0
823436,1
823453,0
823567,0
823590,0
823628,0
823665,0
823740,0
823761,0
823768,0
823789,0
823816,0
823986,0
823998,0
824133,0
824163,0
824259,0
824315,0
824351,0
824360,0
824414,0
824462,0
824486,0
824610,0
824668,0
824712,0
824906,0
824917,0
824990,0
825165,0
825217,0
825239,0
825254,0
825315,0
825333,0
825336,0
825464,0
825465,0
825484,0
825490,0
825517,0
825569,0
825593,0
825809,0
826113,0
826136,0
826149,0
826166,0
826271,1
826304,0
826589,0
827147,0
827164,0
827172,0
827190,0
827194,0
827215,0
827275,0
827288,0
827309,1
827334,0
827339,0
827546,0
827668,1
827731,0
827790,0
827819,0
828076,0
828109,0
828136,0
828182,0
828232,0
828353,0
828481,0
828643,0
828731,0
828735,0
828776,0
828816,0
828817,0
828895,0
828918,0
828924,0
828959,0
828967,0
828988,0
829003,0
829162,0
829263,0
829291,0
829505,0
829588,0
829627,0
829663,0
829684,0
829861,0
829886,0
830024,0
830171,0
830223,0
830385,0
830446,0
830503,0
830564,0
830673,0
830743,0
830777,0
830811,0
830818,0
830931,0
830975,0
831035,0
831087,0
831180,0
831253,0
831404,0
831424,0
831442,0
831693,0
831696,0
831797,0
831812,1
831829,0
831854,0
831860,0
831928,1
831948,0
831964,0
832046,0
832062,0
832301,0
832367,0
832431,0
832566,0
832597,0
832625,0
832663,0
832665,0
832745,0
832864,0
832921,0
832983,0
833024,0
833052,0
833148,1
833197,0
833221,0
833233,0
833305,0
833317,0
833322,0
833397,0
833436,0
833569,0
833576,0
833627,1
833679,0
833683,0
833701,0
833704,0
833728,0
833765,0
833783,0
833793,0
833801,0
833844,0
833891,0
833998,0
834063,1
834066,0
834081,0
834120,0
834270,0
834286,0
834304,0
834306,0
834453,0
834523,0
834544,0
834550,0
834571,0
834576,0
834615,0
834726,0
834733,0
834760,0
834799,0
834943,0
835009,0
835062,0
835149,0
835240,0
835377,0
835440,1
835484,0
835491,0
835508,0
835566,1
835683,0
835693,0
835760,0
835764,0
835779,0
835785,0
835796,0
835920,0
835973,0
836112,0
836226,0
836343,0
836374,0
836405,0
836443,0
836475,0
836486,0
836523,0
836550,0
836622,0
836665,0
836706,0
836713,0
836720,0
836964,0
837175,0
837215,0
837237,0
837269,0
837360,0
837517,0
837526,0
837580,0
837628,0
837641,0
837646,1
837733,0
837810,0
837833,0
837932,0
838008,0
838032,0
838160,0
838232,0
838270,0
838283,0
838482,0
838553,1
838584,0
838634,0
838650,0
838657,0
838771,0
838784,1
838845,1
838881,0
838885,0
838938,0
838993,1
839115,0
839132,0
839263,0
839295,0
839328,0
839356,0
839362,0
839412,0
839461,0
839494,0
839527,0
839579,0
839659,0
839694,0
839748,0
839967,0
840008,0
840021,0
840038,0
840059,0
840071,0
840120,0
840135,0
840184,0
840262,0
840326,0
840376,0
840481,0
840515,0
840667,0
840741,1
840866,0
840882,0
840984,0
841204,0
841219,0
841249,0
841369,0
841373,0
841437,0
841456,0
841631,0
841636,0
841674,0
841677,0
841916,0
841948,0
842049,0
842054,0
842066,0
842210,0
842236,0
842279,0
842390,0
842405,0
842527,0
842582,0
842641,0
842770,0
842793,0
842855,0
842959,0
842982,0
843037,0
843101,0
843158,0
843212,0
843233,0
843642,0
843665,0
843672,0
843836,0
843919,1
843972,0
844125,0
844152,0
844193,0
844222,1
844348,0
844479,0
844540,0
844556,0
844582,0
844641,0
844677,0
844749,0
844834,0
844959,0
845041,0
845061,0
845176,0
845180,0
845227,0
845273,0
845275,0
845319,0
845435,0
845488,0
845580,0
845684,0
845699,0
845782,0
845807,0
845819,0
845864,0
845945,0
845947,0
845994,0
846046,0
846055,0
846119,0
846125,0
846194,0
846243,0
846277,0
846291,0
846313,0
846374,0
846458,0
846515,0
846732,0
846796,0
846864,0
846950,0
846953,0
847136,0
847183,0
847312,0
847357,0
847359,0
847502,1
847559,0
847579,0
847601,0
847609,0
847724,0
847771,0
847772,0
848003,0
848159,0
848185,0
848248,0
848250,0
848562,0
848615,0
848632,0
848694,1
848736,0
848804,0
848973,0
848998,0
849105,0
849178,0
849298,0
849330,0
849415,0
849425,0
849510,0
849549,0
849587,0
849589,0
849705,0
849884,0
850034,0
850092,0
850123,0
850170,1
850245,0
850359,0
850414,0
850418,0
850694,0
850721,0
850821,0
850828,0
850953,0
851130,0
851231,0
851255,0
851390,0
851421,0
851499,0
851549,0
851562,0
851563,0
851830,0
851836,0
851871,0
851901,0
851931,0
851981,0
851982,0
851986,0
852006,0
852094,0
852253,0
852310,0
852323,0
852392,0
852394,0
852520,0
852571,0
852573,0
852597,0
852855,0
852863,0
852995,0
853039,0
853272,0
853417,0
853421,0
853438,0
853540,0
853565,1
853603,0
853608,0
853641,0
853704,0
853826,0
853871,0
853894,0
853957,0
854077,0
854243,0
854249,0
854610,0
854704,0
854709,0
854812,0
854831,0
854884,0
854902,0
854969,0
854998,0
855007,0
855026,0
855050,0
855190,0
855198,0
855261,0
855372,0
855381,1
855383,0
855384,0
855394,0
855400,0
855451,0
855506,0
855530,0
855559,0
855602,0
855635,0
855721,0
855883,0
855922,0
855998,0
856074,0
856229,0
856348,0
856364,0
856406,0
856502,0
856609,0
856654,0
856667,0
856705,0
856782,0
856818,0
856830,0
856942,0
857159,0
857161,1
857247,0
857292,0
857353,0
857481,0
857497,0
857516,0
857538,0
857619,0
857629,0
857682,0
857708,0
857814,0
857878,0
857912,0
857914,0
857942,0
857946,0
857971,0
858013,0
858106,0
858196,0
858266,0
858294,0
858341,0
858352,0
858417,0
858445,0
858453,0
858557,0
858563,0
858626,0
858667,0
858669,0
858674,0
858802,0
858817,0
858957,0
858961,0
859176,0
859258,0
859343,1
859508,0
859516,0
859549,0
859553,0
859730,0
859821,0
859871,0
859957,0
859972,0
860017,0
860032,0
860099,0
860172,0
860206,0
860602,0
860657,0
860684,0
860724,0
860809,0
860848,0
860980,0
861058,0
861079,0
861095,0
861162,0
861191,0
861330,0
861336,0
861415,0
861470,0
861558,0
861669,0
861696,0
861700,0
861877,0
861879,1
861924,0
862096,0
862100,0
862159,0
862212,0
862258,0
862576,0
862659,1
862932,0
862979,0
863019,0
863035,0
863070,0
863093,0
863108,0
863122,0
863219,0
863223,0
863259,0
863262,0
863349,0
863384,0
863432,0
863459,0
863516,0
863599,0
863626,0
863744,0
863751,0
863809,0
863884,0
864084,0
864128,0
864161,0
864288,0
864318,0
864327,0
864456,0
864485,0
864806,0
864967,0
865066,0
865198,0
865401,0
865406,0
865429,0
865654,1
865727,0
865737,0
865759,0
865803,0
865855,0
865977,0
866073,0
866168,0
866242,0
866295,1
866302,0
866307,0
866403,0
866455,0
866501,0
866604,0
866606,0
866701,0
866983,0
866995,0
867056,0
867070,0
867112,0
867289,0
867301,0
867327,0
867446,0
867472,0
867532,0
867624,0
867757,0
867780,0
867801,0
867833,0
867840,0
868037,0
868152,0
868154,0
868161,0
868230,0
868250,0
868568,0
868659,0
868719,0
868744,0
868767,0
868830,1
868912,0
868926,0
869116,0
869133,0
869164,0
869190,0
869226,0
869265,0
869276,0
869283,0
869284,0
869471,0
869504,0
869672,0
869743,1
869799,0
869804,0
869971,0
870022,0
870039,0
870045,0
870120,0
870169,0
870203,0
870522,0
870574,0
870687,0
870764,0
870857,0
870998,0
871022,0
871045,0
871074,0
871094,0
871124,0
871145,0
871188,0
871203,0
871206,0
871219,0
871287,0
871380,0
871445,0
871606,0
871627,0
871972,0
871980,0
872069,1
872079,0
872234,0
872335,0
872676,0
872774,0
872814,0
872932,0
872946,0
873022,1
873045,0
873116,0
873169,0
873177,0
873180,0
873297,1
873415,0
873436,0
873458,0
873468,0
873488,0
873498,0
873551,0
873579,0
873886,0
873945,0
873965,1
873977,0
874035,0
874044,0
874104,0
874161,0
874184,0
874267,0
874336,0
874374,0
874415,0
874589,1
874612,1
874614,0
874780,0
874842,0
874876,0
874939,0
874984,0
875086,0
875232,1
875473,0
875483,0
875485,1
875560,0
875657,0
875707,0
875796,0
875819,0
876006,0
876057,0
876062,0
876083,0
876207,0
876232,0
876254,0
876269,0
876319,0
876326,0
876409,0
876426,0
876538,0
876569,0
876755,0
876757,0
876850,0
877008,0
877101,0
877124,0
877242,0
877251,0
877352,1
877384,0
877419,1
877488,0
877595,0
877603,0
877609,0
877630,0
877654,0
877730,0
877945,0
878240,0
878281,0
878284,0
878388,0
878510,1
878568,0
878575,0
878582,0
878633,0
878653,0
878909,0
879036,0
879177,0
879185,0
879265,0
879462,0
879506,0
879542,0
879601,0
879787,0
879844,0
879892,0
879904,0
879964,0
880033,0
880065,0
880205,0
880406,0
880436,0
880505,0
880619,0
880681,0
880709,0
880740,0
880805,0
880849,0
880948,0
881000,0
881001,0
881156,0
881157,0
881198,0
881304,0
881362,0
881413,0
881584,0
881628,1
881749,0
881818,0
881828,0
881846,0
881943,0
881983,0
882025,0
882044,0
882353,0
882409,0
882466,0
882544,0
882590,0
882718,0
882725,0
882911,0
883002,0
883055,0
883065,0
883155,0
883174,0
883212,0
883230,0
883255,0
883376,0
883468,1
883489,0
883505,0
883574,0
883660,0
883702,0
883755,0
883773,0
883816,0
883841,0
883852,0
883963,0
883968,0
884040,0
884062,0
884088,0
884089,0
884433,0
884505,0
884522,0
884691,0
884708,0
884844,0
884875,0
884909,0
885007,0
885176,0
885274,0
885474,0
885480,0
885497,0
885682,0
885723,0
885739,0
885763,0
885848,0
885871,0
885888,0
885933,0
886086,0
886127,0
886299,0
886439,0
886677,0
886764,0
886876,0
887117,0
887209,0
887228,0
887266,0
887328,0
887464,0
887511,0
887609,0
887730,0
887748,0
887892,0
887995,0
888049,0
888115,0
888131,0
888291,0
888297,0
888357,0
888417,0
888430,0
888506,0
888649,0
889061,0
889501,1
889569,0
889671,0
889687,0
889697,0
889786,0
889796,0
890051,0
890232,1
890395,0
890404,0
890437,0
890447,0
890543,0
890595,0
890617,0
890646,0
890673,0
890702,0
890753,0
890936,0
891012,0
891046,0
891097,0
891128,0
891179,0
891237,0
891335,0
891413,0
891604,0
891647,0
891696,0
891727,0
891790,0
891810,0
891903,0
891931,0
892022,0
892068,0
892079,0
892199,0
892219,0
892258,0
892502,0
892616,0
892632,0
892701,0
892723,0
892797,0
892967,0
892994,0
893040,0
893057,0
893120,0
893266,0
893294,0
893375,0
893427,0
893549,0
893574,0
893632,0
893661,0
893725,0
893771,0
893789,0
893863,0
893866,0
894041,0
894048,0
894099,0
894111,0
894175,0
894322,0
894340,0
894436,0
894448,0
894466,0
894478,0
894532,0
894608,0
894620,0
894691,0
894788,0
894799,0
894919,0
895085,0
895185,0
895267,0
895346,0
895433,0
895451,0
895537,0
895544,0
895560,0
895601,0
895651,0
895684,0
895725,0
895878,0
895921,0
895972,0
896075,0
896095,0
896283,0
896331,0
896372,0
896651,0
896790,0
896792,0
896853,0
896861,0
896947,0
896951,0
897229,0
897293,0
897387,0
897545,0
897673,1
897716,0
897772,0
897835,0
897904,0
898000,0
898122,0
898149,0
898162,0
898229,0
898417,0
898423,0
898427,0
898437,0
898438,0
898495,0
898514,0
898552,0
898630,0
898698,0
898787,0
898788,0
899009,0
899287,0
899509,0
899592,0
899825,0
899871,0
899883,0
899958,0
900083,0
900133,0
900151,0
900325,1
900359,0
900460,0
900501,0
900505,0
900726,0
900753,1
900795,0
900853,0
900894,0
901002,0
901049,1
901231,0
901442,0
901520,0
901550,0
901578,0
901690,0
901747,0
901758,0
901775,0
901780,0
901819,0
901857,0
901954,0
901978,0
901987,0
902015,0
902040,0
902083,0
902148,0
902192,0
902241,0
902277,0
902298,0
902515,0
902555,0
902562,0
902608,0
902679,0
902690,0
902693,0
902852,0
902966,0
903006,0
903146,0
903209,0
903290,0
903327,0
903359,0
903379,0
903496,0
903534,0
903641,0
903648,0
903797,0
904114,0
904283,0
904304,0
904367,0
904378,0
904397,1
904501,0
904602,0
904669,0
904693,0
904704,0
904736,0
904741,0
904805,0
904920,0
904992,0
905180,0
905213,0
905320,0
905360,0
905478,0
905569,0
905634,0
905787,0
905806,0
905854,0
905907,0
905909,0
906158,0
906178,0
906262,0
906267,0
906274,1
906316,0
906346,0
906396,0
906428,0
906468,0
906564,1
906615,0
906623,0
906715,0
906780,0
906826,0
906836,0
906848,0
906852,0
906946,0
907025,0
907038,0
907077,1
907157,0
907209,0
907252,0
907324,0
907544,0
907636,0
907858,0
907934,0
907950,0
908120,0
908123,0
908246,0
908301,0
908374,0
908404,0
908519,0
908580,0
908643,0
908728,0
908729,0
908759,0
908844,0
908882,0
909020,0
909068,0
909075,0
909134,0
909238,0
909242,0
909260,0
909262,1
909328,0
909385,0
909476,0
909483,0
909503,0
909543,0
909677,0
909727,0
909800,0
909845,0
910056,0
910142,0
910157,0
910391,0
910492,1
910576,0
910645,0
910716,0
910875,0
910969,0
911003,0
911089,0
911372,0
911503,0
911525,0
911585,0
911655,0
911663,0
911668,0
911744,0
911812,0
911852,1
911906,0
911920,0
911971,0
912064,0
912128,0
912252,0
912293,0
912352,0
912396,0
912420,0
912539,0
912588,0
912633,0
912712,0
912757,0
912797,0
912864,0
912939,0
912957,0
913060,0
913233,0
913340,0
913449,0
913522,0
913571,0
913721,0
913866,0
913895,0
913949,0
913981,0
914044,0
914088,0
914152,0
914316,0
914368,0
914609,0
914799,0
914937,0
915147,0
915156,0
915194,0
915198,0
915243,1
915286,0
915439,0
915571,0
915638,0
915846,0
915902,0
915933,0
915948,0
916000,0
916020,0
916131,0
916269,0
916300,0
916358,0
916478,0
916594,0
916851,0
916880,0
917191,0
917192,0
917352,0
917423,0
917610,0
917630,0
917725,0
917779,0
917798,0
917870,0
917972,0
917983,0
917998,0
918017,1
918021,0
918042,0
918048,0
918053,0
918112,0
918163,0
918272,0
918341,0
918478,0
918479,0
918564,0
918631,0
918756,0
918807,0
918984,0
919117,0
919285,0
919329,0
919338,0
919340,0
919437,0
919557,0
919668,0
919748,0
919818,0
919823,0
919832,0
919888,0
919889,0
919894,0
919922,1
919951,0
920100,0
920118,0
920145,0
920162,0
920175,0
920211,0
920321,0
920326,0
920545,0
920637,0
920657,0
920716,0
920792,0
920840,0
920954,0
920966,0
921059,0
921102,0
921130,0
921278,0
921298,0
921357,0
921375,0
921403,1
921489,0
921530,1
921563,0
921705,0
921776,0
921777,0
921886,0
921899,0
922000,0
922047,0
922161,0
922188,0
922206,0
922210,0
922351,0
922388,0
922484,0
922614,0
922634,0
922786,0
922815,0
922926,0
923041,0
923062,0
923108,0
923164,0
923201,0
923234,0
923268,0
923293,0
923333,0
923336,0
923406,0
923527,0
923560,0
923680,0
923761,0
923799,0
923959,0
924037,0
924056,0
924089,0
924132,0
924153,0
924173,0
924268,0
924469,0
924489,0
924493,0
924630,0
924634,0
924643,0
924719,0
924724,0
924787,0
924793,0
924794,0
924878,0
924936,0
925254,0
925340,0
925353,0
925385,0
925413,0
925433,0
925504,0
925573,0
925609,0
925767,0
925819,0
925850,0
925978,0
926083,0
926106,0
926129,0
926175,0
926250,0
926277,0
926300,0
926451,0
926494,0
926609,0
926611,0
926961,0
927026,0
927202,0
927305,0
927339,0
927401,0
927446,0
927676,0
927703,0
927721,0
927848,0
927887,0
927937,0
927943,0
927975,0
928082,0
928116,0
928153,0
928238,0
928291,0
928292,0
928294,0
928354,0
928438,0
928644,0
928734,0
928804,0
928868,0
928916,0
928922,0
928942,0
928957,0
928964,0
929009,0
929097,0
929282,0
929302,0
929410,0
929451,0
929701,0
929712,1
929728,0
929880,0
929885,0
929913,0
929980,0
930089,0
930209,0
930325,0
930489,0
930502,0
930562,0
930584,0
930718,0
930774,0
930848,0
930893,0
930900,0
930921,0
931054,0
931097,0
931135,0
931183,0
931244,0
931247,1
931537,0
931622,0
931657,0
931914,0
932233,0
932249,0
932270,0
932363,0
932405,0
932453,0
932513,0
932526,0
932572,0
932623,0
932745,0
932748,1
932823,0
932973,0
933053,0
933187,0
933208,0
933233,0
933552,0
933642,0
933656,0
933682,0
933707,0
933807,0
933848,0
933968,0
934134,0
934212,0
934235,0
934267,0
934280,0
934529,1
934604,0
934893,0
934912,0
935068,0
935110,0
935161,0
935235,0
935253,0
935274,0
935328,0
935420,0
935504,0
935570,0
935738,0
935876,0
936088,0
936211,0
936214,0
936273,0
936305,0
936319,0
936440,0
936547,0
936570,0
936612,1
936723,1
936761,0
937030,0
937065,0
937071,0
937127,0
937163,0
937228,0
937250,0
937312,0
937385,0
937418,0
937430,0
937476,0
937484,1
937512,0
937638,0
937645,0
937662,0
937742,0
937788,0
937862,0
937911,0
937922,0
937946,0
937956,0
938031,0
938093,0
938323,0
938324,0
938482,1
938516,0
938603,0
938628,0
938636,0
938822,0
938873,0
938914,0
938981,0
939094,0
939098,0
939103,0
939238,0
939319,0
939399,0
939428,0
939431,0
939466,0
939485,0
939562,0
939571,0
939683,0
939741,0
939752,0
939766,0
939856,0
939932,0
939961,0
939992,0
940187,0
940200,0
940213,0
940249,0
940256,0
940711,0
940760,0
940796,0
940822,0
941064,0
941092,0
941109,0
941122,1
941127,0
941170,0
941361,0
941380,0
941545,0
941621,1
941679,0
941683,0
941719,1
941852,0
941865,0
941882,0
941984,0
942017,1
942191,0
942355,0
942413,0
942535,0
942601,0
942681,0
942703,0
942779,0
942819,0
942926,0
942984,0
943048,0
943068,0
943195,1
943211,0
943236,0
943380,0
943460,0
943553,0
943602,0
943647,0
943756,0
943775,0
943804,0
943997,0
944035,0
944093,0
944124,0
944243,0
944261,0
944355,0
944454,0
944491,1
944506,0
944541,0
944636,0
944702,0
944750,0
944810,0
944821,0
944855,0
944980,0
945014,0
945015,0
945037,0
945064,0
945091,0
945133,0
945166,0
945199,0
945379,0
945430,0
945455,1
945479,0
945485,0
945703,0
945761,1
945765,0
945780,0
945834,0
945974,0
945996,0
946001,0
946061,0
946070,0
946172,1
946258,0
946525,0
946645,1
946771,0
946816,0
946932,0
946998,0
947001,0
947026,0
947099,0
947123,1
947158,0
947234,0
947367,0
947408,0
947467,0
947497,0
947620,0
947635,0
947641,0
947679,0
947711,0
947750,0
947763,0
947863,0
947868,0
947906,0
948053,0
948117,0
948145,0
948325,0
948404,0
948489,0
948576,0
948591,0
948616,0
948658,0
948662,0
948693,0
948714,0
948747,0
948783,0
948785,0
948815,0
948825,0
948831,0
948950,0
949134,0
949175,0
949290,0
949406,0
949821,0
949829,0
949890,0
949952,0
949974,0
950029,0
950107,0
950193,0
950213,0
950216,0
950336,0
950356,0
950391,0
950393,0
950403,0
950437,0
950445,0
950446,0
950467,0
950593,0
950660,0
950707,0
950832,0
950914,0
950915,0
950933,0
950980,0
951116,0
951226,0
951353,0
951389,0
951458,0
951546,0
951616,0
951624,0
951712,0
951719,0
951746,0
951781,0
951879,0
951941,0
951954,0
952003,0
952026,0
952077,0
952093,0
952222,0
952322,0
952326,0
952493,0
952532,0
952545,0
952573,1
952582,0
952602,0
952629,0
952641,0
952672,0
952696,0
952717,0
952730,0
952911,0
952938,0
952955,0
952959,0
953097,0
953198,0
953210,1
953281,0
953341,0
953420,0
953431,0
953448,0
953614,0
953673,0
953693,0
953784,0
953795,0
953892,0
953927,0
954231,0
954329,0
954424,0
954453,0
954558,0
954570,0
954750,0
954836,0
954952,0
954973,0
955087,0
955178,0
955292,0
955424,0
955448,0
955463,0
955479,0
955567,0
955633,0
955649,0
955666,0
955716,0
955720,0
955750,0
955773,0
955991,0
956005,0
956071,0
956144,0
956191,0
956402,0
956438,0
956477,0
956558,0
956619,0
956843,0
956861,1
956908,0
956946,0
957008,0
957061,0
957127,0
957214,0
957276,1
957413,0
957419,0
957452,0
957557,0
957571,0
957572,0
957628,0
957686,0
957764,0
957881,0
957901,0
957912,0
958005,0
958026,0
958059,0
958143,0
958224,0
958243,0
958274,0
958299,0
958472,0
958491,0
958544,0
958687,0
958709,0
958767,0
958791,0
958800,0
958915,0
958923,0
958931,0
958941,0
959044,0
959059,0
959137,0
959192,0
959280,0
959364,0
959402,0
959478,0
959514,0
959673,0
959728,0
959793,0
959821,0
959977,0
960005,0
960082,0
960195,0
960309,0
960417,0
960441,0
960629,0
960708,0
960913,0
960934,0
961177,0
961218,0
961331,0
961427,0
961533,0
961595,0
961639,0
961682,0
961837,0
961961,0
961965,0
961978,0
962011,0
962267,0
962455,0
962566,0
962637,0
962657,0
962661,0
962730,0
962801,0
962989,0
963016,0
963036,0
963067,0
963100,0
963170,0
963410,0
963464,0
963473,0
963487,0
963502,0
963523,0
963541,0
963595,0
963619,0
963642,0
963644,0
963690,0
963757,0
963814,0
963985,0
964047,0
964151,0
964159,0
964744,0
964789,0
964791,0
965012,0
965066,1
965079,0
965116,0
965154,0
965254,0
965482,0
965590,0
965605,0
965674,0
965688,0
965698,0
965751,0
965758,0
965948,0
966059,0
966117,0
966142,0
966204,0
966210,0
966227,0
966285,0
966372,0
966389,0
966391,0
966512,0
966580,0
966698,1
966729,0
966797,0
966891,0
966920,0
966953,0
967017,0
967032,0
967035,0
967093,0
967150,0
967241,0
967253,1
967298,0
967300,0
967347,0
967443,0
967462,0
967490,0
967500,0
967502,0
967628,0
967637,0
967693,1
967772,0
967838,0
967883,0
967904,0
967966,0
968034,0
968064,0
968090,0
968225,0
968253,0
968312,0
968325,0
968370,0
968447,0
968450,0
968484,0
968497,0
968608,0
968632,0
968638,0
968666,0
968671,0
968764,0
968807,0
968828,0
968943,0
969053,0
969092,0
969165,0
969277,0
969313,0
969318,0
969342,0
969350,0
969360,0
969378,0
969483,0
969485,0
969500,0
969616,0
969617,0
969626,0
969632,0
969653,1
969687,0
969689,0
969732,0
969764,0
969810,0
969913,0
969924,0
969933,0
969938,0
970014,0
970092,0
970102,0
970154,0
970195,0
970351,0
970576,0
970637,0
970639,0
970706,0
970746,0
970783,0
970964,0
970976,0
971097,0
971107,0
971142,0
971157,0
971164,0
971318,0
971370,0
971488,0
971528,0
971581,0
971582,0
971599,0
971609,0
971627,0
971637,0
971670,0
971987,0
972121,0
972129,0
972157,0
972298,0
972581,0
972636,0
972648,0
972673,0
972686,0
972732,0
972787,0
972795,0
972954,0
972964,0
972994,0
973060,1
973111,0
973112,0
973168,0
973357,0
973485,0
973524,0
973728,0
973846,0
973860,0
973897,0
973921,0
973951,0
974041,0
974114,0
974209,0
974265,0
974330,0
974441,1
974500,0
974606,0
974617,0
974630,0
974758,0
974777,0
974829,0
974848,0
974875,0
975181,0
975199,0
975298,0
975309,0
975387,0
975407,0
975412,0
975477,0
975497,0
975614,0
975749,0
975767,0
975846,0
975918,0
975944,0
976007,0
976153,0
976307,0
976423,0
976489,0
976513,0
976529,0
976596,0
976605,0
976623,0
976636,0
976695,0
976700,0
977037,0
977080,0
977178,0
977244,0
977274,0
977303,0
977305,0
977363,1
977377,1
977523,0
977550,0
977693,0
977916,0
978048,0
978130,0
978349,0
978484,0
978654,0
978676,0
979010,0
979053,0
979075,0
979115,0
979135,0
979262,0
979309,0
979355,0
979389,0
979449,1
979467,0
979548,0
979575,0
979598,0
979634,0
979639,0
979644,0
979703,0
979776,0
979901,0
979983,0
980198,0
980338,0
980414,0
980478,0
980575,0
980651,0
980761,0
980788,0
980837,0
980856,0
980915,0
980935,0
980952,0
981091,0
981117,0
981150,0
981160,0
981195,0
981201,0
981220,1
981304,0
981343,0
981395,0
981427,0
981434,0
981508,0
981536,0
981581,0
981664,0
981674,0
981691,0
981737,0
981848,0
981851,0
981920,0
982017,0
982059,0
982096,0
982202,0
982296,0
982416,0
982433,0
982446,0
982501,0
982508,0
982528,1
982535,0
982542,1
982578,0
982715,0
982969,0
983130,0
983242,0
983393,0
983416,0
983524,0
983551,0
983713,0
983809,0
983822,0
983900,0
983968,0
984055,0
984086,0
984115,0
984290,0
984409,0
984429,0
984545,0
984636,0
984798,0
984824,0
984878,0
985183,0
985211,0
985266,0
985320,1
985341,0
985374,0
985516,0
985707,0
985765,0
985839,0
986018,0
986055,0
986086,0
986143,0
986208,0
986217,0
986288,0
986421,0
986461,0
986507,0
986551,0
986623,0
986825,0
987122,0
987153,0
987171,0
987205,0
987221,0
987347,0
987425,0
987482,0
987530,0
987612,0
987921,0
987978,0
988043,0
988149,0
988178,0
988249,0
988307,0
988345,0
988392,0
988419,0
988510,0
988638,0
988691,0
988728,0
988921,0
989048,0
989134,0
989148,0
989154,0
989256,0
989262,0
989406,0
989478,0
989527,0
989528,0
989568,0
989666,0
989746,0
989802,0
989816,0
989986,0
990077,0
990204,0
990218,0
990268,0
990595,0
990598,0
990905,0
990918,0
990933,0
990955,0
991050,0
991056,0
991084,0
991090,0
991210,1
991230,0
991356,0
991419,0
991442,1
991529,0
991568,0
991638,0
991672,0
991893,0
991924,0
992002,0
992028,0
992065,1
992072,0
992168,0
992194,0
992268,0
992476,0
992488,0
992524,0
992538,0
992769,0
992854,0
992886,0
992930,0
992985,0
992986,0
993054,0
993058,0
993170,0
993241,0
993266,0
993271,0
993328,0
993650,0
993986,0
994044,1
994225,0
994285,0
994308,0
994374,0
994377,0
994443,0
994541,0
994571,0
994609,0
994676,0
994679,1
994707,0
994763,0
994877,0
994940,0
994993,0
995091,0
995128,0
995142,0
995333,0
995527,0
995662,0
995695,0
995734,0
995777,0
995877,0
996086,0
996152,0
996238,0
996254,0
996333,0
996349,0
996488,0
996539,0
996616,0
996639,0
996686,0
996745,0
996794,0
996796,0
996896,0
996900,0
996989,0
996997,0
997121,0
997189,0
997359,0
997370,1
997395,0
997434,0
997439,0
997478,0
997539,0
997599,0
997654,0
997710,1
997741,0
997945,0
997964,0
998072,1
998078,0
998085,0
998090,0
998112,0
998192,0
998465,0
998507,0
998580,0
998776,0
998820,0
998934,0
998972,1
999120,0
999272,0
999498,0
999513,0
999524,0
999550,0
999631,0
999731,1
999788,1
999902,0
999940,0
999986,0
