loyalty_number,seasonal_volatility,churned
100018,1.0555555555555556,0
100102,1.111111111111111,0
100140,1.5,0
100214,1.0694444444444444,0
100272,1.0555555555555556,0
100301,1.0833333333333333,0
100364,1.5555555555555556,0
100380,1.3333333333333333,0
100428,1.125,0
100504,1.5833333333333333,1
100550,1.5,0
100585,1.611111111111111,0
100590,3.8400000000000007,0
100642,1.25,0
100644,0.9722222222222222,0
100646,1.6666666666666667,0
100727,1.5833333333333333,0
100737,1.2777777777777777,0
100753,1.5833333333333333,0
100816,0.8333333333333334,0
100853,1.125,0
100883,1.388888888888889,0
100890,0.8888888888888888,0
101018,1.4305555555555554,0
101148,1.0694444444444444,0
101363,1.7777777777777777,0
101487,0.8472222222222222,0
101515,1.0,0
101540,0.9444444444444445,0
101544,1.611111111111111,0
101547,0.6666666666666666,0
101581,1.5555555555555556,0
101594,1.0972222222222223,0
101663,1.5833333333333333,0
101664,1.5833333333333333,0
101709,1.25,0
101876,1.1666666666666667,1
101895,0.8888888888888888,0
101902,0.8333333333333334,0
101945,1.222222222222222,0
102168,1.25,0
102184,1.152777777777778,0
102207,1.2916666666666667,0
102299,1.7222222222222223,0
102311,1.4166666666666667,0
102376,6.08,0
102464,0.7777777777777778,0
102726,1.222222222222222,0
102730,1.0,0
102788,5.04,0
102851,1.25,0
102877,1.5,0
102982,1.25,0
103151,1.027777777777778,0
103217,1.5833333333333333,0
103304,1.2638888888888888,0
103340,1.611111111111111,0
103359,1.2777777777777777,0
103436,1.4166666666666667,0
103490,1.25,0
103502,1.0,0
103536,0.9583333333333334,0
103699,1.0694444444444444,0
103731,1.4166666666666667,0
103823,1.5,0
103860,1.5,0
103862,1.5,0
103916,1.4444444444444446,0
103969,1.3333333333333333,0
103970,1.1666666666666667,0
104103,1.875,0
104267,5.279999999999999,0
104353,1.1944444444444444,0
104431,1.5833333333333333,0
104541,0.8333333333333334,0
104586,1.9027777777777777,0
104673,1.9444444444444446,0
104732,1.1111111111111112,0
104849,1.152777777777778,0
104960,0.8333333333333334,0
105063,3.3599999999999994,0
105073,2.4,0
105074,1.0555555555555556,0
105214,1.4444444444444444,0
105335,0.875,0
105552,1.4444444444444444,0
105688,1.111111111111111,0
105712,1.513888888888889,0
105789,1.388888888888889,0
105835,3.8400000000000007,0
105841,5.92,0
105921,2.0833333333333335,0
105932,0.8333333333333334,0
105992,1.75,0
106001,1.0555555555555556,0
106037,1.4166666666666667,0
106038,1.4444444444444444,0
106046,6.32,0
106218,1.3333333333333333,0
106397,1.1388888888888888,0
106444,0.4583333333333333,0
106477,1.1666666666666667,0
106592,1.6666666666666667,0
106637,1.3472222222222223,0
106689,1.3194444444444444,0
106754,1.222222222222222,0
106757,1.2222222222222223,0
106776,1.222222222222222,0
106838,1.4444444444444444,0
106839,1.3333333333333333,0
106936,0.8333333333333334,0
106946,1.361111111111111,0
106978,1.5,0
106979,1.4444444444444444,0
107037,1.375,0
107067,1.222222222222222,0
107119,1.0833333333333333,0
107141,1.5833333333333333,0
107203,2.194444444444444,0
107212,1.25,0
107296,1.0,0
107385,1.4166666666666667,0
107420,1.0,0
107461,0.7777777777777778,0
107466,0.5833333333333334,0
107487,0.625,0
107519,4.720000000000001,0
107571,1.388888888888889,0
107649,1.5833333333333333,0
107719,1.222222222222222,0
107730,1.527777777777778,0
107902,1.0,0
107993,1.222222222222222,0
108264,1.361111111111111,0
108346,0.8888888888888888,0
108367,1.1666666666666667,1
108381,1.1666666666666667,0
108430,0.875,0
108440,1.1111111111111112,0
108462,1.4444444444444444,0
108528,1.3194444444444444,0
108625,1.222222222222222,0
108666,1.0416666666666667,0
108857,1.111111111111111,1
108896,1.0,1
108907,1.4166666666666667,0
109022,1.4444444444444444,0
109023,1.7083333333333333,0
109203,1.4166666666666667,0
109478,1.2916666666666667,0
109495,1.1666666666666667,0
109517,1.4444444444444444,0
109552,0.4861111111111111,0
109612,1.388888888888889,0
109660,1.4305555555555556,0
109767,1.1666666666666667,0
109840,0.9722222222222222,0
109896,1.4444444444444444,0
109903,0.9166666666666666,0
109956,1.4444444444444446,1
110065,8.48,0
110099,1.597222222222222,0
110142,5.92,0
110211,1.6805555555555556,1
110262,4.640000000000001,0
110296,1.1111111111111112,0
110394,1.25,0
110422,0.3055555555555555,0
110476,1.4305555555555556,0
110678,0.8333333333333334,0
110691,1.1666666666666667,0
110752,1.0,0
111022,0.7777777777777778,0
111034,1.6666666666666667,0
111171,1.8333333333333333,0
111176,1.5,0
111255,1.2916666666666667,0
111286,1.0833333333333333,0
111329,1.5,0
111485,1.152777777777778,0
111507,1.0,0
111573,1.7083333333333333,0
111584,1.388888888888889,0
111646,1.3333333333333333,1
111788,1.388888888888889,0
111899,1.111111111111111,1
111912,1.8333333333333333,0
112026,1.7083333333333333,0
112142,1.1666666666666667,1
112226,1.0694444444444444,0
112393,1.9027777777777777,0
112522,2.32,0
112678,1.4444444444444444,0
112709,1.3333333333333333,0
112732,1.1527777777777777,0
112733,1.3333333333333333,0
112842,1.2916666666666667,0
112856,1.5,0
112863,1.0555555555555556,0
113040,1.097222222222222,0
113220,1.625,0
113293,0.15277777777777776,0
113316,1.375,0
113363,0.7777777777777778,0
113476,1.3472222222222223,0
113558,1.5833333333333333,0
113679,1.7083333333333333,0
113694,1.6666666666666667,0
113755,1.4444444444444444,0
113779,1.388888888888889,0
113804,1.0,0
113831,1.6944444444444444,0
113839,1.4444444444444446,0
113861,1.0,0
113864,1.1111111111111112,0
113874,1.7600000000000002,0
113877,2.0555555555555554,0
113904,1.5,0
113919,1.4166666666666667,0
114018,1.6666666666666667,0
114021,1.75,0
114131,5.12,0
114214,1.4444444444444444,1
114219,1.4166666666666667,0
114242,1.6666666666666667,0
114307,1.0833333333333333,0
114414,1.4444444444444444,0
114493,0.9722222222222222,0
114553,1.152777777777778,0
114638,1.5833333333333333,0
114700,0.3055555555555555,0
114743,0.8333333333333334,0
114835,1.1805555555555556,0
114857,1.4583333333333333,0
114903,1.222222222222222,0
114924,1.111111111111111,1
114927,1.6666666666666667,0
114983,1.2777777777777777,0
115322,1.4166666666666667,0
115354,1.5,0
115405,1.5,0
115427,1.1527777777777777,0
115505,6.4,0
115529,1.611111111111111,0
115633,1.3333333333333333,0
115705,0.6111111111111112,0
115805,1.5833333333333333,0
115852,1.5972222222222223,0
116016,1.125,0
116045,1.0,0
116164,0.5555555555555556,0
116207,0.611111111111111,1
116288,1.6666666666666667,0
116332,1.0,0
116372,1.1944444444444444,0
116703,0.7777777777777778,0
116732,0.6666666666666666,0
116735,1.2916666666666667,0
116895,3.84,0
116932,1.2916666666666667,0
116948,0.7777777777777778,0
116999,1.75,0
117033,1.277777777777778,0
117053,1.6666666666666667,0
117169,1.4722222222222223,0
117219,1.9444444444444444,0
117240,1.1111111111111112,0
117333,1.5277777777777777,0
117342,1.4166666666666667,0
117408,1.2638888888888888,0
117456,1.6666666666666667,0
117460,1.3333333333333333,0
117482,5.12,0
117618,1.4444444444444444,0
117782,1.4166666666666667,0
117910,1.6944444444444444,0
117915,5.279999999999999,0
117932,1.125,0
118076,1.777777777777778,0
118320,1.1666666666666667,0
118332,1.388888888888889,0
118355,0.8333333333333334,0
118365,1.2222222222222223,0
118376,1.111111111111111,1
118379,1.75,0
118418,6.08,0
118612,1.111111111111111,0
118628,1.7777777777777777,0
118632,1.277777777777778,0
118675,1.25,0
118729,0.75,1
118864,1.0,0
119009,1.513888888888889,0
119015,0.4583333333333333,0
119135,1.25,0
119198,6.4,0
119200,1.0555555555555556,0
119460,1.2222222222222223,0
119488,1.4305555555555554,0
119519,1.3333333333333333,0
119633,1.0694444444444444,0
119634,3.5200000000000005,0
119638,5.04,0
119731,1.9027777777777777,0
119837,1.222222222222222,0
119845,1.1666666666666667,0
119997,1.25,0
120046,1.0,0
120126,1.0555555555555556,0
120140,1.5,0
120164,1.5833333333333333,0
120192,1.4166666666666667,0
120393,2.0,0
120434,1.222222222222222,0
120554,1.4166666666666667,0
120583,1.125,0
120594,1.4166666666666667,0
120799,1.1666666666666667,0
120868,1.5555555555555556,0
121095,0.9722222222222222,0
121139,1.6666666666666667,0
121183,1.4166666666666667,0
121236,0.625,1
121351,2.3200000000000003,1
121410,1.8333333333333333,0
121605,1.888888888888889,0
121710,1.388888888888889,0
121737,1.4583333333333333,0
121856,1.0,0
121919,1.2083333333333333,0
121935,1.1111111111111112,0
122009,0.875,0
122020,1.5555555555555556,0
122049,1.6111111111111114,0
122094,1.0694444444444444,0
122166,1.875,0
122283,1.4583333333333333,0
122357,1.0,0
122456,1.5833333333333333,0
122519,3.6,0
122545,1.2222222222222223,0
122577,1.6805555555555556,0
122685,1.4166666666666667,0
122797,5.76,0
122890,1.3333333333333333,0
122946,1.3333333333333333,0
122958,1.1666666666666667,0
123083,1.5,0
123094,1.1666666666666667,0
123115,1.4444444444444444,0
123164,1.5833333333333333,0
123344,1.2916666666666667,0
123393,1.1111111111111112,0
123420,1.0833333333333333,0
123525,1.25,0
123586,0.9583333333333334,0
123667,0.6666666666666666,0
123668,1.6944444444444444,0
123697,1.3333333333333333,0
123702,1.3333333333333333,0
123727,0.611111111111111,0
123773,1.1111111111111112,0
123908,1.0694444444444444,0
123944,1.4444444444444446,0
124038,2.1527777777777777,0
124056,1.0555555555555556,0
124085,1.7777777777777777,0
124088,1.75,0
124119,0.9722222222222222,0
124355,1.7777777777777777,0
124678,1.9027777777777777,0
124761,1.8055555555555556,0
125068,6.4,0
125300,1.4166666666666667,0
125393,1.5,0
125919,1.111111111111111,0
125969,1.152777777777778,0
125996,1.0694444444444444,0
126097,1.513888888888889,0
126216,0.8333333333333334,0
126219,1.5416666666666667,0
126239,0.5833333333333334,0
126262,1.25,0
126424,1.5,0
126466,1.3194444444444444,0
126490,1.4166666666666667,1
126581,1.361111111111111,0
126665,1.0277777777777777,0
127039,1.625,0
127127,1.4583333333333333,0
127128,1.1666666666666667,0
127137,1.277777777777778,0
127185,1.8472222222222223,0
127241,0.9166666666666666,0
127279,1.5,0
127289,1.3333333333333333,0
127311,1.4166666666666667,0
127350,1.5,0
127400,1.375,0
127410,1.5833333333333333,0
127590,0.8333333333333334,0
127645,1.25,0
127663,1.8333333333333333,0
127725,1.1666666666666667,0
127785,1.5,0
127827,0.888888888888889,0
127882,1.6666666666666667,0
127946,1.75,0
127966,0.7777777777777778,0
128007,1.5833333333333333,0
128032,0.6805555555555555,0
128039,1.3611111111111114,0
128041,1.1666666666666667,0
128156,1.5833333333333333,0
128210,1.5833333333333333,0
128280,1.5,0
128325,1.486111111111111,0
128459,1.6666666666666667,0
128467,1.611111111111111,0
128475,1.222222222222222,0
128534,1.611111111111111,0
128587,1.1666666666666667,0
128611,1.2638888888888888,0
128633,1.5,0
128754,0.15277777777777776,1
128789,1.1111111111111112,0
128950,1.277777777777778,0
128975,1.25,0
129030,1.611111111111111,0
129343,0.9166666666666666,0
129409,6.08,0
129429,2.0,0
129434,1.4444444444444444,0
129510,1.25,0
129515,0.7777777777777778,0
129555,1.25,0
129817,1.4444444444444444,0
129827,1.277777777777778,0
129914,0.9166666666666666,0
129976,0.9444444444444443,0
130032,0.32,0
130077,0.8333333333333334,0
130086,1.361111111111111,0
130208,1.2916666666666667,0
130326,1.222222222222222,0
130331,1.222222222222222,0
130368,1.3333333333333333,0
130419,1.9027777777777777,0
130439,1.111111111111111,1
130446,6.4,0
130497,0.9600000000000002,0
130548,1.5,0
130593,1.25,0
130823,1.0,0
130953,1.8333333333333333,0
131001,1.0694444444444444,0
131036,1.222222222222222,0
131047,0.6666666666666666,0
131098,1.3472222222222223,0
131228,1.5833333333333333,0
131253,1.513888888888889,1
131257,1.5833333333333333,0
131321,1.3333333333333333,0
131342,1.25,0
131463,1.3333333333333333,0
131558,1.7083333333333333,0
131560,1.2222222222222223,0
131673,1.9305555555555556,0
131680,1.0555555555555556,0
131721,1.5833333333333333,0
131761,1.25,0
131772,1.638888888888889,0
131815,1.2777777777777777,0
131893,1.5833333333333333,0
131956,0.611111111111111,0
131990,1.4166666666666667,0
131997,0.875,0
132045,1.75,0
132209,1.75,0
132296,1.1944444444444444,0
132319,1.0555555555555556,0
132320,1.5833333333333333,0
132337,1.4444444444444446,0
132552,1.0,0
132592,1.277777777777778,0
132705,0.8333333333333334,0
132756,1.5555555555555556,0
132774,1.5,0
132884,0.8333333333333334,0
132914,1.3333333333333333,0
132935,1.4305555555555556,0
133035,1.0833333333333333,0
133065,1.0694444444444444,0
133066,1.1111111111111112,0
133128,2.6399999999999997,0
133324,5.44,0
133429,1.9583333333333333,0
133518,1.0555555555555556,0
133608,1.125,0
133698,1.2916666666666667,0
133730,1.3194444444444444,0
133732,1.5277777777777777,0
133821,0.875,0
133859,1.5833333333333333,0
133956,5.92,0
134085,1.1944444444444444,0
134148,1.513888888888889,0
134180,0.75,0
134202,0.6666666666666666,0
134241,1.9166666666666667,0
134273,1.5,0
134397,1.4305555555555554,0
134470,1.111111111111111,0
134717,1.2,0
134738,0.9305555555555555,0
134760,1.5,0
134857,1.1944444444444444,0
135016,1.5555555555555554,0
135076,1.8472222222222223,0
135134,1.44,0
135250,1.7777777777777777,0
135257,2.56,0
135279,0.9722222222222222,0
135312,1.5,0
135381,0.8333333333333334,0
135382,1.1666666666666667,0
135392,1.361111111111111,0
135421,1.361111111111111,0
135554,1.2638888888888888,0
135574,0.2777777777777778,0
135578,1.111111111111111,0
135808,1.2222222222222223,0
135878,1.4583333333333333,1
135977,0.763888888888889,0
136020,1.5,0
136022,1.8333333333333333,0
136049,0.611111111111111,0
136089,1.388888888888889,0
136106,1.152777777777778,0
136121,1.4166666666666667,0
136169,1.6666666666666667,0
136232,1.222222222222222,0
136334,1.5,0
136430,1.3333333333333333,0
136470,1.6111111111111114,0
136473,0.9600000000000002,0
136516,1.3888888888888886,0
136547,1.388888888888889,0
136608,1.1111111111111112,0
136637,1.6666666666666667,0
136715,1.875,0
136772,1.222222222222222,1
136879,1.388888888888889,0
136906,1.361111111111111,0
137040,1.222222222222222,0
137106,0.6666666666666666,0
137161,2.4,0
137185,0.6666666666666666,0
137227,1.2638888888888888,0
137529,0.4166666666666667,1
137646,1.0,0
137744,0.7638888888888888,0
137751,1.388888888888889,0
137845,0.9305555555555555,0
137850,1.3333333333333333,0
137852,5.279999999999999,0
137858,1.0694444444444444,0
137952,1.1666666666666667,0
137968,0.8333333333333334,0
137973,0.875,0
137985,1.0833333333333333,0
137999,1.361111111111111,0
138025,1.3333333333333333,1
138065,0.7777777777777778,1
138121,1.3333333333333333,0
138204,1.3333333333333333,0
138369,1.388888888888889,0
138421,1.2222222222222223,0
138475,1.513888888888889,0
138565,0.9166666666666666,0
138737,1.513888888888889,0
138746,1.5,0
138768,1.8333333333333333,0
138810,0.3055555555555555,0
138853,1.3333333333333333,0
138873,0.8333333333333334,1
138894,1.6666666666666667,0
138896,1.388888888888889,0
138908,1.277777777777778,0
138981,1.5555555555555556,0
138993,2.2777777777777777,0
139022,0.7777777777777778,0
139023,3.5200000000000005,0
139087,1.6666666666666667,0
139135,0.6666666666666666,0
139479,1.388888888888889,1
139511,1.5,0
139518,1.375,0
139532,1.1666666666666667,0
139863,1.222222222222222,0
139932,0.8333333333333334,0
140005,0.8333333333333334,0
140077,6.0,0
140079,1.125,0
140130,1.388888888888889,1
140191,1.125,0
140208,1.597222222222222,0
140290,0.8888888888888888,0
140381,1.777777777777778,0
140391,0.9722222222222222,0
140392,1.1527777777777777,0
140419,1.5,0
140483,1.8472222222222223,0
140534,1.3333333333333333,0
140598,0.875,0
140674,1.0694444444444444,0
140750,1.1944444444444444,0
140768,1.1666666666666667,0
140823,1.486111111111111,0
140891,1.388888888888889,0
140977,1.3333333333333333,0
141023,1.3055555555555556,0
141043,0.5,1
141047,1.6666666666666667,0
141139,1.388888888888889,0
141181,1.222222222222222,0
141233,1.5,0
141266,0.9722222222222222,0
141456,0.27777777777777773,0
141497,1.92,0
141614,1.5833333333333333,0
141655,1.3333333333333333,0
141703,0.7777777777777778,0
141742,1.3333333333333333,0
141844,1.0,0
141877,1.5,0
141945,0.5,0
142224,1.611111111111111,0
142290,5.92,0
142354,1.4166666666666667,0
142371,1.222222222222222,0
142511,1.2916666666666667,0
142545,1.4166666666666667,0
142609,5.12,0
142621,1.1199999999999999,0
142686,1.0555555555555556,0
142715,1.222222222222222,0
142717,1.4166666666666667,0
142726,6.720000000000001,0
142749,1.5,0
142812,1.3333333333333333,0
142855,1.3333333333333333,0
142906,1.5,0
142950,0.8333333333333334,0
143087,1.0,0
143151,1.25,0
143389,1.4166666666666667,0
143422,1.6666666666666667,0
143730,1.5,0
143784,1.5,0
143981,1.6666666666666667,0
144328,2.069444444444444,0
144355,1.8333333333333333,0
144402,1.5277777777777777,0
144514,0.875,0
144523,1.3611111111111114,0
144593,1.3888888888888886,0
144615,1.1666666666666667,0
144633,1.8472222222222223,0
144641,1.5,0
144756,1.277777777777778,0
144830,1.527777777777778,0
144879,1.5833333333333333,0
144936,1.0,1
144977,2.0833333333333335,0
145177,1.1666666666666667,0
145220,1.388888888888889,0
145322,1.25,0
145323,1.6805555555555556,0
145480,1.5,0
145552,1.111111111111111,0
145688,0.875,0
145988,1.597222222222222,0
146028,1.027777777777778,0
146037,1.25,0
146067,1.0694444444444444,0
146086,1.6666666666666667,0
146090,1.28,0
146099,6.720000000000001,0
146215,1.7083333333333333,0
146354,1.0,0
146400,1.0,0
146527,1.3194444444444444,0
146560,0.5555555555555555,0
146702,2.6399999999999997,0
146760,1.486111111111111,0
146839,1.222222222222222,0
147064,1.4166666666666667,0
147241,1.222222222222222,0
147272,1.388888888888889,0
147602,1.3333333333333333,0
147700,1.111111111111111,0
147754,1.6111111111111114,0
147891,1.6805555555555556,0
147898,1.6805555555555556,0
148201,1.6944444444444444,0
148208,1.0399999999999998,0
148216,1.0694444444444444,0
148234,1.388888888888889,0
148258,1.5833333333333333,0
148289,1.28,0
148299,1.2916666666666667,0
148322,1.0694444444444444,0
148368,1.5833333333333333,0
148381,1.4166666666666667,0
148382,1.0694444444444444,0
148486,1.8888888888888886,0
148487,1.75,0
148570,4.159999999999999,0
148690,1.5555555555555554,0
148749,0.32,0
148753,1.3333333333333333,0
148767,1.5972222222222223,0
148865,0.7777777777777778,0
148942,1.5694444444444444,0
148982,2.56,0
149225,1.1666666666666667,0
149318,4.959999999999999,0
149348,1.7222222222222223,0
149426,1.0,0
149430,1.375,0
149462,1.6666666666666667,0
149549,5.279999999999999,0
149655,1.277777777777778,0
149782,1.4166666666666667,0
149841,0.6666666666666666,0
149846,1.5555555555555556,0
149884,1.388888888888889,0
149912,0.8333333333333334,0
149993,0.9166666666666666,0
150004,1.1666666666666667,0
150074,1.125,0
150134,1.6666666666666667,0
150233,0.9722222222222223,1
150253,1.5,0
150291,1.8333333333333333,0
150301,1.8333333333333333,0
150656,1.1666666666666667,0
150754,2.0416666666666665,0
150883,1.4305555555555554,0
150909,1.6666666666666667,0
151030,3.04,0
151036,0.611111111111111,0
151183,1.3611111111111114,0
151327,1.1944444444444444,0
151399,1.4722222222222223,0
151554,1.5,0
151571,1.1111111111111112,0
151627,1.611111111111111,0
151655,1.4166666666666667,0
151967,0.7777777777777778,0
152007,1.1111111111111112,1
152014,1.4583333333333333,0
152016,5.6,0
152139,1.4166666666666667,0
152148,1.2777777777777777,0
152276,1.5,0
152307,5.76,0
152338,1.25,0
152355,1.027777777777778,0
152406,1.861111111111111,0
152423,0.9583333333333334,0
152499,1.277777777777778,1
152681,1.6666666666666667,0
152740,1.5555555555555556,0
152778,1.222222222222222,0
153003,1.611111111111111,0
153072,1.0694444444444444,0
153146,1.763888888888889,0
153193,1.4305555555555556,0
153261,1.4305555555555556,0
153395,1.375,0
153462,1.0,0
153582,5.76,0
153586,1.5555555555555556,0
153600,1.1805555555555556,0
153626,1.1111111111111112,0
153656,0.4583333333333333,1
153884,1.1666666666666667,0
153953,0.6250000000000001,0
153987,0.2777777777777778,0
153998,0.72,0
154175,0.9583333333333334,0
154230,1.9166666666666667,0
154480,0.9166666666666666,0
154606,1.52,0
154643,3.5200000000000005,0
154644,1.7083333333333333,0
154652,1.2916666666666667,0
154680,1.277777777777778,0
154736,1.3333333333333333,0
154855,1.1111111111111112,0
154864,1.25,0
154868,6.56,0
154889,0.611111111111111,1
154981,1.7916666666666667,0
155020,6.08,0
155118,1.4305555555555554,0
155253,1.5,1
155354,1.3611111111111114,0
155374,1.388888888888889,0
155488,1.3333333333333333,0
155654,4.56,0
155791,0.4861111111111111,0
155795,5.44,0
155820,1.5833333333333333,0
155964,3.5200000000000005,0
155965,1.222222222222222,0
156138,1.0694444444444444,0
156305,0.5555555555555555,0
156313,1.722222222222222,0
156355,1.5833333333333333,0
156457,1.25,0
156673,1.1666666666666667,0
156684,1.0694444444444444,0
156750,1.75,0
156868,1.5833333333333333,0
156879,5.12,0
156945,1.8472222222222223,0
156948,1.1666666666666667,0
156959,1.7083333333333333,0
157005,1.4166666666666667,0
157092,1.222222222222222,0
157200,1.3194444444444444,0
157212,1.4305555555555554,0
157300,2.6399999999999997,0
157672,0.75,0
157674,1.5416666666666667,0
157704,1.6111111111111114,0
157712,1.5,0
157729,6.24,0
157731,1.638888888888889,0
157751,1.0,0
157766,1.1111111111111112,0
157816,1.486111111111111,0
157879,0.75,0
157911,1.486111111111111,0
158113,1.0833333333333333,0
158314,1.0555555555555556,0
158400,1.5,0
158508,1.4444444444444444,0
158560,1.388888888888889,0
158680,1.0,0
158901,1.2777777777777777,0
158969,1.486111111111111,0
159227,1.263888888888889,0
159233,0.75,0
159272,1.3333333333333333,0
159275,1.5,0
159344,0.9166666666666666,0
159351,1.0416666666666667,0
159359,0.75,0
159397,1.6666666666666667,0
159486,1.1111111111111112,1
159500,7.040000000000001,0
159525,1.125,0
159531,1.5833333333333333,0
159608,1.0,0
159680,1.5,0
159688,1.5833333333333333,0
159745,1.4444444444444444,0
159751,1.7777777777777777,0
159856,1.388888888888889,0
159960,1.0694444444444444,0
160135,1.1111111111111112,0
160143,1.222222222222222,0
160154,1.611111111111111,0
160181,1.277777777777778,0
160203,1.222222222222222,0
160250,1.4166666666666667,0
160320,1.4444444444444444,0
160640,1.5,0
160686,1.5,0
160707,1.111111111111111,0
160740,1.2638888888888888,0
160773,1.5833333333333333,0
160905,1.388888888888889,0
160927,1.236111111111111,0
160993,1.0694444444444444,0
161045,0.2777777777777778,0
161103,1.2638888888888888,0
161180,1.0833333333333333,0
161241,1.0416666666666667,0
161276,1.7777777777777777,0
161338,1.222222222222222,0
161373,1.0,1
161414,1.0694444444444444,0
161415,1.1666666666666667,0
161437,1.6944444444444444,0
161650,0.7638888888888888,1
161766,1.25,0
161769,1.5833333333333333,0
161780,3.84,0
161956,1.2916666666666667,0
162013,0.5833333333333334,0
162166,1.2638888888888888,0
162167,1.375,0
162180,1.25,0
162420,1.5416666666666667,0
162456,1.5416666666666667,0
162485,0.5555555555555556,1
162489,1.3333333333333333,0
162658,1.5972222222222223,0
163058,1.3472222222222223,0
163083,1.027777777777778,0
163260,1.2916666666666667,0
163388,1.625,0
163598,1.25,0
163608,1.9722222222222223,0
163615,0.7777777777777778,0
163639,1.5,0
163645,1.3333333333333333,0
163757,1.125,0
163776,1.597222222222222,0
163970,1.6666666666666667,0
164013,1.0833333333333333,0
164017,1.111111111111111,0
164034,1.5,0
164094,1.3333333333333333,0
164192,1.6666666666666667,0
164224,2.4,0
164226,1.3333333333333333,0
164298,0.75,1
164313,1.25,0
164363,0.875,0
164374,1.4583333333333333,0
164388,1.0,0
164429,1.388888888888889,0
164512,1.6666666666666667,0
164657,1.1805555555555556,0
164743,1.5,0
164794,0.763888888888889,0
164947,1.513888888888889,0
164973,1.7777777777777777,0
164983,1.2916666666666667,0
165019,1.611111111111111,0
165056,1.4166666666666667,0
165138,1.4583333333333333,0
165188,1.486111111111111,0
165260,1.25,0
165265,1.0833333333333333,0
165339,1.7600000000000002,0
165443,1.513888888888889,0
165484,2.222222222222222,0
165550,1.25,0
165554,1.388888888888889,0
165596,1.4166666666666667,0
165742,1.2777777777777777,0
165759,1.5416666666666667,0
165827,1.5555555555555556,0
165893,1.0,0
165900,1.4444444444444444,0
166011,1.1111111111111112,0
166037,1.0555555555555556,0
166175,2.72,0
166239,1.75,0
166273,4.8,0
166333,1.0694444444444444,0
166475,1.625,0
166535,1.0833333333333333,0
166537,1.277777777777778,0
166577,1.222222222222222,0
166677,1.25,1
166693,1.6527777777777777,0
166705,1.222222222222222,0
166712,1.388888888888889,0
166825,0.8333333333333334,0
166829,1.277777777777778,0
166846,1.8333333333333333,0
166865,1.1666666666666667,0
166911,1.1666666666666667,0
166938,1.4722222222222223,0
166953,1.1666666666666667,0
166955,1.3194444444444444,0
166966,2.3200000000000003,0
167001,0.15277777777777776,1
167016,0.875,0
167026,1.1111111111111112,0
167062,1.486111111111111,0
167177,0.875,0
167257,1.7777777777777777,0
167335,1.0833333333333333,0
167363,1.25,0
167465,1.6666666666666667,0
167515,1.4444444444444444,0
167575,1.222222222222222,1
167578,1.222222222222222,0
167587,1.8333333333333333,0
167660,1.4444444444444444,0
167795,1.388888888888889,0
167933,1.0555555555555556,0
168026,1.7222222222222223,0
168123,0.8333333333333334,0
168160,3.04,0
168290,1.4166666666666667,0
168316,1.4166666666666667,0
168349,1.0416666666666667,0
168385,1.0833333333333333,0
168418,1.5833333333333333,0
168843,1.2777777777777777,0
168887,4.4,0
169054,1.027777777777778,0
169129,1.361111111111111,0
169137,1.0833333333333333,0
169302,1.7222222222222223,0
169393,1.277777777777778,0
169418,0.4166666666666667,0
169525,1.25,0
169529,4.8,0
169661,1.1666666666666667,0
169665,1.1111111111111112,0
169697,1.8333333333333333,0
169699,0.611111111111111,1
169857,1.4166666666666667,0
169932,1.4166666666666667,0
169948,1.1666666666666667,0
170027,1.5,0
170079,1.4583333333333333,0
170211,1.638888888888889,0
170311,1.0833333333333333,0
170321,1.375,0
170368,3.44,0
170404,1.1666666666666667,0
170443,2.2399999999999998,0
170531,1.6666666666666667,0
170544,1.388888888888889,0
170566,1.125,0
170585,1.6666666666666667,0
170656,1.0555555555555556,0
170710,0.8333333333333334,0
170791,1.7916666666666667,0
170799,1.4444444444444444,0
170801,1.125,0
170965,0.9166666666666666,0
171047,1.5555555555555556,0
171137,0.8888888888888888,0
171192,5.92,0
171257,1.3333333333333333,0
171264,1.0,0
171350,1.152777777777778,0
171419,1.277777777777778,0
171582,1.5555555555555556,1
171638,1.3333333333333333,0
171691,6.720000000000001,0
171788,3.12,0
171883,1.0,0
171902,1.1666666666666667,1
171906,1.1527777777777777,0
171908,3.84,0
171937,1.5,0
172059,1.3333333333333333,0
172135,0.875,0
172200,5.279999999999999,0
172233,0.5,0
172259,1.222222222222222,1
172345,1.5833333333333333,0
172348,1.0,0
172444,1.9027777777777777,0
172610,3.5200000000000005,0
172755,4.64,0
172757,1.6666666666666667,0
172971,5.279999999999999,0
172983,1.9722222222222223,0
172987,1.4444444444444444,0
173092,1.5,0
173212,1.5,0
173227,0.611111111111111,0
173235,1.0,0
173252,1.1666666666666667,0
173343,5.840000000000001,0
173356,1.2777777777777777,0
173398,1.4166666666666667,0
173416,1.125,0
173446,1.611111111111111,0
173485,2.0972222222222223,0
173506,1.52,0
173531,0.9305555555555555,0
173548,1.5,0
173666,0.7777777777777778,0
173673,0.5833333333333334,0
173798,0.7777777777777777,0
173873,1.5833333333333333,0
173938,1.6666666666666667,0
174044,1.0,0
174343,1.4166666666666667,0
174439,1.3333333333333333,0
174702,0.763888888888889,0
174729,0.9583333333333334,0
174743,1.1944444444444444,0
174803,1.1666666666666667,0
174923,1.5833333333333333,0
174996,1.25,0
175017,1.222222222222222,0
175104,1.1666666666666667,0
175169,1.388888888888889,0
175249,1.5694444444444444,0
175285,1.4583333333333333,0
175320,1.5,0
175342,1.75,0
175360,1.5833333333333333,0
175387,1.777777777777778,1
175488,1.763888888888889,0
175528,1.25,0
175584,1.5833333333333333,0
175711,1.3333333333333333,0
175804,1.5833333333333333,0
175814,1.5416666666666667,0
175902,0.96,0
175954,1.6666666666666667,0
175967,4.96,0
176115,1.5833333333333333,0
176142,3.6799999999999997,0
176166,1.6666666666666667,0
176278,1.1111111111111112,0
176284,1.0,0
176359,1.5,0
176379,3.8400000000000007,0
176480,0.9166666666666666,0
176521,6.56,0
176599,1.486111111111111,0
176611,1.1111111111111112,0
176688,1.222222222222222,0
177029,0.5555555555555556,0
177146,1.25,0
177345,0.763888888888889,0
177457,1.6111111111111114,0
177483,1.3333333333333333,0
177518,1.1944444444444444,0
177583,5.6,0
177598,1.638888888888889,0
177700,2.1666666666666665,0
177713,6.08,0
177962,2.0,0
177993,1.9027777777777777,0
178036,1.7777777777777777,0
178077,1.8333333333333333,0
178157,0.611111111111111,1
178160,1.5555555555555556,0
178331,1.4583333333333333,0
178335,1.625,0
178403,0.32,0
178409,8.48,0
178461,1.4166666666666667,1
178540,1.7083333333333333,0
178643,1.0555555555555556,0
178720,1.4444444444444444,0
178864,1.0555555555555556,0
179042,1.75,0
179053,3.8400000000000007,0
179075,1.5833333333333333,0
179153,1.9166666666666667,0
179585,1.3472222222222223,0
179590,0.6666666666666666,0
179603,1.25,0
179719,1.6527777777777777,0
179773,1.4583333333333333,1
179870,1.5833333333333333,0
179944,1.3333333333333333,0
179956,1.361111111111111,0
180009,1.111111111111111,0
180140,1.3055555555555556,0
180207,1.513888888888889,0
180216,1.597222222222222,0
180219,1.513888888888889,0
180321,1.625,0
180380,1.5277777777777777,0
180411,1.486111111111111,0
180488,1.513888888888889,0
180832,1.3333333333333333,1
180922,1.3333333333333333,0
180925,1.4166666666666667,0
180977,1.1944444444444444,0
181082,1.6805555555555556,1
181139,2.0,0
181140,4.8,0
181184,1.5972222222222223,0
181377,1.75,0
181423,1.527777777777778,0
181726,1.222222222222222,0
181728,0.625,0
181825,1.0833333333333333,0
181830,1.5,0
181852,0.986111111111111,0
182058,1.222222222222222,0
182124,1.3611111111111114,0
182130,1.5,0
182148,0.9444444444444445,0
182159,1.361111111111111,0
182184,1.1666666666666667,0
182205,1.0,0
182235,1.5,0
182272,1.3333333333333333,0
182320,1.6111111111111114,1
182459,1.513888888888889,0
182490,1.4166666666666667,1
182519,1.8055555555555556,0
182531,0.9722222222222222,1
182534,0.7083333333333334,0
182543,1.3194444444444444,0
182587,1.4444444444444444,1
182749,1.75,0
182782,1.25,0
182785,1.1666666666666667,0
183020,1.5,0
183025,1.0833333333333333,0
183052,1.0833333333333333,0
183096,1.4027777777777777,0
183129,1.1666666666666667,0
183208,1.7777777777777777,0
183224,1.152777777777778,0
183235,1.2916666666666667,0
183305,1.1666666666666667,0
183374,1.4166666666666667,0
183388,1.0,0
183456,0.611111111111111,0
183523,1.6666666666666667,0
183626,1.1666666666666667,0
183692,3.5200000000000005,0
183716,1.222222222222222,0
183748,1.3333333333333333,1
183754,1.25,0
183755,1.6666666666666667,0
183948,1.6666666666666667,0
184009,1.638888888888889,0
184035,1.125,0
184045,2.6399999999999997,0
184090,1.0,0
184151,1.25,0
184206,1.6111111111111114,0
184306,1.6527777777777777,0
184456,1.0,0
184466,1.1666666666666667,0
184478,0.5833333333333334,0
184496,1.763888888888889,0
184635,1.388888888888889,0
184678,1.1111111111111112,1
184735,1.5,0
184754,1.0,0
184755,3.8400000000000007,0
184895,1.25,0
184959,0.9444444444444443,0
184976,1.6527777777777777,0
185013,0.5555555555555555,0
185101,1.4444444444444444,0
185129,1.25,0
185153,1.2916666666666667,0
185285,1.1666666666666667,0
185496,1.513888888888889,0
185509,1.5555555555555556,0
185561,1.0694444444444444,0
185573,1.6527777777777777,0
185774,1.277777777777778,0
185808,1.3194444444444444,0
185830,1.3333333333333333,0
185835,1.4166666666666667,0
185857,1.222222222222222,0
185919,1.4444444444444446,0
186015,1.5,0
186199,1.25,0
186246,1.388888888888889,0
186295,1.486111111111111,0
186539,1.388888888888889,0
186593,1.361111111111111,0
186668,1.0416666666666667,0
186754,1.5,0
186810,1.513888888888889,0
186901,1.4166666666666667,1
186942,1.0555555555555556,0
187010,3.7600000000000002,0
187025,0.763888888888889,0
187041,1.1666666666666667,0
187077,0.75,0
187141,1.28,0
187175,1.8333333333333333,0
187291,1.277777777777778,0
187318,1.0694444444444444,0
187390,1.222222222222222,0
187435,1.0,0
187459,1.3333333333333333,0
187710,1.3472222222222223,0
187758,3.2,0
187838,1.3333333333333333,0
187887,0.875,0
187902,0.875,0
188006,1.3333333333333333,0
188033,1.3194444444444444,0
188071,1.1666666666666667,0
188120,1.8333333333333333,0
188136,1.4166666666666667,0
188147,1.4166666666666667,0
188307,2.0555555555555554,0
188318,1.611111111111111,0
188328,2.56,0
188340,1.777777777777778,0
188470,0.15277777777777776,1
188542,1.8472222222222223,0
188559,1.3333333333333333,0
188655,1.4166666666666667,0
188668,1.4166666666666667,0
188828,1.1527777777777777,0
188893,1.027777777777778,0
189139,1.5833333333333333,0
189146,1.4444444444444444,1
189158,0.888888888888889,0
189197,2.055555555555556,0
189294,1.2,0
189329,1.763888888888889,0
189611,1.0833333333333333,0
189707,1.1666666666666667,0
189775,1.1944444444444444,0
189817,1.1666666666666667,0
189822,1.0694444444444444,0
189836,1.6666666666666667,0
189914,1.4583333333333333,0
190052,1.6666666666666667,0
190149,1.3333333333333333,1
190227,1.5,0
190236,1.6805555555555556,0
190256,1.513888888888889,0
190405,0.3055555555555555,1
190429,3.6799999999999997,0
190465,0.8333333333333334,0
190524,1.4444444444444444,0
190529,1.4444444444444444,0
190561,1.222222222222222,0
190570,1.222222222222222,1
190716,1.9444444444444444,0
190720,1.4166666666666667,0
190791,0.8888888888888888,0
190827,1.1666666666666667,0
191057,1.0,1
191065,1.361111111111111,0
191150,3.84,0
191508,0.5555555555555556,0
191537,1.2916666666666667,0
191558,1.125,0
191626,0.625,0
191638,1.6666666666666667,0
191656,1.111111111111111,0
191814,1.75,0
191869,1.152777777777778,0
191917,2.0833333333333335,0
192009,1.6805555555555556,0
192013,1.4166666666666667,0
192098,4.24,0
192115,1.5416666666666667,0
192136,1.2916666666666667,0
192141,0.7916666666666666,0
192177,1.5972222222222223,0
192250,1.1666666666666667,0
192355,1.5833333333333333,0
192405,1.638888888888889,0
192543,1.388888888888889,0
192554,1.388888888888889,0
192600,0.7777777777777778,0
192651,1.875,0
192685,1.0833333333333333,0
192691,1.6666666666666667,0
192816,2.56,0
192898,1.0694444444444444,0
192994,1.4444444444444446,0
193020,0.72,0
193037,0.9722222222222223,0
193147,1.361111111111111,0
193150,1.5833333333333333,0
193212,1.375,0
193519,3.5200000000000005,0
193564,1.222222222222222,0
193662,1.263888888888889,0
193665,1.597222222222222,0
193722,1.7916666666666667,0
193747,1.2222222222222223,0
193775,1.4027777777777777,0
193781,1.222222222222222,0
193824,0.9722222222222222,0
193827,1.125,0
193917,1.4444444444444444,0
193928,1.277777777777778,0
193953,1.4444444444444444,0
194009,1.3611111111111114,0
194200,1.277777777777778,0
194254,1.0,0
194297,1.4444444444444444,0
194394,1.5972222222222223,1
194482,0.875,0
194493,1.5416666666666667,0
194571,1.4583333333333333,0
194640,1.7083333333333333,0
194694,1.0555555555555556,0
194709,1.3611111111111114,0
194722,0.8888888888888888,0
194737,1.8472222222222223,0
194758,1.25,0
194786,1.25,0
194813,1.388888888888889,0
194855,1.486111111111111,0
194859,6.08,0
194886,1.7777777777777777,0
194959,1.6805555555555556,0
195137,1.111111111111111,0
195150,8.32,0
195368,1.5,0
195419,1.6527777777777777,0
195594,1.5972222222222223,0
195684,0.9999999999999999,0
195806,0.9166666666666666,0
195848,1.097222222222222,0
195895,5.6,0
195960,0.8333333333333334,0
195977,1.1111111111111112,0
195994,8.48,0
196016,1.222222222222222,0
196096,0.6944444444444445,1
196202,1.527777777777778,0
196240,1.5,0
196367,1.75,0
196442,0.9583333333333334,0
196467,1.8333333333333333,0
196469,1.375,0
196514,1.2222222222222223,0
196582,1.5833333333333333,0
196583,1.611111111111111,0
196777,1.486111111111111,0
196779,1.4305555555555556,0
196798,2.0833333333333335,0
196845,1.25,0
196892,1.4166666666666667,0
196905,1.6666666666666667,0
196992,1.4583333333333333,0
197067,1.3333333333333333,0
197086,0.8333333333333334,0
197096,1.611111111111111,0
197113,1.3194444444444444,0
197138,1.75,0
197192,1.25,0
197320,1.0416666666666667,0
197509,1.361111111111111,0
197514,1.1666666666666667,0
197578,0.8333333333333334,0
197608,1.513888888888889,0
197642,1.5972222222222223,0
197890,1.875,0
197973,0.875,0
198010,1.6666666666666667,0
198075,1.25,0
198123,0.8333333333333334,0
198147,1.513888888888889,0
198167,1.611111111111111,0
198424,1.4444444444444444,0
198499,1.388888888888889,0
198625,1.6666666666666667,0
198645,1.486111111111111,0
198713,1.5833333333333333,0
198813,1.0,0
198836,1.3472222222222223,0
198900,1.0555555555555556,0
198961,1.1666666666666667,0
199021,0.3055555555555555,1
199073,1.5833333333333333,0
199342,1.6666666666666667,0
199358,0.15277777777777776,0
199374,6.159999999999999,0
199405,1.8333333333333333,0
199478,1.388888888888889,0
199507,1.388888888888889,0
199509,1.388888888888889,0
199513,1.222222222222222,0
199603,1.4444444444444444,0
199652,1.125,0
199809,1.3333333333333333,0
199810,1.0,0
199959,6.159999999999999,0
200012,0.8333333333333334,0
200065,1.4583333333333333,0
200067,1.0,0
200077,1.2638888888888888,0
200168,1.4583333333333333,0
200309,1.2916666666666667,0
200321,1.5833333333333333,0
200326,0.75,0
200519,1.75,0
200552,1.3472222222222223,0
200681,1.0833333333333333,0
200708,1.4444444444444444,0
200744,1.0555555555555556,0
200802,1.4166666666666667,0
200863,1.1666666666666667,0
200877,1.8333333333333333,0
200960,1.5972222222222223,0
200991,1.1666666666666667,0
201115,5.92,0
201220,1.5,0
201256,1.1666666666666667,0
201273,6.720000000000001,0
201276,1.388888888888889,0
201292,1.263888888888889,0
201339,1.3333333333333333,0
201343,1.3333333333333333,0
201355,1.5,0
201365,1.5555555555555556,0
201475,6.720000000000001,0
201561,1.0,0
201564,1.75,0
201683,0.9444444444444445,0
201709,1.5833333333333333,0
201816,1.3472222222222223,0
201891,1.5972222222222223,1
201898,1.0694444444444444,1
202052,1.611111111111111,0
202055,1.0694444444444444,0
202156,0.8333333333333334,0
202182,1.6111111111111114,0
202218,0.875,0
202248,1.5,0
202293,1.75,0
202299,0.7916666666666666,0
202329,1.6800000000000002,0
202358,0.9444444444444443,0
202585,1.0,0
202696,1.8055555555555556,0
202716,1.222222222222222,0
202784,1.2916666666666667,0
202807,2.0972222222222223,0
202831,1.1666666666666667,0
202859,0.6666666666666666,0
202864,1.3194444444444444,0
203033,1.9166666666666667,0
203084,1.125,0
203133,1.5416666666666667,1
203143,0.9722222222222223,1
203184,1.277777777777778,0
203293,1.1111111111111112,0
203306,5.4399999999999995,0
203409,1.0694444444444444,0
203550,1.125,0
203577,1.0,0
203607,1.2638888888888888,0
203625,1.125,0
203696,1.25,0
203698,1.3194444444444444,0
203745,1.4444444444444444,0
203772,1.777777777777778,0
203815,1.0694444444444444,1
203864,1.3333333333333333,0
203947,0.4583333333333333,1
203950,1.0,0
203973,1.111111111111111,0
204000,1.111111111111111,0
204042,1.1944444444444444,0
204111,0.4166666666666667,1
204220,1.5833333333333333,0
204237,0.875,1
204343,1.0,0
204375,0.9166666666666666,0
204424,1.1666666666666667,0
204484,0.875,0
204686,1.4166666666666667,0
204693,1.4166666666666667,0
204763,1.2777777777777777,0
204926,0.5555555555555556,1
204935,1.888888888888889,0
204994,1.1666666666666667,0
205087,1.0,0
205111,1.4166666666666667,0
205156,1.4166666666666667,0
205170,1.2638888888888888,0
205197,1.736111111111111,0
205256,1.1805555555555556,0
205367,0.9444444444444445,0
205371,1.125,0
205413,4.96,0
205430,1.3333333333333333,0
205445,1.486111111111111,0
205505,1.527777777777778,0
205658,0.8333333333333334,0
205671,1.0,0
205697,1.875,0
205698,1.6944444444444444,0
205785,1.3333333333333333,0
206108,1.3611111111111114,0
206119,1.388888888888889,0
206207,1.2916666666666667,0
206284,6.08,0
206328,1.1944444444444444,0
206366,1.4583333333333333,0
206466,0.64,0
206591,1.5833333333333333,0
206680,1.2083333333333333,0
206772,1.0555555555555556,0
206773,1.222222222222222,0
206871,2.0972222222222223,0
206890,0.9305555555555555,0
206914,1.4583333333333333,0
206925,1.6666666666666667,0
206947,1.4166666666666667,0
206992,0.7777777777777778,0
207001,1.4166666666666667,0
207110,0.9166666666666666,0
207195,0.8333333333333334,0
207220,1.722222222222222,0
207372,1.125,0
207453,1.1666666666666667,0
207492,1.2638888888888888,0
207500,1.25,0
207543,1.375,0
207576,1.361111111111111,0
207821,1.111111111111111,0
207860,1.5833333333333333,1
207865,1.0,0
208234,2.138888888888889,0
208256,0.9722222222222222,0
208323,1.3194444444444444,0
208329,1.9166666666666667,0
208368,1.2,0
208375,0.9722222222222222,0
208485,1.5,0
208517,1.2,0
208553,1.222222222222222,0
208584,1.125,0
208586,0.8888888888888888,0
208634,1.3472222222222223,0
208649,1.4166666666666667,0
208787,1.1944444444444444,0
208940,1.0833333333333333,0
208961,6.0,0
208967,1.2777777777777777,0
209021,1.777777777777778,0
209022,1.1666666666666667,0
209058,1.0833333333333333,0
209102,1.152777777777778,0
209134,0.27777777777777773,0
209172,1.611111111111111,0
209249,1.5,0
209357,1.0833333333333333,0
209405,1.5555555555555556,0
209675,1.0555555555555556,0
209729,1.222222222222222,0
209787,0.7916666666666666,0
209831,0.9166666666666666,0
209886,1.4444444444444446,0
209994,1.1666666666666667,0
210205,0.9722222222222222,0
210226,0.9166666666666666,0
210236,1.5,0
210247,1.1111111111111112,0
210291,1.6666666666666667,0
210298,1.3611111111111114,0
210339,1.3333333333333333,0
210385,4.8,0
210416,1.3194444444444444,0
210442,0.64,0
210498,1.0,0
210630,1.2916666666666667,0
210647,1.8333333333333333,0
210725,1.222222222222222,0
210734,1.2916666666666667,0
210752,0.7777777777777778,0
210755,1.4305555555555556,0
210761,1.0,0
210770,1.125,0
210815,1.0,0
210835,1.3194444444444444,0
210870,1.111111111111111,0
210910,1.111111111111111,0
211030,1.2222222222222223,0
211043,1.263888888888889,0
211058,1.5,0
211083,1.25,0
211217,1.1666666666666667,0
211475,0.8333333333333334,0
211524,1.8333333333333333,0
211549,1.2916666666666667,0
211575,1.2222222222222223,0
211589,1.5833333333333333,0
211625,1.5,0
211714,1.3333333333333333,0
211715,0.4583333333333333,1
211802,1.8333333333333333,0
211842,1.5972222222222223,0
211891,1.597222222222222,0
211966,1.0833333333333333,0
211984,1.0,0
212128,6.4,0
212130,1.513888888888889,0
212189,1.25,0
212209,1.4444444444444444,0
212230,1.75,0
212301,1.111111111111111,1
212304,1.2916666666666667,0
212350,1.5416666666666667,0
212477,0.7777777777777778,0
212484,0.875,0
212544,1.3333333333333333,0
212602,3.84,0
212604,1.0,0
212707,1.0555555555555556,0
212735,1.4444444444444444,0
212762,0.8888888888888888,0
212849,1.277777777777778,0
212862,1.125,0
212977,0.4583333333333333,0
213013,1.6666666666666667,0
213086,1.111111111111111,0
213112,1.6805555555555556,0
213113,1.2916666666666667,0
213177,1.888888888888889,0
213246,1.5833333333333333,0
213297,1.027777777777778,0
213303,1.2916666666666667,0
213432,1.1111111111111112,0
213480,1.4583333333333333,0
213723,0.8333333333333334,0
213813,1.388888888888889,0
213841,1.1666666666666667,0
213934,0.8194444444444445,0
213979,1.5,0
214030,1.5,0
214095,4.720000000000001,0
214322,1.4444444444444444,0
214354,1.6805555555555556,0
214504,1.7083333333333333,0
214605,1.4444444444444444,0
214639,1.5,0
214661,1.277777777777778,0
214878,1.1111111111111112,0
214995,1.6527777777777777,0
215051,1.0,0
215089,1.4722222222222223,0
215257,1.5,0
215260,1.111111111111111,0
215508,1.5555555555555556,0
215567,1.3333333333333333,0
215626,1.3055555555555556,0
215639,0.75,0
215651,1.5,0
215719,0.15277777777777776,0
215840,1.6666666666666667,0
215869,1.2916666666666667,0
215952,0.9583333333333334,0
215955,1.5,0
216040,1.25,0
216095,0.72,0
216109,1.1666666666666667,0
216139,0.75,0
216269,1.7222222222222223,0
216467,1.3194444444444444,0
216487,1.0555555555555556,0
216517,1.7222222222222223,0
216573,1.2222222222222223,0
216596,6.0,0
216652,6.32,0
216658,1.263888888888889,0
216661,2.16,0
216683,1.388888888888889,0
216719,1.5,0
216725,1.2916666666666667,0
216762,1.5833333333333333,0
216946,1.5,0
217051,0.9583333333333334,0
217054,1.5833333333333333,0
217124,0.9166666666666666,0
217204,1.0,0
217364,6.32,0
217401,0.7777777777777778,1
217695,1.5277777777777777,0
217754,1.7083333333333333,0
217761,1.25,1
217772,1.1111111111111112,0
217792,1.25,0
217802,1.222222222222222,0
217862,2.0,0
217967,0.9166666666666666,1
218122,1.6805555555555556,0
218127,1.2916666666666667,1
218241,1.7222222222222223,0
218277,1.5,0
218278,7.5200000000000005,0
218311,1.2083333333333333,0
218362,0.6666666666666666,0
218383,1.375,0
218425,1.6666666666666667,0
218529,0.75,0
218538,1.25,0
218545,1.7222222222222223,0
218601,1.388888888888889,0
218757,0.8750000000000001,0
218917,1.111111111111111,0
219043,1.4583333333333333,0
219139,1.2777777777777777,0
219270,1.3333333333333333,1
219276,1.6666666666666667,0
219413,2.0277777777777777,0
219431,5.840000000000001,0
219555,1.1111111111111112,0
219714,1.388888888888889,0
219747,1.8472222222222223,0
219779,1.0694444444444444,0
219984,1.28,0
220131,9.120000000000001,0
220244,1.0,0
220358,0.763888888888889,0
220538,1.4166666666666667,0
220564,1.7777777777777777,0
220616,1.4166666666666667,0
220794,1.5277777777777777,0
220802,1.1111111111111112,0
220806,1.388888888888889,0
220808,5.279999999999999,0
220822,1.3472222222222223,0
220892,1.5,0
221075,1.3333333333333333,0
221204,1.3194444444444444,0
221205,0.8333333333333334,0
221254,1.7777777777777777,1
221287,1.0555555555555556,0
221328,0.9722222222222222,0
221345,1.0,0
221388,1.3333333333333333,0
221446,1.6805555555555556,0
221469,1.4305555555555554,0
221643,1.6666666666666667,0
221721,1.0833333333333333,0
221775,1.6666666666666667,0
221813,4.32,0
221862,1.2916666666666667,0
221993,0.5833333333333334,0
222050,1.28,0
222065,1.3333333333333333,0
222102,1.4305555555555556,0
222278,1.3333333333333333,0
222280,3.84,0
222453,1.4444444444444444,0
222490,1.388888888888889,0
222743,1.1666666666666667,0
222748,1.3333333333333333,0
222874,1.1666666666666667,0
222929,1.6666666666666667,0
222960,1.4166666666666667,0
223313,0.875,0
223354,1.277777777777778,0
223534,1.4444444444444444,0
223587,1.1527777777777777,0
223632,1.8333333333333333,0
223946,2.0,0
223958,0.9166666666666666,0
224000,1.222222222222222,0
224130,1.5277777777777777,0
224298,1.1666666666666667,0
224384,1.986111111111111,0
224402,1.0833333333333333,0
224661,1.25,0
224664,1.5,0
224666,1.625,0
224691,1.3333333333333333,0
224740,2.125,0
224854,1.5416666666666667,0
224924,1.6805555555555556,0
224952,1.1666666666666667,0
225067,1.6527777777777777,0
225077,0.7777777777777778,0
225087,1.1666666666666667,0
225088,1.763888888888889,0
225262,0.888888888888889,0
225279,6.24,0
225318,1.513888888888889,0
225327,1.0,0
225363,1.875,0
225482,1.5,0
225486,1.1527777777777777,0
225576,3.2,0
225746,1.6666666666666667,0
225891,1.7083333333333333,0
225920,0.9722222222222222,0
225930,1.52,0
225972,1.2222222222222223,0
226191,1.8472222222222223,0
226194,1.9166666666666667,0
226360,1.027777777777778,0
226387,1.5555555555555556,1
226422,1.4166666666666667,0
226511,1.1111111111111112,0
226643,1.513888888888889,0
226710,1.1666666666666667,0
226842,1.6666666666666667,0
226866,1.5833333333333333,0
226924,6.4,0
227008,0.6666666666666666,0
227015,1.1666666666666667,0
227234,1.1111111111111112,0
227239,1.7083333333333333,0
227293,1.1805555555555556,0
227429,1.0555555555555556,0
227547,1.0833333333333333,0
227796,1.4583333333333333,0
227804,1.0555555555555556,0
227808,6.56,0
227906,0.9305555555555555,0
228030,0.4583333333333333,0
228151,1.5,0
228273,1.5,0
228580,1.152777777777778,0
228673,1.611111111111111,0
228748,1.3611111111111114,0
228820,0.8333333333333334,0
228896,0.6666666666666666,0
228984,1.0,0
228995,1.3333333333333333,0
229094,0.6805555555555555,0
229166,1.5416666666666667,0
229210,1.4166666666666667,0
229265,1.125,0
229436,1.6666666666666667,0
229530,1.611111111111111,0
229612,1.5833333333333333,0
229621,1.1111111111111112,0
229677,1.736111111111111,0
229692,1.5416666666666667,0
229842,1.361111111111111,0
230027,1.9444444444444444,0
230070,0.625,1
230101,1.25,0
230240,1.777777777777778,0
230311,1.375,0
230337,1.1111111111111112,0
230429,1.2222222222222223,0
230560,2.88,0
230687,0.8055555555555555,1
230693,1.2777777777777777,0
230763,1.4305555555555556,0
230840,0.9722222222222222,0
230908,1.222222222222222,0
230942,1.597222222222222,0
231013,1.5555555555555556,0
231047,0.875,0
231084,1.0,0
231090,1.1111111111111112,0
231273,1.638888888888889,0
231462,1.25,0
231508,1.4305555555555556,0
231530,0.9166666666666666,0
231592,1.375,0
231614,1.3472222222222223,0
231641,1.3333333333333333,0
231755,1.4444444444444444,0
231843,1.6666666666666667,0
231992,5.12,0
232022,1.4166666666666667,0
232137,1.361111111111111,0
232203,0.5555555555555555,0
232290,1.638888888888889,0
232395,1.4166666666666667,0
232450,0.9722222222222223,0
232555,0.986111111111111,0
232579,0.4583333333333333,0
232609,1.027777777777778,1
232685,0.8333333333333334,0
232703,1.3333333333333333,0
232755,6.24,0
232871,2.0833333333333335,0
232907,0.3055555555555555,1
232924,1.5833333333333333,0
233017,1.1111111111111112,0
233084,1.3333333333333333,0
233437,1.5833333333333333,1
233646,1.361111111111111,0
233738,1.277777777777778,0
233768,1.5,0
233819,1.25,0
233958,1.0555555555555556,0
233969,1.3194444444444444,0
233991,1.1666666666666667,0
234047,1.3333333333333333,0
234256,1.277777777777778,0
234435,0.8333333333333334,0
234515,1.5416666666666667,0
234562,1.25,0
234588,1.7777777777777777,0
234630,1.486111111111111,0
234807,1.4166666666666667,0
234836,1.0,1
234866,0.7777777777777778,0
234878,1.9166666666666667,0
234895,1.388888888888889,0
234922,1.3333333333333333,0
234973,1.3194444444444444,0
235063,1.513888888888889,0
235092,1.3333333333333333,0
235102,1.263888888888889,0
235229,7.2,0
235391,1.3333333333333333,0
235398,1.6944444444444444,0
235428,1.3333333333333333,0
235454,0.4166666666666667,1
235459,0.5833333333333334,0
235506,1.388888888888889,0
235585,0.15277777777777776,0
235683,1.3333333333333333,0
235709,1.0,0
235716,1.125,0
235857,0.9583333333333334,0
235872,1.3194444444444444,0
235882,1.4444444444444444,0
235885,1.3333333333333333,0
235930,1.6666666666666667,0
236001,1.25,0
236003,0.9166666666666666,0
236026,1.6944444444444444,0
236093,1.8333333333333333,0
236129,0.6944444444444443,0
236165,1.277777777777778,0
236395,1.4166666666666667,0
236593,1.5277777777777777,0
236710,1.25,0
236767,1.027777777777778,0
236874,1.5,0
237018,1.152777777777778,0
237094,1.5277777777777777,0
237105,1.611111111111111,0
237106,1.2222222222222223,0
237274,1.4166666666666667,0
237293,1.4166666666666667,0
237303,1.1666666666666667,0
237312,2.56,0
237319,0.7777777777777778,0
237402,1.6666666666666667,0
237434,1.1666666666666667,0
237492,1.7222222222222223,0
237586,1.25,1
237651,1.2222222222222223,0
237729,1.222222222222222,0
237770,1.25,0
237858,4.8,0
237888,1.3472222222222223,0
237984,1.6666666666666667,0
238119,1.9166666666666667,0
238156,1.125,0
238193,1.513888888888889,0
238233,0.9722222222222222,0
238342,4.96,0
238367,0.875,0
238434,0.8611111111111112,0
238442,1.5833333333333333,0
238556,1.4305555555555554,0
238607,1.2638888888888888,0
238640,0.5555555555555556,0
238647,1.75,0
238649,0.9166666666666666,0
238752,0.9444444444444443,0
238753,1.1805555555555556,0
238796,1.1666666666666667,0
238814,1.4166666666666667,0
238939,0.611111111111111,1
239027,1.0555555555555556,0
239182,1.7777777777777777,0
239184,1.2222222222222223,0
239276,0.9166666666666666,0
239457,4.8,0
239476,1.25,0
239490,1.8333333333333333,0
239525,1.28,0
239605,0.75,0
239606,1.5833333333333333,0
239749,6.4,0
239892,1.1111111111111112,0
239955,6.24,0
239956,1.3194444444444444,0
239970,1.0416666666666667,0
240044,1.75,0
240132,0.9444444444444445,0
240135,1.75,0
240141,0.9166666666666666,1
240143,0.625,0
240209,1.4444444444444444,0
240330,1.222222222222222,0
240362,1.0555555555555556,0
240442,1.388888888888889,0
240476,1.3333333333333333,0
240760,1.4166666666666667,0
240761,1.3194444444444444,0
240829,1.3333333333333333,0
240886,1.0555555555555556,0
240942,1.6944444444444444,0
240963,0.96,0
241038,2.0277777777777777,0
241144,0.8194444444444445,0
241167,1.8333333333333333,0
241374,1.6666666666666667,0
241391,1.3472222222222223,0
241421,0.9861111111111112,0
241436,1.0,0
241495,1.486111111111111,0
241600,1.5,0
241641,1.7777777777777777,0
241675,1.4583333333333333,0
241677,1.5833333333333333,0
241714,2.0416666666666665,0
241849,1.7083333333333333,0
241967,1.5833333333333333,0
242028,2.0277777777777777,0
242288,1.2222222222222223,0
242304,1.6666666666666667,0
242348,1.0,0
242387,5.12,0
242779,1.25,0
242789,1.9722222222222223,0
242812,1.3333333333333333,0
242917,1.1666666666666667,0
243005,1.5833333333333333,0
243018,1.9722222222222223,0
243061,1.388888888888889,0
243191,1.25,0
243294,0.9722222222222223,0
243444,1.4166666666666667,0
243455,1.2916666666666667,0
243557,1.388888888888889,0
243642,1.5416666666666667,0
243696,1.3333333333333333,0
243713,8.16,0
243734,0.5555555555555555,0
243741,1.5833333333333333,0
243751,1.25,0
244032,1.5555555555555556,0
244039,1.2916666666666667,0
244099,4.88,0
244132,1.375,0
244245,1.4305555555555554,0
244271,1.611111111111111,0
244296,1.4305555555555556,0
244308,1.5416666666666667,0
244367,1.5,0
244387,1.6666666666666667,0
244398,1.3333333333333333,0
244414,1.125,0
244419,4.88,0
244475,1.4166666666666667,0
244538,1.7222222222222223,0
244611,1.277777777777778,0
244652,1.611111111111111,0
244676,1.875,0
244762,0.7777777777777777,0
244865,1.6527777777777777,0
244925,1.388888888888889,0
245066,5.6,0
245289,2.0833333333333335,0
245356,1.25,0
245419,1.9444444444444444,0
245465,1.25,0
245575,0.875,0
245604,1.6666666666666667,0
245800,2.1666666666666665,0
245929,1.222222222222222,0
246059,1.1666666666666667,0
246187,1.25,0
246273,1.5,0
246323,1.5833333333333333,0
246405,1.5833333333333333,0
246421,4.8,0
246517,0.6666666666666666,0
246571,1.5694444444444444,0
246591,1.0833333333333333,0
246690,2.2399999999999998,0
246722,1.0,0
246734,1.1111111111111112,0
246737,1.3333333333333333,0
246775,1.2777777777777777,0
246800,1.0833333333333333,0
246935,1.4166666666666667,0
247050,1.3333333333333333,0
247180,1.763888888888889,0
247220,0.9444444444444443,0
247247,0.9722222222222222,1
247391,0.6666666666666666,1
247433,1.5555555555555556,0
247471,1.7083333333333333,0
247514,1.277777777777778,0
247551,1.7083333333333333,0
247607,1.611111111111111,0
247645,1.5833333333333333,0
247680,1.25,0
247692,0.27777777777777773,1
247714,1.8333333333333333,0
247721,1.2222222222222223,0
248011,1.125,0
248138,1.1666666666666667,0
248265,1.513888888888889,0
248356,1.4444444444444444,0
248433,1.111111111111111,0
248461,1.8333333333333333,0
248487,1.2222222222222223,0
248593,1.4166666666666667,0
248620,1.5416666666666667,0
248885,1.388888888888889,0
248952,0.875,0
249019,1.6944444444444444,0
249224,1.736111111111111,0
249270,6.159999999999999,0
249352,1.5833333333333333,0
249408,1.28,0
249466,1.75,0
249555,1.5,0
249559,1.375,0
249693,1.7777777777777777,0
249723,1.25,0
249795,1.7222222222222223,0
249811,1.0,0
249813,0.888888888888889,0
249841,0.875,0
249982,1.9444444444444446,0
250280,0.8194444444444445,0
250311,1.486111111111111,0
250315,1.277777777777778,0
250363,5.92,0
250380,1.2916666666666667,0
250422,1.375,0
250586,1.25,0
250619,1.0555555555555556,0
250696,1.1666666666666667,0
250711,1.0,0
250854,1.611111111111111,0
250921,1.5,0
251012,1.0833333333333333,0
251023,1.3472222222222223,0
251095,1.736111111111111,0
251195,1.125,0
251211,0.9999999999999999,0
251223,1.5,0
251324,2.0,0
251432,1.5555555555555556,0
251436,1.736111111111111,0
251641,1.4583333333333333,0
251779,1.3194444444444444,0
251874,1.5416666666666667,0
251950,1.486111111111111,0
252082,1.25,0
252110,1.472222222222222,1
252136,1.4444444444444444,0
252147,7.68,0
252271,1.1944444444444444,0
252341,1.7777777777777777,0
252419,1.5833333333333333,0
252450,8.0,0
252476,1.0416666666666667,0
252679,0.75,0
252782,1.5972222222222223,0
252954,0.9583333333333334,0
253046,1.4166666666666667,0
253098,1.222222222222222,0
253210,0.8333333333333334,0
253282,1.388888888888889,1
253283,1.722222222222222,1
253466,0.7777777777777778,0
253528,1.3055555555555556,0
253601,1.3333333333333333,0
253609,1.9200000000000004,0
253619,1.0555555555555556,0
253635,1.4166666666666667,0
253689,1.722222222222222,0
253825,1.4444444444444444,0
253852,1.8333333333333333,0
254097,2.4,0
254230,1.5833333333333333,0
254361,1.5833333333333333,0
254371,1.3055555555555556,0
254372,1.0555555555555556,0
254428,1.25,0
254546,1.0,0
254567,0.9166666666666666,0
254575,1.3472222222222223,0
254579,1.388888888888889,0
254667,1.2777777777777777,0
254683,1.388888888888889,0
254745,2.56,0
254853,0.763888888888889,0
254860,1.3333333333333333,0
254940,1.6666666666666667,0
255032,0.7638888888888888,1
255087,1.3888888888888886,0
255108,1.3333333333333333,0
255215,1.0,0
255267,0.9583333333333334,0
255320,1.8333333333333333,0
255333,1.222222222222222,0
255425,1.2916666666666667,0
255475,0.875,0
255509,1.1666666666666667,0
255546,1.3888888888888886,0
255653,1.0,0
255718,0.625,0
255740,1.25,0
255836,1.1944444444444444,0
255951,1.4583333333333333,0
255994,4.8,0
256003,1.6527777777777777,0
256013,1.097222222222222,0
256135,1.375,0
256147,1.4722222222222223,0
256188,1.125,0
256198,0.4166666666666667,0
256323,1.486111111111111,0
256360,1.2916666666666667,0
256434,1.7222222222222223,0
256483,1.513888888888889,0
256486,1.0,0
256502,1.5,0
256574,1.0694444444444444,0
256731,0.8333333333333334,0
256821,0.888888888888889,1
257236,1.3333333333333333,0
257301,0.9722222222222222,0
257391,1.4166666666666667,0
257417,1.0,0
257440,1.125,0
257463,1.0,1
257506,1.1666666666666667,0
257575,1.152777777777778,0
257579,0.875,0
257705,1.3333333333333333,0
257862,0.6666666666666666,0
257880,1.1666666666666667,0
257981,1.5555555555555556,0
257985,1.2916666666666667,0
258067,0.9166666666666666,0
258088,1.3333333333333333,0
258102,1.4166666666666667,0
258123,0.9722222222222223,0
258166,2.0,0
258184,1.25,0
258202,1.5833333333333333,0
258228,0.75,0
258238,1.7916666666666667,0
258248,1.0833333333333333,0
258296,0.8333333333333334,1
258323,1.0555555555555556,0
258408,4.88,0
258799,5.12,0
258849,1.0,0
258860,1.5,0
258951,1.3333333333333333,0
259067,1.5,0
259110,1.375,0
259219,1.1666666666666667,0
259252,1.222222222222222,0
259342,1.4722222222222223,0
259446,0.9166666666666666,0
259532,1.0,0
259634,1.097222222222222,1
259734,0.875,1
259789,4.4799999999999995,0
259878,1.3611111111111114,0
260000,1.513888888888889,0
260155,1.3472222222222223,0
260245,1.3194444444444444,0
260408,1.0416666666666667,0
260452,1.222222222222222,0
260464,1.2222222222222223,0
260513,1.388888888888889,0
260515,1.4305555555555556,0
260622,0.7777777777777778,0
260712,1.4583333333333333,1
260714,1.4166666666666667,0
260726,1.6666666666666667,0
260838,1.513888888888889,0
260855,1.9166666666666667,0
261044,1.6111111111111114,0
261077,1.763888888888889,0
261109,1.8194444444444444,0
261125,1.152777777777778,0
261187,0.4583333333333333,0
261229,1.2916666666666667,0
261273,3.84,0
261283,0.75,0
261331,1.5416666666666667,0
261423,1.25,0
261426,0.7777777777777778,1
261468,1.9166666666666667,0
261573,1.2916666666666667,0
261582,1.5,0
261715,0.7777777777777778,0
261780,1.6666666666666667,0
261787,1.611111111111111,0
261789,1.1944444444444444,0
261832,1.125,0
261957,1.2916666666666667,0
261964,1.3472222222222223,0
262099,1.5833333333333333,0
262176,1.3194444444444444,0
262177,1.888888888888889,0
262211,0.763888888888889,0
262305,1.4166666666666667,0
262336,0.875,0
262351,0.15277777777777776,0
262366,2.0833333333333335,0
262369,1.6805555555555556,0
262374,1.25,0
262422,1.5,0
262467,1.0694444444444444,0
262508,1.25,0
262526,1.5833333333333333,0
262562,1.4444444444444446,0
262586,1.25,0
262613,1.222222222222222,0
262683,1.4583333333333333,0
262717,1.8333333333333333,0
262770,5.12,0
262774,1.722222222222222,0
262810,1.6666666666666667,0
263055,1.5,0
263068,0.15277777777777776,0
263069,1.6666666666666667,0
263080,1.027777777777778,0
263127,1.222222222222222,0
263237,1.6805555555555556,0
263246,2.0277777777777777,0
263260,1.2916666666666667,0
263302,0.15277777777777776,0
263339,1.5833333333333333,0
263433,1.388888888888889,0
263569,0.9722222222222222,0
263592,1.2083333333333333,0
263612,0.9722222222222223,1
263707,0.7777777777777778,0
263762,1.611111111111111,0
263763,0.625,0
263766,1.222222222222222,0
263781,5.4399999999999995,0
263812,1.5277777777777777,0
263822,1.3888888888888886,0
263866,1.25,1
263921,1.3888888888888886,0
264018,1.611111111111111,0
264064,1.5,1
264095,1.1111111111111112,0
264107,2.0,0
264145,1.5,0
264234,1.2916666666666667,0
264236,1.4166666666666667,0
264308,1.1666666666666667,0
264331,1.5555555555555556,0
264365,0.9722222222222222,0
264409,4.56,0
264486,1.6666666666666667,0
264491,1.6666666666666667,0
264632,1.0833333333333333,0
264690,1.5,0
264701,0.8333333333333334,0
264723,1.4166666666666667,0
264733,1.3194444444444444,0
264741,1.9166666666666667,0
264823,1.763888888888889,0
264936,1.3333333333333333,0
265072,1.125,0
265226,1.75,0
265284,1.4305555555555556,0
265317,1.388888888888889,0
265383,1.3333333333333333,0
265557,1.5833333333333333,0
265566,1.222222222222222,0
265575,1.375,0
265677,1.1666666666666667,0
265836,0.9722222222222222,0
265975,1.3472222222222223,0
266148,1.3333333333333333,0
266234,1.125,0
266284,1.1666666666666667,0
266298,0.9166666666666666,1
266365,1.4166666666666667,0
266377,6.720000000000001,0
266429,0.9722222222222222,1
266474,1.361111111111111,0
266479,1.486111111111111,0
266516,1.8055555555555556,0
266536,1.0,0
266541,0.6666666666666666,0
266604,1.25,0
266640,1.4722222222222223,0
266757,0.875,0
266861,1.0,0
266953,0.32,0
266968,1.4166666666666667,0
267020,1.25,0
267245,1.5555555555555554,0
267291,1.1944444444444444,0
267306,1.6666666666666667,0
267352,1.6666666666666667,0
267428,1.0,0
267474,0.8333333333333334,0
267566,1.9166666666666667,0
267717,0.625,0
267739,1.736111111111111,0
267930,1.3333333333333333,1
267944,0.9166666666666666,0
267951,1.4305555555555556,0
268076,1.111111111111111,0
268094,1.3333333333333333,0
268128,1.3472222222222223,0
268129,1.861111111111111,0
268139,1.0,0
268145,1.3472222222222223,0
268281,1.0,1
268293,1.3194444444444444,0
268307,1.4166666666666667,0
268414,1.1666666666666667,0
268439,1.263888888888889,0
268500,1.3194444444444444,0
268630,1.1666666666666667,0
268789,0.875,0
268842,1.6666666666666667,0
268932,0.2777777777777778,0
268958,1.7777777777777777,0
269070,0.9305555555555555,0
269120,1.5,0
269154,1.5833333333333333,0
269297,1.4166666666666667,0
269565,1.0,0
269632,1.25,0
269694,1.5,0
269775,1.111111111111111,0
269960,1.7083333333333333,0
270011,1.0,0
270022,1.5,1
270160,1.3333333333333333,0
270248,0.888888888888889,0
270266,1.222222222222222,0
270304,1.3472222222222223,0
270337,1.9583333333333333,0
270389,1.625,0
270499,1.3194444444444444,0
270570,1.277777777777778,0
270575,1.4305555555555554,0
270723,1.5833333333333333,0
270730,1.4444444444444444,0
270759,0.9722222222222222,0
270761,1.9305555555555556,0
270862,1.4583333333333333,0
270901,1.3333333333333333,0
270909,0.875,0
270935,1.4583333333333333,0
271043,1.5,0
271148,1.6666666666666667,0
271235,0.9166666666666666,0
271357,1.4444444444444444,0
271365,1.7222222222222223,0
271432,0.4166666666666667,0
271463,1.513888888888889,0
271641,4.720000000000001,0
271660,0.6666666666666666,0
271675,1.9444444444444446,0
271680,1.5,0
271911,1.4444444444444446,0
271929,1.3333333333333333,0
272001,1.6527777777777777,0
272097,0.9166666666666666,0
272144,1.2777777777777777,0
272148,1.9166666666666667,0
272250,2.56,0
272476,1.25,0
272551,1.222222222222222,0
272568,0.9444444444444443,0
272672,1.3472222222222223,0
272787,1.3333333333333333,0
272812,1.5833333333333333,0
272839,0.8333333333333334,0
272893,1.6666666666666667,0
272944,1.111111111111111,0
273020,1.1111111111111112,0
273052,1.611111111111111,0
273054,0.5555555555555556,0
273070,1.3888888888888886,0
273144,1.5555555555555556,0
273177,0.6666666666666666,0
273179,1.375,0
273198,1.4166666666666667,0
273213,0.9444444444444443,0
273357,1.0833333333333333,0
273391,1.3333333333333333,0
273414,1.388888888888889,0
273478,1.5833333333333333,0
273552,1.222222222222222,0
273984,1.4166666666666667,0
274083,1.4444444444444444,0
274117,1.5833333333333333,0
274141,1.4583333333333333,0
274204,1.5,0
274211,1.4444444444444446,0
274264,1.777777777777778,0
274354,1.4305555555555554,0
274410,1.111111111111111,0
274428,1.027777777777778,0
274431,5.92,0
274473,1.5833333333333333,0
274535,1.75,1
274698,1.4583333333333333,1
274803,2.56,0
274817,1.125,0
274858,1.875,1
274879,1.5555555555555556,0
274896,1.1666666666666667,0
275049,1.611111111111111,0
275118,1.5833333333333333,0
275209,1.2222222222222223,0
275244,1.3611111111111114,0
275287,1.5,0
275298,0.9444444444444445,0
275306,1.222222222222222,0
275358,1.3333333333333333,0
275386,0.888888888888889,0
275387,1.92,0
275413,6.4,0
275442,1.4166666666666667,0
275446,0.9861111111111112,0
275531,1.222222222222222,0
275637,1.6666666666666667,0
275670,1.0694444444444444,0
275694,3.7600000000000002,0
275762,1.2777777777777777,0
275849,1.0833333333333333,0
275933,0.875,0
275949,0.64,0
276035,1.5,0
276037,1.5,0
276100,1.0833333333333333,0
276152,1.513888888888889,0
276204,0.8888888888888888,0
276255,1.5833333333333333,0
276289,1.611111111111111,0
276494,1.4305555555555556,0
276648,1.2777777777777777,0
276650,1.9444444444444444,0
276673,1.111111111111111,0
276746,1.5,0
276806,7.68,0
276937,0.888888888888889,0
276947,2.6399999999999997,0
276967,0.75,1
276990,1.75,0
277025,0.625,1
277033,0.4166666666666667,0
277091,1.1666666666666667,0
277094,1.152777777777778,0
277139,1.8333333333333333,0
277145,0.9444444444444445,0
277188,1.1666666666666667,0
277281,1.5833333333333333,0
277285,1.6666666666666667,0
277341,0.4583333333333333,0
277356,0.3055555555555555,1
277367,1.3333333333333333,0
277375,1.777777777777778,0
277494,1.6666666666666667,0
277565,1.75,0
277587,1.5833333333333333,0
277594,1.513888888888889,0
277610,1.4444444444444444,0
277649,1.4722222222222223,0
277769,0.9166666666666666,0
277783,1.0138888888888888,0
277788,1.4166666666666667,0
277855,2.0,0
277910,1.8055555555555556,0
278164,1.0833333333333333,0
278213,1.6805555555555556,0
278307,1.25,0
278539,1.3333333333333333,0
278676,1.0,0
278815,1.8888888888888886,0
278822,1.3194444444444444,0
278836,0.5555555555555555,0
278854,1.0833333333333333,0
278865,1.388888888888889,0
278898,1.8333333333333333,0
278916,1.611111111111111,0
278932,1.5833333333333333,0
278983,1.5833333333333333,0
278987,1.388888888888889,0
279221,1.0694444444444444,0
279231,1.3333333333333333,0
279380,1.125,0
279408,1.3333333333333333,0
279409,1.7777777777777777,0
279419,1.625,0
279430,1.4166666666666667,0
279468,1.6111111111111114,0
279580,1.4166666666666667,0
279634,1.0,1
279693,1.4166666666666667,0
279777,1.4583333333333333,0
279821,1.763888888888889,0
279919,1.3472222222222223,0
279967,1.5,0
280087,0.986111111111111,0
280216,1.5,0
280292,1.388888888888889,0
280545,1.25,0
280574,1.6666666666666667,0
280588,1.513888888888889,0
280603,1.7222222222222223,0
280641,1.361111111111111,0
280659,1.0,0
280796,1.75,0
280822,1.0694444444444444,0
280828,1.7777777777777777,0
280864,1.8194444444444444,0
280879,1.2916666666666667,0
280895,1.5,0
281064,1.6527777777777777,0
281075,1.4166666666666667,0
281108,3.6,0
281118,0.7777777777777778,0
281305,0.9583333333333334,0
281328,1.0,0
281449,1.6666666666666667,0
281550,1.7083333333333333,0
281571,1.388888888888889,0
281585,1.2916666666666667,0
281608,1.7777777777777777,0
281737,0.64,0
281926,1.2916666666666667,0
281979,1.111111111111111,0
282041,1.5833333333333333,0
282140,5.68,0
282259,1.125,0
282542,1.3333333333333333,0
282678,1.125,0
282723,1.222222222222222,0
282854,1.7777777777777777,0
282872,1.1944444444444444,0
282896,1.8333333333333333,0
282930,1.125,0
283110,2.1666666666666665,0
283122,0.9166666666666666,0
283133,1.3333333333333333,0
283290,1.222222222222222,0
283326,7.840000000000001,0
283338,1.0694444444444444,0
283358,1.2916666666666667,0
283437,1.6666666666666667,0
283654,1.277777777777778,1
283709,1.9444444444444446,0
283747,1.3333333333333333,0
283770,1.222222222222222,0
283807,0.7777777777777778,0
283822,1.6666666666666667,0
283929,1.8333333333333333,0
283980,1.125,0
283994,1.597222222222222,0
284203,1.3333333333333333,0
284290,1.4027777777777777,0
284362,1.5,0
284419,0.75,0
284442,1.888888888888889,0
284461,1.0,0
284610,1.0,0
284621,1.222222222222222,0
284782,1.388888888888889,0
284866,1.0,0
284889,1.5972222222222223,0
284892,4.96,0
285122,1.2916666666666667,0
285202,1.0,0
285220,1.236111111111111,0
285335,1.3333333333333333,0
285411,0.5555555555555556,0
285484,1.3333333333333333,0
285485,1.0,0
285579,4.56,0
285631,0.875,0
285636,0.875,0
285909,6.4,0
285938,1.3888888888888886,0
285942,1.3333333333333333,0
285982,1.388888888888889,0
286065,0.9444444444444445,0
286114,1.5,0
286225,1.0277777777777777,0
286262,1.25,1
286370,1.6666666666666667,0
286551,1.0555555555555556,0
286611,0.9600000000000002,0
286636,1.5,0
286641,1.3333333333333333,0
286718,1.0277777777777777,0
286883,1.222222222222222,0
286927,1.2777777777777777,0
286942,1.0694444444444444,0
286954,0.4444444444444445,0
286975,1.8194444444444444,0
286989,1.25,0
287023,1.0833333333333333,0
287088,1.5,0
287097,1.375,0
287198,1.3333333333333333,0
287254,0.8888888888888888,0
287266,2.0833333333333335,0
287414,1.3333333333333333,0
287591,1.1944444444444444,0
287593,0.9166666666666666,0
287690,1.9305555555555556,0
287750,1.4722222222222223,0
287799,1.375,0
287927,1.4444444444444444,0
287942,1.1666666666666667,0
287979,1.388888888888889,0
288369,1.388888888888889,0
288384,1.7916666666666667,0
288419,1.611111111111111,0
288451,0.5555555555555555,1
288491,1.4166666666666667,0
288500,1.5,0
288530,1.375,0
288636,1.0,0
288735,1.2222222222222223,0
288776,1.5833333333333333,0
289116,3.6,0
289133,0.875,0
289139,1.0833333333333333,0
289151,1.125,0
289177,1.125,0
289294,1.3333333333333333,0
289354,1.5416666666666667,0
289472,1.6666666666666667,0
289476,5.12,0
289516,1.25,0
289665,1.25,0
289732,1.5,0
289863,1.6666666666666667,0
289921,0.7916666666666666,0
289968,3.7600000000000002,0
290024,0.9583333333333334,0
290091,1.6666666666666667,0
290184,0.611111111111111,1
290200,1.4583333333333333,0
290249,1.5,0
290250,3.84,0
290356,1.44,0
290362,1.3333333333333333,0
290395,1.1666666666666667,0
290445,1.7777777777777777,0
290465,1.5833333333333333,0
290507,0.625,0
290554,1.4166666666666667,0
290564,0.6666666666666666,0
290599,1.388888888888889,0
290620,0.611111111111111,0
290638,1.5833333333333333,0
290756,1.222222222222222,0
290902,1.3333333333333333,0
290964,0.875,0
290994,1.5,0
291148,0.9583333333333334,0
291336,0.8333333333333334,0
291509,5.92,0
291510,1.8333333333333333,0
291595,1.222222222222222,0
292021,1.1666666666666667,0
292049,1.8333333333333333,0
292061,1.0833333333333333,0
292096,1.611111111111111,0
292164,1.0694444444444444,0
292384,1.4027777777777777,0
292497,1.4444444444444444,0
292546,1.44,0
292617,1.4583333333333333,0
292618,1.6666666666666667,0
292843,1.222222222222222,0
292957,1.1944444444444444,0
293100,0.9722222222222222,1
293212,1.6666666666666667,0
293222,0.96,0
293266,1.6805555555555556,0
293496,1.388888888888889,0
293531,1.0555555555555556,0
293676,1.388888888888889,0
293685,1.1666666666666667,1
294005,1.388888888888889,0
294016,1.25,0
294027,1.5416666666666667,0
294048,1.125,0
294071,1.4444444444444444,0
294172,2.4,0
294273,0.96,0
294283,1.513888888888889,0
294334,1.5555555555555556,0
294396,1.2638888888888888,0
294580,1.5833333333333333,0
294617,0.8333333333333334,0
294634,1.3333333333333333,0
294642,1.3333333333333333,0
294728,1.8333333333333333,0
294738,0.625,0
294753,1.0555555555555556,0
294849,1.1111111111111112,0
294865,1.875,0
295064,1.0555555555555556,0
295078,1.0555555555555556,0
295138,0.4166666666666667,0
295147,1.3194444444444444,0
295205,1.611111111111111,0
295217,1.222222222222222,0
295302,0.5555555555555556,0
295327,1.0833333333333333,0
295355,2.111111111111111,0
295387,1.5277777777777777,0
295412,1.9444444444444444,0
295423,1.1111111111111112,0
295510,1.6527777777777777,0
295533,1.5833333333333333,0
295578,1.5,0
295884,2.0,0
295906,1.0833333333333333,0
295929,1.4166666666666667,0
296097,1.2916666666666667,1
296104,0.9166666666666666,1
296146,1.6666666666666667,0
296217,1.5555555555555554,0
296412,3.84,1
296566,1.388888888888889,1
296567,4.640000000000001,0
296579,1.111111111111111,0
296626,1.0555555555555556,0
296689,0.875,0
296690,1.4305555555555554,0
296736,1.5416666666666667,0
296887,1.8333333333333333,0
296915,1.125,0
296997,1.2916666666666667,0
297101,0.875,0
297167,3.6799999999999997,0
297172,1.0555555555555556,0
297306,1.486111111111111,0
297327,0.9722222222222222,0
297379,0.763888888888889,0
297382,1.1805555555555556,0
297520,1.5833333333333333,0
297568,1.5,0
297607,1.25,0
297621,1.3194444444444444,0
297684,6.08,0
297869,1.4166666666666667,0
298063,1.9305555555555556,0
298181,1.1666666666666667,0
298232,1.4444444444444444,0
298280,1.75,0
298327,1.4444444444444446,0
298343,1.513888888888889,0
298344,1.1944444444444444,0
298506,0.6944444444444443,0
298535,1.527777777777778,0
298539,1.0555555555555556,0
298543,1.4444444444444444,0
298601,1.4583333333333333,0
298671,1.611111111111111,0
298681,1.0833333333333333,0
298712,1.3333333333333333,0
298795,1.1111111111111112,0
298813,1.5,0
298817,1.611111111111111,0
298829,1.4166666666666667,0
298853,1.1111111111111112,0
298865,1.5972222222222223,0
298869,1.3333333333333333,0
298999,6.159999999999999,0
299034,1.3333333333333333,0
299107,1.5277777777777777,0
299113,1.5,0
299165,1.1666666666666667,0
299204,5.44,0
299210,1.4166666666666667,0
299278,1.3333333333333333,0
299359,1.4444444444444444,0
299366,1.111111111111111,1
299397,0.5555555555555556,0
299412,1.3333333333333333,0
299419,0.9722222222222222,0
299454,1.1944444444444444,0
299464,1.0138888888888888,0
299501,1.5555555555555556,0
299573,1.5833333333333333,1
299585,1.0,0
299760,1.6666666666666667,0
299769,0.9722222222222222,0
299830,1.097222222222222,0
299919,3.5200000000000005,0
300008,1.486111111111111,0
300023,1.4166666666666667,0
300051,1.0,0
300371,1.75,0
300460,0.8888888888888888,1
300465,2.0,0
300606,1.0833333333333333,0
300623,0.75,1
300676,1.2222222222222223,0
300733,1.0833333333333333,0
300806,1.5694444444444444,0
300818,1.5,0
300836,1.0694444444444444,0
300845,1.0,0
300870,1.5833333333333333,0
300960,1.4166666666666667,0
300964,1.5,0
301094,2.111111111111111,0
301112,1.8333333333333333,0
301152,0.4166666666666667,0
301155,1.2916666666666667,0
301301,1.4166666666666667,0
301323,5.12,0
301563,1.5,0
301603,0.9444444444444443,0
301744,1.1666666666666667,0
301760,1.3333333333333333,0
301784,1.375,0
301793,1.1666666666666667,0
301794,1.4444444444444444,0
302056,1.5833333333333333,0
302057,0.96,0
302129,1.8333333333333333,0
302134,1.513888888888889,0
302158,1.222222222222222,0
302186,1.0694444444444444,0
302198,1.2638888888888888,0
302258,1.25,0
302313,1.2916666666666667,1
302414,1.027777777777778,0
302460,1.9166666666666667,0
302467,1.25,0
302509,1.5555555555555556,0
302628,1.3333333333333333,0
302669,0.15277777777777776,0
302804,1.4166666666666667,0
302839,1.0833333333333333,0
302874,1.2777777777777777,0
302908,0.9166666666666666,0
302921,1.0,0
302957,1.2777777777777777,0
303207,0.9722222222222222,0
303246,1.125,0
303573,1.222222222222222,0
303682,1.0555555555555556,0
303934,1.0555555555555556,0
304117,0.625,0
304131,1.1666666666666667,0
304445,1.1944444444444444,0
304600,1.5555555555555554,0
304601,1.5555555555555556,0
304620,1.5277777777777777,1
304643,1.4166666666666667,0
304726,1.0,0
304764,0.888888888888889,1
304770,1.5,0
304779,1.361111111111111,0
304824,1.0833333333333333,0
304944,1.9166666666666667,0
305100,0.7777777777777778,0
305102,1.222222222222222,0
305150,1.0833333333333333,0
305171,1.277777777777778,0
305243,1.3333333333333333,0
305380,1.3333333333333333,0
305412,1.4166666666666667,0
305687,1.1666666666666667,0
305807,1.3333333333333333,0
305857,0.611111111111111,0
305910,1.1111111111111112,0
306051,0.6666666666666666,0
306068,1.0833333333333333,0
306110,1.7083333333333333,0
306231,1.4166666666666667,0
306288,1.0,1
306331,1.6666666666666667,0
306400,1.2222222222222223,0
306402,1.3333333333333333,0
306667,1.222222222222222,0
306676,1.3333333333333333,0
306708,2.0,1
306869,0.8333333333333334,0
306872,0.6666666666666666,0
306880,1.1666666666666667,0
306965,1.388888888888889,0
307047,1.5833333333333333,1
307049,1.5833333333333333,0
307166,1.6666666666666667,0
307178,1.2777777777777777,0
307233,1.625,0
307256,1.7777777777777777,0
307296,1.388888888888889,0
307622,1.9444444444444444,0
307623,0.9583333333333334,0
307631,0.3055555555555555,1
307740,1.3333333333333333,0
307785,0.9444444444444443,0
307848,1.2083333333333333,0
307859,0.888888888888889,0
308144,1.0,0
308171,1.5555555555555556,0
308176,0.6666666666666666,0
308197,1.3333333333333333,0
308202,0.3055555555555555,0
308214,1.625,0
308255,1.3333333333333333,0
308362,1.222222222222222,0
308379,1.263888888888889,0
308591,1.3333333333333333,0
308629,1.9305555555555556,1
308704,1.2083333333333333,0
308798,1.222222222222222,0
308891,1.0694444444444444,0
308991,1.1111111111111112,0
309041,1.5,0
309108,0.8333333333333334,0
309110,1.3333333333333333,0
309230,1.388888888888889,0
309277,0.9166666666666666,0
309304,1.3333333333333333,0
309352,1.4166666666666667,0
309364,1.1944444444444444,0
309408,1.75,0
309456,1.1666666666666667,0
309584,1.3333333333333333,0
309602,1.1944444444444444,0
309727,1.486111111111111,0
309861,1.9166666666666667,0
309921,1.4444444444444444,0
309933,1.0,0
310252,1.388888888888889,0
310396,1.5,0
310534,1.5833333333333333,0
310700,1.8333333333333333,0
310853,1.486111111111111,0
310911,1.0,0
310965,0.6666666666666666,0
310983,0.9444444444444445,0
311346,1.4444444444444444,0
311363,1.0,0
311556,1.222222222222222,0
311619,1.0833333333333333,0
311636,1.0,0
311684,1.0555555555555556,0
311692,3.8400000000000007,0
311762,1.6944444444444444,0
311795,1.25,1
311841,1.111111111111111,0
311907,1.5833333333333333,0
311943,0.8888888888888888,0
311952,1.25,1
312048,1.3333333333333333,0
312074,1.375,0
312148,0.7638888888888888,0
312180,1.3194444444444444,0
312226,1.111111111111111,0
312248,1.6805555555555556,0
312312,1.5833333333333333,0
312455,1.5,0
312474,0.7777777777777778,0
312490,1.111111111111111,0
312530,0.8333333333333334,0
312545,1.277777777777778,0
312568,1.75,0
312607,1.9166666666666667,0
312630,0.5833333333333334,0
312774,1.222222222222222,0
312863,1.388888888888889,0
312867,1.0,0
312933,1.6527777777777777,0
312979,1.277777777777778,0
313185,1.0,0
313254,1.1805555555555556,0
313292,0.6944444444444445,0
313424,1.611111111111111,0
313437,0.875,0
313461,1.125,0
313473,1.0833333333333333,0
313477,1.6666666666666667,0
313538,1.3333333333333333,0
313544,1.5833333333333333,1
313602,1.8333333333333333,0
313681,1.5833333333333333,0
313688,1.6666666666666667,0
313708,1.222222222222222,0
313732,1.1666666666666667,0
313763,1.25,0
313815,1.3194444444444444,0
313837,5.12,0
313860,1.5,0
313982,1.1666666666666667,0
314014,1.3333333333333333,0
314065,1.9583333333333333,0
314081,1.0,0
314108,1.4444444444444444,0
314147,1.611111111111111,0
314202,1.1666666666666667,0
314250,1.5,0
314258,1.7222222222222223,0
314317,1.3888888888888886,0
314328,1.3194444444444444,0
314372,1.4583333333333333,0
314413,0.75,0
314589,1.6666666666666667,0
314713,1.0694444444444444,0
314718,1.1666666666666667,0
314742,1.0694444444444444,0
314842,1.9027777777777777,0
314898,1.5833333333333333,0
314935,1.3333333333333333,0
314941,1.2916666666666667,0
315014,1.2,0
315054,1.0694444444444444,1
315113,1.25,0
315225,0.625,0
315235,1.0555555555555556,0
315361,1.4166666666666667,0
315482,1.1527777777777777,0
315527,3.5200000000000005,0
315736,1.277777777777778,0
315848,1.152777777777778,0
315851,1.1666666666666667,0
315869,1.5972222222222223,0
316082,0.7777777777777778,0
316290,1.8333333333333333,0
316307,1.125,0
316308,1.625,0
316323,1.388888888888889,1
316527,1.2083333333333333,0
316633,1.2222222222222223,0
316644,1.1666666666666667,0
316666,0.763888888888889,0
316752,1.5,0
316793,1.7777777777777777,0
316933,1.0833333333333333,0
316982,1.2916666666666667,0
317060,1.0,0
317094,1.611111111111111,0
317100,1.611111111111111,0
317137,6.0,0
317205,1.2638888888888888,0
317260,1.5833333333333333,0
317624,1.8333333333333333,0
317664,0.8333333333333334,0
317683,1.388888888888889,0
317726,1.6666666666666667,0
317774,1.222222222222222,0
317776,1.9027777777777777,0
317827,1.6666666666666667,0
317888,1.388888888888889,0
317919,1.5,0
318180,1.3333333333333333,0
318199,1.5833333333333333,0
318264,1.1666666666666667,0
318285,0.6944444444444445,0
318561,1.5833333333333333,0
318564,1.2777777777777777,0
318595,0.611111111111111,0
318654,1.3333333333333333,0
318751,1.3333333333333333,0
318753,0.5833333333333334,0
318755,1.2916666666666667,0
318786,1.0,0
318902,2.069444444444444,0
318945,1.3333333333333333,0
319012,1.0833333333333333,0
319052,1.25,0
319059,1.75,0
319123,1.8333333333333333,0
319304,1.4166666666666667,0
319378,1.4166666666666667,0
319387,1.4305555555555554,0
319430,4.4799999999999995,0
319433,1.0,0
319469,0.9166666666666666,0
319501,1.5,0
319504,0.6666666666666666,0
319658,0.875,0
319664,1.3194444444444444,0
319671,1.1199999999999999,0
319742,0.625,0
319768,1.44,0
319822,1.1666666666666667,0
319850,1.1666666666666667,0
319868,1.3333333333333333,0
319947,1.2916666666666667,0
320004,1.388888888888889,0
320031,1.5555555555555556,0
320042,1.222222222222222,0
320180,1.6527777777777777,0
320183,2.6399999999999997,0
320191,1.3194444444444444,0
320414,1.125,0
320576,1.5,0
320685,1.3472222222222223,0
320772,0.9444444444444445,0
320784,1.8333333333333333,0
320980,0.625,0
320996,0.875,0
321012,1.4305555555555556,0
321027,1.25,0
321074,1.111111111111111,0
321213,2.3200000000000003,0
321227,1.763888888888889,0
321388,1.4583333333333333,0
321436,1.4583333333333333,0
321457,1.0138888888888888,0
321666,1.1666666666666667,0
321734,0.3055555555555555,0
321748,1.8333333333333333,0
321762,0.6666666666666666,0
321795,1.1111111111111112,0
321954,0.9583333333333334,0
322000,1.75,0
322169,1.2222222222222223,0
322193,0.9583333333333334,0
322451,1.5833333333333333,0
322501,1.125,0
322606,1.222222222222222,0
322733,1.2222222222222223,0
323043,0.8333333333333334,0
323068,1.736111111111111,0
323154,1.4444444444444446,0
323249,1.28,0
323311,1.5,0
323345,2.0833333333333335,0
323424,0.9722222222222222,0
323448,1.5833333333333333,0
323542,1.6666666666666667,0
323660,9.440000000000001,0
323720,0.625,0
323735,1.6527777777777777,0
323821,1.388888888888889,0
324013,0.6944444444444445,1
324048,1.5,0
324139,1.0,0
324143,1.0694444444444444,0
324242,1.222222222222222,0
324248,1.1666666666666667,0
324295,1.2638888888888888,0
324364,1.6666666666666667,0
324404,1.0694444444444444,0
324506,1.0,0
324557,1.3333333333333333,0
324662,0.7777777777777778,0
324707,0.9166666666666666,0
324739,1.513888888888889,0
324773,1.9027777777777777,0
324801,1.25,0
324881,1.125,0
324997,1.3333333333333333,0
325082,1.2222222222222223,0
325134,1.4166666666666667,0
325190,1.3333333333333333,0
325268,1.6111111111111114,0
325367,1.125,0
325379,1.8472222222222223,0
325382,1.277777777777778,0
325490,1.763888888888889,0
325498,1.4166666666666667,0
325593,3.6799999999999997,0
325599,1.2916666666666667,0
325661,1.4166666666666667,0
325778,1.6666666666666667,0
325802,1.0,0
325830,8.64,0
325935,1.4166666666666667,0
326001,1.486111111111111,0
326069,1.4166666666666667,0
326234,1.513888888888889,0
326240,0.3055555555555555,1
326267,1.0694444444444444,0
326272,5.6,0
326280,1.6666666666666667,0
326418,1.8472222222222223,0
326564,1.8333333333333333,0
326603,1.277777777777778,0
326699,0.8333333333333334,0
326707,0.8888888888888888,0
326724,1.361111111111111,0
326803,1.1111111111111112,0
326823,1.638888888888889,0
326905,1.4583333333333333,0
326961,1.5,0
326988,1.388888888888889,0
327015,1.5833333333333333,0
327098,1.9166666666666667,0
327163,1.0833333333333333,0
327203,0.4166666666666667,0
327285,1.7083333333333333,0
327320,1.75,0
327470,1.4166666666666667,0
327474,1.3333333333333333,0
327530,1.097222222222222,0
327653,1.4166666666666667,0
327688,1.5833333333333333,0
327796,1.0694444444444444,0
327866,1.75,0
327903,0.5555555555555556,0
327910,1.25,0
327972,1.5416666666666667,0
328111,1.361111111111111,0
328116,1.8333333333333333,0
328173,1.5,1
328180,6.0,0
328181,1.722222222222222,0
328188,1.8333333333333333,0
328198,1.7083333333333333,0
328213,1.611111111111111,0
328303,1.25,0
328323,1.388888888888889,0
328446,1.3333333333333333,0
328543,1.388888888888889,0
328576,1.5972222222222223,0
328623,1.625,0
328668,1.027777777777778,0
328754,1.4444444444444444,0
328936,1.5,0
329039,1.0555555555555556,0
329056,1.5,0
329088,1.4444444444444444,1
329094,1.5,0
329162,1.1666666666666667,0
329214,1.25,0
329215,1.0555555555555556,0
329300,0.9583333333333334,0
329302,1.0694444444444444,0
329355,1.0,0
329358,0.625,0
329364,1.6944444444444444,0
329587,1.277777777777778,0
329660,1.1666666666666667,0
329692,1.0555555555555556,0
329720,2.0,0
329730,0.5555555555555555,0
329735,1.5833333333333333,0
329736,1.0,0
329826,1.3333333333333333,0
329839,1.75,0
330040,1.8055555555555556,0
330053,0.8888888888888888,0
330131,1.625,0
330249,1.4444444444444446,0
330278,1.5,0
330316,1.2916666666666667,0
330343,1.0138888888888888,0
330365,1.2916666666666667,0
330433,1.7916666666666667,0
330464,1.5833333333333333,0
330468,1.25,0
330515,1.611111111111111,0
330562,3.44,0
330680,1.513888888888889,0
330694,6.08,0
330741,1.0833333333333333,0
330779,1.0,0
330783,1.6666666666666667,1
330858,1.0555555555555556,0
330870,0.4583333333333333,0
330988,1.3888888888888886,0
331078,1.6111111111111114,0
331094,0.15277777777777776,0
331184,1.5833333333333333,0
331258,0.875,0
331301,1.736111111111111,0
331325,1.277777777777778,0
331353,1.5416666666666667,0
331560,1.4305555555555554,0
331598,0.9166666666666666,0
331669,0.15277777777777776,1
331697,1.3333333333333333,0
331698,1.5972222222222223,0
331699,1.388888888888889,0
331706,1.4444444444444444,0
331857,1.5,0
331995,0.7638888888888888,1
332027,1.25,0
332077,1.1111111111111112,0
332082,1.4166666666666667,0
332175,0.9166666666666666,0
332208,1.5,0
332225,1.5833333333333333,0
332276,0.9166666666666666,0
332289,1.5,0
332387,1.5,0
332409,1.638888888888889,0
332430,0.8333333333333334,0
332466,1.8333333333333333,0
332711,1.3333333333333333,0
332716,1.0694444444444444,0
332780,0.9166666666666666,0
332823,5.12,0
332869,1.75,0
332962,1.0833333333333333,0
332983,2.48,0
333039,1.361111111111111,0
333064,1.638888888888889,0
333207,1.0,0
333213,3.7600000000000002,0
333295,1.25,0
333451,1.9444444444444444,0
333502,1.75,0
333595,0.9583333333333334,0
333621,1.0694444444444444,0
333680,1.5,0
333694,1.25,0
333773,1.4583333333333333,0
333799,1.5,0
333825,1.5,0
334003,1.3333333333333333,0
334143,1.3333333333333333,0
334224,1.1666666666666667,0
334273,1.6666666666666667,1
334324,0.9722222222222222,0
334329,2.0,0
334437,1.5833333333333333,0
334454,1.1666666666666667,0
334575,0.8333333333333334,0
334997,1.75,0
335137,1.5277777777777777,0
335143,1.1666666666666667,0
335162,1.1666666666666667,0
335246,4.96,0
335306,1.222222222222222,0
335324,0.9444444444444445,0
335365,1.5833333333333333,0
335371,1.388888888888889,0
335421,0.9166666666666666,0
335545,1.75,0
335554,1.277777777777778,0
335671,1.6666666666666667,0
335755,1.1111111111111112,0
335839,1.1527777777777777,0
335852,1.75,0
335964,1.0694444444444444,0
336025,1.486111111111111,1
336037,1.6805555555555556,0
336127,1.486111111111111,0
336138,1.2916666666666667,0
336139,1.3333333333333333,0
336141,1.25,0
336143,1.611111111111111,0
336247,1.0555555555555556,0
336271,1.4166666666666667,0
336281,1.25,0
336341,1.388888888888889,0
336357,1.44,0
336469,1.1388888888888888,0
336484,0.8,0
336539,1.9166666666666667,0
336541,1.222222222222222,0
336665,0.6944444444444445,0
336722,1.5,0
336724,1.3194444444444444,0
336809,1.25,0
336817,1.28,0
336882,1.888888888888889,0
336902,1.28,0
337066,1.3888888888888886,0
337148,1.7083333333333333,0
337235,1.0555555555555556,0
337260,1.3472222222222223,0
337453,1.625,0
337488,1.111111111111111,0
337815,1.6666666666666667,0
337818,1.5972222222222223,0
337842,1.222222222222222,0
337857,1.1111111111111112,0
337925,1.6805555555555556,0
337932,1.0694444444444444,0
337945,1.5555555555555554,0
337980,1.75,0
337983,0.6666666666666666,0
338059,1.388888888888889,0
338212,0.8333333333333334,0
338285,1.4583333333333333,0
338346,0.875,0
338786,1.5833333333333333,0
338808,0.4166666666666667,0
338838,1.4166666666666667,0
338872,0.7222222222222223,0
339005,1.25,0
339151,1.3333333333333333,0
339220,0.875,0
339371,0.3055555555555555,0
339573,1.3472222222222223,0
339819,1.7222222222222223,0
339845,1.6527777777777777,0
339880,1.75,0
339927,1.4166666666666667,0
339941,1.5416666666666667,0
340277,1.3194444444444444,0
340307,1.0,0
340467,1.3333333333333333,0
340479,1.4166666666666667,0
340574,1.611111111111111,0
340583,1.736111111111111,0
340638,0.64,0
340691,1.486111111111111,0
340782,1.2916666666666667,0
340802,1.4305555555555556,0
340874,1.0,0
340924,1.3333333333333333,0
340925,1.1666666666666667,0
340927,0.9583333333333334,0
340931,1.0,0
341169,1.6666666666666667,0
341185,1.3333333333333333,0
341302,1.3194444444444444,0
341549,1.388888888888889,0
341594,1.0,0
341725,1.111111111111111,0
341728,1.611111111111111,0
341867,0.7638888888888888,0
341907,0.8888888888888888,1
341942,1.638888888888889,0
342007,5.04,0
342044,1.5,0
342156,1.277777777777778,0
342407,1.097222222222222,0
342483,0.9600000000000002,0
342527,1.3472222222222223,0
342554,1.5,0
342570,1.0,0
342583,1.3333333333333333,0
342679,1.6666666666666667,0
342725,1.4166666666666667,0
342836,1.2777777777777777,0
342929,1.125,0
342958,0.9722222222222222,0
342980,1.6,0
343001,0.9444444444444443,0
343011,1.0833333333333333,0
343051,8.48,0
343103,1.4166666666666667,0
343139,1.2638888888888888,0
343218,1.0694444444444444,0
343377,1.25,0
343383,1.25,0
343547,1.1666666666666667,0
343605,1.4166666666666667,0
343706,1.125,0
343879,0.8333333333333334,0
343994,1.6666666666666667,0
344009,1.125,0
344052,1.0,0
344121,1.5833333333333333,0
344180,1.2222222222222223,0
344199,1.1666666666666667,0
344232,1.3333333333333333,0
344260,1.1666666666666667,0
344372,7.68,0
344413,0.7638888888888888,0
344464,1.111111111111111,0
344483,1.611111111111111,0
344570,0.6944444444444445,0
344580,0.3055555555555555,0
344627,1.4444444444444446,0
344671,1.25,0
344797,1.5555555555555556,0
344990,1.25,0
344998,1.3333333333333333,0
345099,1.0555555555555556,0
345238,1.25,0
345244,1.111111111111111,0
345518,1.3333333333333333,0
345572,1.6666666666666667,0
345597,1.6666666666666667,0
345608,1.3888888888888886,0
345615,1.6666666666666667,0
345657,1.04,0
345682,1.0833333333333333,0
345765,1.5,0
345802,1.2916666666666667,0
345840,0.2777777777777778,0
345841,1.0,0
345908,1.6805555555555556,0
345931,2.388888888888889,0
345978,0.15277777777777776,0
346090,1.4583333333333333,0
346103,1.3333333333333333,0
346163,1.7222222222222223,0
346205,1.8888888888888886,0
346225,1.25,0
346274,1.3333333333333333,0
346295,1.6527777777777777,0
346346,0.8333333333333334,0
346384,1.513888888888889,0
346390,0.5,0
346456,1.1666666666666667,0
346529,1.3333333333333333,0
346560,1.8472222222222223,1
346598,1.3333333333333333,0
346633,1.2916666666666667,0
346678,1.2916666666666667,0
346704,1.8194444444444444,0
346809,1.2916666666666667,0
346828,1.75,0
346925,1.277777777777778,0
347001,1.222222222222222,0
347013,8.48,0
347142,0.9722222222222223,0
347227,6.08,0
347231,1.6666666666666667,0
347423,0.875,0
347431,1.861111111111111,0
347466,1.6111111111111114,0
347515,0.375,0
347629,1.1527777777777777,0
347634,1.3333333333333333,0
347850,1.4166666666666667,0
347861,1.2638888888888888,0
347914,0.4583333333333333,0
347932,1.25,0
347955,1.222222222222222,0
347982,2.56,0
348047,1.0,0
348056,1.486111111111111,0
348065,1.4166666666666667,0
348085,1.486111111111111,0
348143,6.4,0
348202,1.111111111111111,0
348215,1.5,0
348238,1.125,1
348245,0.3055555555555555,0
348400,1.8472222222222223,0
348448,1.3888888888888886,0
348463,1.4583333333333333,0
348471,1.1666666666666667,0
348475,1.2638888888888888,0
348600,1.0,0
348672,1.6666666666666667,0
348681,1.222222222222222,0
348723,1.3194444444444444,0
348732,0.6666666666666666,0
348740,1.5416666666666667,0
348751,1.4583333333333333,0
348774,1.3333333333333333,0
348835,1.4166666666666667,0
348920,1.125,0
348994,1.1527777777777777,0
349001,1.625,0
349046,1.152777777777778,0
349115,1.513888888888889,0
349132,1.2638888888888888,0
349153,1.4166666666666667,0
349220,1.277777777777778,0
349278,1.2916666666666667,0
349342,1.513888888888889,0
349470,5.04,0
349490,1.1944444444444444,0
349539,1.3333333333333333,0
349577,1.8194444444444444,0
349638,1.722222222222222,0
349670,1.6666666666666667,0
349730,1.5555555555555556,0
349767,1.5555555555555554,0
349838,1.5,0
350001,2.0,0
350059,1.4166666666666667,1
350238,1.6666666666666667,0
350271,1.2222222222222223,0
350587,1.4166666666666667,0
350631,1.4166666666666667,0
350675,1.152777777777778,0
350692,1.75,0
350863,1.0,0
350901,1.611111111111111,0
350979,0.8333333333333334,0
351029,1.125,0
351138,1.4444444444444444,0
351145,1.25,0
351238,0.7916666666666666,0
351296,1.527777777777778,0
351367,1.5,0
351389,1.277777777777778,0
351461,3.84,0
351500,1.1666666666666667,0
351551,6.0,0
351615,1.75,0
351753,0.8333333333333334,0
351889,1.361111111111111,0
351897,1.0,0
351937,1.1666666666666667,0
351966,0.15277777777777776,0
352005,1.5,0
352026,0.9166666666666666,1
352053,1.8333333333333333,0
352068,1.4166666666666667,0
352078,1.1666666666666667,0
352092,1.222222222222222,0
352101,1.152777777777778,0
352170,1.4166666666666667,0
352242,1.3333333333333333,0
352280,1.125,0
352306,1.0555555555555556,0
352337,1.2777777777777777,0
352377,1.5277777777777777,0
352424,1.5833333333333333,0
352490,1.75,0
352501,1.1666666666666667,0
352581,0.8333333333333334,1
352582,4.4,0
352617,1.2916666666666667,0
352653,1.125,0
352702,1.8888888888888886,0
352747,0.875,0
352809,0.72,0
352834,1.75,0
352916,0.8333333333333334,0
353032,1.861111111111111,0
353096,1.9444444444444444,0
353128,1.5972222222222223,0
353396,1.4166666666666667,0
353455,1.5,0
353486,1.5833333333333333,0
353648,0.6944444444444445,1
353786,1.375,0
354002,1.486111111111111,0
354084,1.5833333333333333,0
354150,1.0694444444444444,0
354295,1.4444444444444444,0
354442,1.2777777777777777,0
354461,1.1944444444444444,0
354464,1.1666666666666667,0
354477,1.3194444444444444,0
354483,1.4444444444444444,0
354547,1.4166666666666667,0
354730,1.0,1
355039,1.111111111111111,0
355102,0.875,0
355126,1.9166666666666667,0
355184,1.5833333333333333,0
355298,1.3333333333333333,1
355331,1.361111111111111,0
355491,6.4,0
355515,1.5555555555555554,0
355578,0.5555555555555556,0
355669,0.6805555555555555,0
355707,1.0,0
355750,2.0,0
355775,1.5833333333333333,0
355795,1.75,0
355906,1.5,0
355908,0.8888888888888888,0
355994,1.388888888888889,0
355995,1.1666666666666667,0
356237,3.12,0
356240,1.125,0
356460,2.56,0
356507,1.388888888888889,0
356558,1.25,0
356561,1.277777777777778,0
356578,2.48,0
356613,1.5,0
356618,1.5833333333333333,0
356708,1.486111111111111,0
356712,1.1111111111111112,0
356812,1.4305555555555554,0
356828,1.763888888888889,0
356955,1.1666666666666667,0
356980,1.097222222222222,0
357059,5.44,0
357138,1.6666666666666667,0
357149,1.0694444444444444,0
357161,1.388888888888889,0
357173,1.75,0
357199,1.125,0
357298,1.5555555555555556,0
357375,0.9166666666666666,0
357381,0.9444444444444445,0
357466,0.9305555555555557,0
357567,1.1111111111111112,1
357574,1.361111111111111,0
357589,1.111111111111111,0
357901,7.68,0
357971,1.1527777777777777,0
357988,2.4,0
358012,3.8400000000000007,0
358020,1.0694444444444444,0
358054,0.611111111111111,1
358151,0.9722222222222222,0
358201,1.0,0
358384,1.1666666666666667,0
358513,1.3333333333333333,0
358792,1.9583333333333333,0
358794,1.1666666666666667,0
358900,1.1111111111111112,0
358968,0.375,0
358979,1.486111111111111,0
359011,1.25,0
359029,0.5555555555555556,0
359091,1.5833333333333333,0
359133,1.44,0
359188,0.4166666666666667,1
359275,1.2916666666666667,0
359360,1.6666666666666667,0
359446,1.722222222222222,0
359466,1.527777777777778,0
359575,1.8472222222222223,0
359693,1.9305555555555556,0
359816,1.027777777777778,0
360017,1.277777777777778,0
360031,0.3055555555555555,0
360240,0.4166666666666667,0
360256,1.277777777777778,0
360435,1.222222222222222,0
360446,1.277777777777778,0
360472,1.7083333333333333,0
360537,1.25,0
360730,1.486111111111111,0
360805,1.3194444444444444,0
360902,1.6527777777777777,0
360942,1.4166666666666667,0
361109,1.6805555555555556,0
361237,1.5972222222222223,0
361266,1.5,0
361434,1.611111111111111,0
361439,0.875,0
361707,1.75,0
361816,1.5277777777777777,0
361827,0.9722222222222222,0
361892,1.6666666666666667,0
361944,1.222222222222222,1
362055,1.5833333333333333,0
362165,1.4166666666666667,0
362167,1.1666666666666667,0
362201,1.111111111111111,0
362293,1.6805555555555556,0
362471,1.9444444444444444,0
362541,1.8333333333333333,0
362586,1.4027777777777777,0
362642,1.1111111111111112,0
362680,1.6666666666666667,0
362736,1.4444444444444444,0
362742,0.625,0
362841,1.6666666666666667,0
362855,1.7083333333333333,0
362925,6.0,0
363199,1.7777777777777777,0
363314,1.152777777777778,0
363743,1.0555555555555556,0
363774,1.5,0
363864,1.3333333333333333,0
363925,0.8888888888888888,0
363967,6.4,0
364049,0.9861111111111112,0
364067,1.638888888888889,0
364137,1.25,0
364153,1.5555555555555554,0
364264,1.5833333333333333,0
364356,5.92,0
364710,1.28,0
364895,1.6666666666666667,0
364908,1.5833333333333333,0
364931,1.222222222222222,0
365138,6.08,0
365166,5.12,0
365346,1.513888888888889,0
365404,1.861111111111111,0
365413,1.222222222222222,0
365421,0.7777777777777778,0
365451,0.7777777777777778,0
365468,1.8333333333333333,0
365515,1.4583333333333333,0
365557,1.2916666666666667,0
365596,2.0,0
365619,1.222222222222222,0
365635,1.611111111111111,0
365642,1.0,0
365761,1.4305555555555554,0
365816,1.2638888888888888,0
365863,1.597222222222222,0
365887,0.15277777777777776,0
366049,1.92,0
366116,1.3333333333333333,0
366133,1.5833333333333333,0
366161,7.68,0
366263,1.9583333333333333,0
366467,1.1666666666666667,0
366487,1.1666666666666667,0
366500,1.0694444444444444,0
366537,0.9583333333333334,0
366540,4.96,0
366599,8.32,0
366654,1.375,0
366719,1.3333333333333333,0
366744,1.6666666666666667,0
366894,1.25,0
366911,1.5,0
366932,0.9166666666666666,0
366977,3.84,0
367338,1.25,0
367492,1.5416666666666667,0
367511,1.8194444444444444,0
367547,1.5555555555555556,0
367562,1.375,0
367680,1.4583333333333333,0
367697,0.9166666666666666,0
367751,1.388888888888889,0
367774,1.8333333333333333,0
367782,7.359999999999999,0
367961,1.3472222222222223,0
368027,1.5,0
368045,1.125,0
368062,0.611111111111111,1
368073,1.6666666666666667,0
368118,0.5833333333333334,0
368330,1.3194444444444444,0
368391,7.2,0
368523,1.5833333333333333,0
368549,1.5416666666666667,0
368566,1.5833333333333333,0
368591,1.2222222222222223,0
368772,5.12,0
368981,1.611111111111111,0
369000,0.9583333333333334,0
369035,1.513888888888889,0
369084,5.04,0
369091,0.9583333333333334,0
369121,1.6805555555555556,0
369141,1.4166666666666667,0
369229,1.3333333333333333,0
369242,1.4444444444444444,0
369361,0.75,0
369392,1.4444444444444444,0
369416,0.6944444444444445,0
369458,1.1666666666666667,0
369569,1.9166666666666667,0
369603,1.097222222222222,0
369646,0.9583333333333334,0
369658,1.5694444444444444,0
369682,1.1111111111111112,0
369715,0.8333333333333334,0
369739,1.1111111111111112,0
369795,0.875,0
369841,1.2916666666666667,0
369853,1.8333333333333333,0
369943,1.3333333333333333,0
370014,1.152777777777778,0
370066,1.25,0
370090,1.5,0
370093,0.875,0
370300,1.1944444444444444,0
370443,1.5833333333333333,0
370450,1.513888888888889,0
370486,1.0833333333333333,0
370517,0.8333333333333334,0
370539,0.75,0
370660,6.720000000000001,0
370744,1.1111111111111112,0
370842,1.9444444444444444,0
370877,1.75,0
370990,2.0416666666666665,0
371065,1.9166666666666667,0
371079,1.1666666666666667,0
371152,1.097222222222222,0
371159,1.277777777777778,0
371164,1.125,0
371191,1.4583333333333333,0
371368,0.5,0
371402,2.7199999999999998,0
371422,1.111111111111111,0
371511,2.32,0
371532,1.486111111111111,0
371580,1.6666666666666667,0
371606,0.75,0
371672,1.4444444444444444,0
371675,1.3333333333333333,0
371737,1.92,0
371739,1.125,0
371875,1.8333333333333333,0
371969,1.2916666666666667,0
372069,1.0694444444444444,0
372111,1.277777777777778,0
372183,1.388888888888889,0
372237,1.8333333333333333,0
372261,2.0833333333333335,0
372290,1.4166666666666667,0
372353,1.3333333333333333,0
372522,1.222222222222222,1
372622,1.3333333333333333,0
372647,1.9305555555555556,0
372652,1.5555555555555556,0
372737,1.28,0
372824,1.1666666666666667,0
372865,1.0,1
373044,1.611111111111111,0
373144,1.4444444444444444,0
373242,0.8888888888888888,0
373374,0.9583333333333334,0
373501,1.25,0
373737,1.222222222222222,1
373771,2.88,0
373886,0.6805555555555555,0
373898,1.0833333333333333,0
373950,1.5,0
374107,1.5555555555555556,0
374117,1.277777777777778,0
374266,1.3333333333333333,0
374275,1.1111111111111112,0
374344,1.1944444444444444,0
374345,1.4166666666666667,0
374401,0.8333333333333334,0
374440,1.361111111111111,0
374585,0.9444444444444445,0
374639,1.3333333333333333,0
374679,1.513888888888889,0
374721,1.0,0
374736,1.4444444444444444,0
374850,0.8333333333333334,0
374881,1.1666666666666667,0
374931,1.3333333333333333,0
374941,1.1666666666666667,0
374967,1.4166666666666667,0
374984,1.222222222222222,0
375056,0.7777777777777778,0
375105,1.777777777777778,0
375265,1.5277777777777777,0
375297,1.5,0
375430,1.6666666666666667,0
375451,0.4583333333333333,0
375511,1.9166666666666667,0
375540,1.222222222222222,0
375597,1.2222222222222223,0
375683,0.9444444444444445,0
375694,1.5,0
375722,1.222222222222222,0
375757,1.3611111111111114,0
375768,1.361111111111111,0
375792,1.0,0
375814,0.9166666666666666,0
375890,1.3333333333333333,0
375909,1.6527777777777777,0
375987,1.6666666666666667,0
376072,1.1666666666666667,0
376144,1.1111111111111112,0
376299,1.3333333333333333,0
376424,1.75,0
376484,1.1666666666666667,0
376572,1.125,0
376618,1.25,0
376630,0.9166666666666666,1
376725,1.125,0
376862,1.0416666666666667,0
376863,0.8333333333333334,0
376929,0.96,1
376969,1.277777777777778,0
377029,1.277777777777778,0
377050,1.5,0
377114,1.4305555555555554,0
377173,1.222222222222222,0
377247,1.125,0
377288,1.3333333333333333,0
377289,1.3333333333333333,0
377302,1.625,1
377322,1.5833333333333333,0
377375,0.4166666666666667,0
377444,0.611111111111111,1
377464,1.375,0
377471,6.56,0
377489,0.6111111111111112,1
377674,1.3333333333333333,0
377724,1.5833333333333333,0
377742,1.28,0
377968,0.8333333333333334,0
378014,1.388888888888889,0
378153,1.92,0
378181,1.6111111111111114,0
378267,1.0555555555555556,0
378454,1.0555555555555556,0
378793,1.3333333333333333,0
378827,1.2222222222222223,0
378857,1.5972222222222223,0
378920,1.2222222222222223,0
378968,1.4444444444444444,0
379110,1.4166666666666667,0
379117,0.9722222222222222,1
379120,1.2777777777777777,0
379238,0.8333333333333334,0
379281,1.222222222222222,0
379351,1.2916666666666667,0
379384,1.2916666666666667,0
379414,1.2,0
379446,1.5833333333333333,0
379506,1.152777777777778,0
379562,1.277777777777778,0
379572,1.7222222222222223,0
379629,1.4305555555555554,0
379716,1.625,0
379752,1.5,0
379836,1.1944444444444444,0
379962,1.375,0
380001,1.8888888888888886,0
380031,1.0833333333333333,0
380059,1.2222222222222223,0
380099,1.611111111111111,0
380110,1.1666666666666667,0
380183,1.222222222222222,0
380247,1.1944444444444444,0
380255,1.25,0
380262,1.486111111111111,0
380294,0.875,0
380526,1.75,0
380627,1.75,0
380788,1.0694444444444444,1
380795,1.1666666666666667,0
380843,0.9722222222222222,0
380928,1.5416666666666667,0
381189,1.277777777777778,0
381234,1.4166666666666667,0
381307,1.277777777777778,0
381316,1.25,0
381395,1.75,0
381459,1.75,0
381472,1.6666666666666667,0
381496,1.4583333333333333,0
381651,1.6111111111111114,0
381748,1.6666666666666667,0
381901,1.4305555555555554,0
382149,1.222222222222222,0
382197,1.277777777777778,1
382243,1.5416666666666667,0
382252,1.25,0
382271,1.25,0
382464,1.6666666666666667,0
382671,1.1527777777777777,0
382738,1.5833333333333333,0
382739,2.48,0
382748,1.5,0
382889,2.88,0
382953,1.3333333333333333,0
382980,1.5,0
383108,1.5,0
383147,1.486111111111111,0
383190,0.9861111111111112,0
383202,1.4166666666666667,0
383367,2.72,0
383399,0.9722222222222222,1
383421,1.388888888888889,0
383627,1.3333333333333333,0
383656,0.9444444444444443,0
383701,1.5555555555555556,0
383787,1.6666666666666667,0
383808,1.2916666666666667,0
383826,1.3333333333333333,0
383842,1.1666666666666667,0
383891,1.5833333333333333,0
383898,2.56,0
383912,1.3194444444444444,0
383954,1.027777777777778,1
383962,0.875,0
383969,0.8888888888888888,0
384010,5.92,0
384090,1.4166666666666667,0
384146,1.28,0
384269,1.5,0
384286,1.513888888888889,0
384328,0.75,0
384336,0.875,0
384412,6.720000000000001,0
384543,1.527777777777778,0
384599,1.027777777777778,0
384686,1.4444444444444446,0
384744,1.6666666666666667,0
384750,1.0,0
384825,1.1944444444444444,0
384920,0.9166666666666666,0
384928,1.2916666666666667,0
384986,1.6805555555555556,0
385092,6.08,0
385131,1.222222222222222,0
385190,1.5833333333333333,0
385235,1.7083333333333333,0
385358,1.4166666666666667,0
385593,1.2638888888888888,0
385638,0.15277777777777776,1
385718,1.3333333333333333,0
385864,1.0555555555555556,0
385912,1.3333333333333333,0
386037,1.388888888888889,0
386342,1.888888888888889,0
386363,1.1111111111111112,0
386607,1.25,0
386649,1.5555555555555556,0
386790,1.111111111111111,0
386825,1.611111111111111,0
386926,1.513888888888889,0
386979,1.3333333333333333,0
386986,1.6666666666666667,0
387121,1.5555555555555556,0
387129,1.75,0
387214,7.2,0
387307,3.6,0
387455,1.1666666666666667,0
387506,1.3055555555555556,0
387523,1.5,0
387553,1.0,0
387568,1.5416666666666667,0
387570,1.1666666666666667,0
387584,1.0555555555555556,0
387648,1.3333333333333333,0
387650,1.2222222222222223,0
387695,0.9583333333333334,0
387705,1.1805555555555556,0
387721,1.611111111111111,0
387880,1.0833333333333333,0
387971,0.8333333333333334,0
388046,1.486111111111111,0
388140,1.7916666666666667,0
388156,1.4305555555555556,0
388292,1.486111111111111,0
388448,1.6666666666666667,0
388478,0.888888888888889,0
388624,1.7222222222222223,0
388639,1.2916666666666667,0
388777,1.5555555555555556,0
388985,1.5833333333333333,0
389146,1.277777777777778,0
389225,1.222222222222222,0
389387,0.3055555555555555,0
389429,1.2916666666666667,0
389488,1.361111111111111,0
389551,1.4444444444444444,0
389565,1.5694444444444444,0
389583,1.28,0
389706,1.3472222222222223,0
389741,1.0694444444444444,0
389804,1.0833333333333333,0
389812,0.875,0
389928,1.611111111111111,0
389995,1.6111111111111114,0
389996,0.5555555555555555,1
390022,4.96,0
390117,1.3333333333333333,0
390190,1.5,0
390203,1.3333333333333333,0
390209,1.777777777777778,0
390343,1.611111111111111,0
390350,1.1111111111111112,0
390434,1.888888888888889,0
390435,1.222222222222222,0
390546,1.6666666666666667,0
390880,1.25,0
390911,1.2222222222222223,0
390924,0.9166666666666666,1
390974,1.4166666666666667,0
390980,1.6805555555555556,1
391034,1.5,0
391106,0.9722222222222222,0
391313,0.8750000000000001,0
391357,1.388888888888889,1
391397,0.75,0
391402,2.0,0
391509,1.0,0
391542,1.5,0
391564,1.277777777777778,0
391611,1.5555555555555554,0
391673,1.3333333333333333,0
391761,1.0,0
391861,1.5833333333333333,0
391900,1.2916666666666667,0
391927,1.2777777777777777,0
391939,1.3472222222222223,0
392098,1.5,0
392206,1.0833333333333333,0
392235,1.611111111111111,0
392335,1.361111111111111,0
392402,1.3333333333333333,0
392430,1.1666666666666667,0
392575,1.527777777777778,0
392582,1.5,0
392619,0.875,0
392682,1.5833333333333333,1
392774,1.2916666666666667,0
392785,1.75,0
392802,1.4444444444444444,0
392953,0.6805555555555555,0
393206,1.0694444444444444,0
393309,1.1666666666666667,0
393380,1.2083333333333333,0
393403,1.3194444444444444,0
393565,0.9722222222222222,0
393604,1.0,0
393806,1.5833333333333333,0
393853,1.3333333333333333,0
393888,0.5833333333333334,0
394078,1.5555555555555556,0
394167,1.25,0
394213,0.75,1
394248,1.0,0
394321,0.75,0
394454,1.3333333333333333,0
394715,1.0,0
394806,1.1944444444444444,0
394812,1.9027777777777777,0
394927,1.3333333333333333,0
394941,1.3333333333333333,0
394979,1.5833333333333333,0
395026,1.7777777777777777,0
395121,1.222222222222222,0
395168,1.0555555555555556,0
395324,1.5833333333333333,0
395384,1.388888888888889,0
395460,1.3888888888888886,0
395511,1.75,0
395525,1.5,0
395622,1.875,0
395639,1.6111111111111114,0
395871,1.5,0
395887,1.6527777777777777,0
395912,1.5,0
396018,1.3333333333333333,0
396155,1.1944444444444444,0
396267,1.4305555555555556,0
396446,0.8333333333333334,0
396471,1.5833333333333333,0
396726,0.6666666666666666,0
396863,0.7777777777777777,0
396920,1.4166666666666667,0
396984,1.5,0
396996,1.6666666666666667,0
396997,1.7222222222222223,0
396998,1.388888888888889,0
397053,1.4305555555555554,0
397065,0.9444444444444443,0
397104,0.875,0
397141,1.875,0
397242,1.111111111111111,1
397248,1.1111111111111112,0
397377,1.0,0
397480,1.1527777777777777,0
397518,1.1111111111111112,0
397533,1.7777777777777777,0
397706,1.5833333333333333,0
397787,1.277777777777778,0
397817,1.5,0
397820,1.1527777777777777,0
397934,1.277777777777778,0
397947,1.6805555555555556,0
398086,1.5,0
398305,3.84,0
398351,1.75,0
398506,1.361111111111111,0
398586,1.222222222222222,0
398603,1.4583333333333333,0
398611,1.7916666666666667,0
398655,6.4,0
398819,1.4583333333333333,0
398839,1.6666666666666667,0
398846,1.4444444444444446,0
398924,1.611111111111111,0
398965,1.5833333333333333,0
399065,1.611111111111111,0
399214,1.6944444444444444,0
399251,1.6666666666666667,0
399372,1.3333333333333333,0
399379,1.5555555555555556,0
399397,1.7777777777777777,0
399417,1.6666666666666667,0
399418,1.222222222222222,0
399514,1.0,1
399555,4.8,0
399575,1.277777777777778,0
399666,1.125,0
399670,1.3333333333333333,0
399678,1.222222222222222,0
399704,1.875,0
399943,1.5,0
399973,1.5833333333333333,0
399982,1.5555555555555556,0
400030,1.222222222222222,0
400079,1.7083333333333333,0
400224,1.2777777777777777,0
400265,0.8611111111111112,0
400272,1.222222222222222,0
400313,1.6666666666666667,0
400392,0.8333333333333334,0
400404,1.375,1
400470,0.9166666666666666,0
400478,1.0,1
400486,1.6666666666666667,0
400600,6.4,0
400702,1.4166666666666667,0
400802,1.8333333333333333,0
400958,1.7083333333333333,0
400979,1.4583333333333333,0
400985,1.4166666666666667,0
401007,1.361111111111111,0
401036,1.4305555555555556,0
401055,1.1111111111111112,0
401060,1.0833333333333333,0
401062,0.7777777777777778,0
401101,1.2222222222222223,0
401336,1.4444444444444446,0
401422,3.84,0
401424,0.7638888888888888,1
401454,1.027777777777778,0
401645,1.75,0
401710,1.2777777777777777,0
401722,1.9444444444444444,0
401760,1.4166666666666667,0
401766,1.4166666666666667,0
401769,1.5,0
401824,1.25,0
401834,1.222222222222222,0
401857,1.25,0
401858,1.0,1
401859,1.3333333333333333,0
401956,1.6666666666666667,1
402034,1.2916666666666667,0
402052,1.222222222222222,0
402082,1.111111111111111,0
402251,0.875,0
402332,1.6666666666666667,0
402390,0.64,1
402638,1.388888888888889,0
402697,1.4166666666666667,0
402706,2.069444444444444,0
402964,1.4444444444444444,0
402966,0.7777777777777778,0
403118,1.4166666666666667,0
403185,1.5833333333333333,0
403282,0.763888888888889,0
403361,1.0,0
403473,0.75,0
403500,1.6666666666666667,0
403507,1.9027777777777777,0
403675,0.6805555555555555,0
403856,6.4,0
403893,1.222222222222222,0
404011,0.75,0
404106,1.9027777777777777,0
404233,1.361111111111111,0
404314,1.1944444444444444,0
404339,1.0694444444444444,0
404417,1.3333333333333333,0
404426,1.0694444444444444,0
404431,1.388888888888889,0
404434,1.1805555555555556,0
404475,1.0833333333333333,0
404720,1.5,0
404742,1.6527777777777777,0
404846,0.7777777777777778,0
404920,1.027777777777778,0
405201,1.25,0
405318,1.6805555555555556,0
405339,0.9583333333333334,0
405351,1.222222222222222,0
405418,1.0,0
405442,1.8333333333333333,0
405500,1.6666666666666667,0
405597,1.2222222222222223,0
405602,2.08,0
405698,1.222222222222222,0
405699,1.5,0
405739,1.277777777777778,1
405768,1.1111111111111112,1
405804,1.152777777777778,0
405928,1.0555555555555556,0
406047,1.361111111111111,0
406176,0.4444444444444444,0
406252,5.76,0
406254,1.875,0
406287,1.1666666666666667,1
406294,1.1944444444444444,0
406369,1.28,0
406373,1.625,0
406411,1.5972222222222223,0
406564,1.1944444444444444,0
406574,1.8333333333333333,0
406810,1.8333333333333333,0
407032,1.3333333333333333,0
407119,1.4444444444444444,0
407173,1.1666666666666667,0
407238,1.1666666666666667,0
407305,1.1666666666666667,0
407340,1.236111111111111,0
407377,1.8333333333333333,0
407411,1.6666666666666667,0
407433,1.8472222222222223,0
407468,0.8333333333333334,0
407768,1.1111111111111112,0
407798,1.6944444444444444,0
407933,1.388888888888889,0
407945,1.1666666666666667,0
407999,1.0555555555555556,0
408047,1.4444444444444446,0
408259,1.2916666666666667,0
408309,1.0833333333333333,0
408493,1.111111111111111,0
408500,1.027777777777778,0
408561,1.1666666666666667,0
408651,1.625,0
408838,1.0,0
408863,1.3888888888888886,0
408886,1.513888888888889,0
408990,1.6111111111111114,0
409051,1.388888888888889,0
409102,1.0555555555555556,0
409156,1.4166666666666667,0
409454,1.125,0
409512,1.7083333333333333,0
409603,1.222222222222222,0
409684,1.6666666666666667,0
409741,1.4305555555555554,0
409798,1.4166666666666667,0
409908,1.25,0
409914,1.6666666666666667,0
409951,1.388888888888889,0
409984,3.84,0
410202,1.486111111111111,0
410209,1.222222222222222,0
410218,1.5555555555555554,0
410341,1.4166666666666667,0
410343,1.2222222222222223,1
410347,1.0555555555555556,0
410384,1.1666666666666667,0
410460,0.6944444444444445,1
410544,1.3333333333333333,0
410552,1.277777777777778,0
410558,1.5,0
410702,1.5,0
410790,1.3333333333333333,0
410921,1.0,0
410938,1.7083333333333333,0
410963,1.0833333333333333,0
410982,1.5,0
411094,1.4166666666666667,0
411116,1.277777777777778,0
411204,1.777777777777778,0
411296,6.720000000000001,0
411298,1.861111111111111,0
411420,1.6944444444444444,0
411523,1.3333333333333333,0
411533,1.5833333333333333,0
411583,1.8333333333333333,0
411586,1.25,0
411686,1.4166666666666667,0
411690,1.4583333333333333,0
411744,1.486111111111111,0
411876,1.388888888888889,0
411897,1.486111111111111,0
412024,1.0555555555555556,0
412133,1.6666666666666667,0
412186,1.3888888888888886,0
412203,0.7777777777777778,0
412284,0.8888888888888888,0
412394,1.75,0
412402,1.1805555555555556,0
412429,1.3333333333333333,0
412487,1.5833333333333333,0
412743,0.611111111111111,0
412793,1.1111111111111112,0
412803,1.3333333333333333,0
412817,1.4444444444444446,0
412854,1.4305555555555556,0
412880,1.611111111111111,0
412902,1.3333333333333333,0
412944,1.597222222222222,0
412995,1.4166666666666667,0
413050,1.25,0
413052,0.9583333333333334,0
413088,1.25,0
413101,1.611111111111111,0
413115,1.9166666666666667,0
413185,0.6111111111111112,0
413243,1.3333333333333333,0
413266,1.611111111111111,0
413282,1.5416666666666667,0
413330,0.8333333333333334,1
413345,1.5833333333333333,0
413347,1.388888888888889,0
413426,1.5833333333333333,0
413445,1.1944444444444444,1
413459,1.3472222222222223,0
413620,1.0694444444444444,0
413659,1.3333333333333333,0
413741,1.638888888888889,0
413798,1.3194444444444444,0
413815,1.4166666666666667,0
413853,1.1111111111111112,0
413994,1.5833333333333333,0
414033,1.361111111111111,0
414157,1.3333333333333333,0
414164,0.875,0
414207,1.25,0
414211,1.25,0
414239,1.1666666666666667,0
414305,1.5,0
414318,1.5,0
414433,1.263888888888889,0
414584,1.6944444444444444,0
414727,1.8333333333333333,0
414741,1.3472222222222223,0
414757,1.5,0
415067,1.722222222222222,0
415077,0.5555555555555555,0
415088,0.6666666666666666,0
415090,2.4,0
415148,1.2222222222222223,0
415201,0.6944444444444445,0
415327,1.4444444444444444,0
415332,1.2222222222222223,0
415341,1.2916666666666667,0
415372,1.4444444444444444,0
415381,1.6805555555555556,0
415402,1.097222222222222,0
415862,0.8333333333333334,0
415896,1.3333333333333333,0
415915,1.52,0
415916,1.5972222222222223,0
416091,0.763888888888889,0
416124,1.5833333333333333,0
416127,1.1666666666666667,0
416216,1.0694444444444444,0
416575,0.6666666666666666,0
416768,1.3333333333333333,0
416783,0.888888888888889,0
416940,0.3055555555555555,1
416973,1.0833333333333333,0
417082,1.5833333333333333,0
417118,1.8333333333333333,0
417240,1.611111111111111,0
417274,3.3600000000000003,0
417507,0.8333333333333334,0
417564,0.9166666666666666,0
417584,1.3333333333333333,0
417825,1.4444444444444444,0
417838,1.486111111111111,0
417886,1.763888888888889,0
417904,1.3333333333333333,0
417929,1.3472222222222223,0
418090,1.513888888888889,0
418166,1.25,0
418281,1.5833333333333333,0
418327,1.5833333333333333,0
418470,0.8888888888888888,0
418636,0.8888888888888888,0
418718,0.9722222222222222,0
418753,1.4166666666666667,0
418779,1.2638888888888888,0
418793,1.1527777777777777,0
418910,1.4444444444444446,0
418930,1.5555555555555556,0
418938,0.7777777777777778,0
418958,1.4444444444444444,0
418990,1.3333333333333333,0
419182,1.3333333333333333,0
419237,1.6666666666666667,1
419275,1.5,0
419377,0.9444444444444443,0
419493,1.222222222222222,0
419522,2.0,0
419540,1.3333333333333333,0
419570,0.9583333333333334,0
419626,0.8888888888888888,0
419648,1.0,0
419748,1.611111111111111,0
419749,1.5833333333333333,0
419758,1.4583333333333333,0
419776,1.25,0
419818,1.388888888888889,0
419893,1.3333333333333333,0
419953,1.4166666666666667,0
419973,1.388888888888889,0
420008,0.7916666666666666,0
420010,3.84,0
420202,0.5,0
420204,1.263888888888889,0
420222,1.4027777777777777,0
420339,1.111111111111111,0
420394,1.513888888888889,0
420434,1.388888888888889,0
420439,1.25,0
420457,1.4444444444444446,0
420481,1.388888888888889,0
420488,1.2916666666666667,0
420490,1.0,0
420508,1.5,0
420515,1.2222222222222223,0
420590,0.5555555555555555,0
420627,1.3611111111111114,0
420738,0.6666666666666666,0
420786,1.375,0
420890,4.96,0
421001,1.0,0
421191,1.2777777777777777,0
421458,1.0277777777777777,0
421497,1.0,0
421580,1.4166666666666667,0
421691,1.0694444444444444,0
421744,0.9166666666666666,0
421748,1.875,0
421923,1.5833333333333333,0
421930,4.56,0
422121,1.5,0
422152,1.6666666666666667,0
422204,1.263888888888889,0
422276,1.7777777777777777,0
422320,1.0416666666666667,0
422349,0.7777777777777778,0
422358,1.8333333333333333,0
422398,1.5972222222222223,0
422496,1.527777777777778,0
422750,1.388888888888889,0
422787,1.486111111111111,0
422803,1.388888888888889,0
422805,1.5555555555555556,0
422989,1.1666666666666667,1
423035,1.5833333333333333,0
423096,1.4166666666666667,0
423119,1.1111111111111112,1
423153,1.5555555555555556,0
423201,1.0694444444444444,0
423228,1.2916666666666667,0
423254,1.5833333333333333,0
423272,1.0416666666666667,0
423324,0.875,0
423336,1.2916666666666667,0
423409,2.56,0
423432,1.5,0
423473,6.4,0
423598,1.486111111111111,0
423609,1.2916666666666667,0
423686,1.4444444444444444,0
423821,1.2916666666666667,0
423941,0.9583333333333334,0
423978,1.388888888888889,0
424012,1.3194444444444444,0
424098,1.3472222222222223,0
424100,1.5833333333333333,0
424126,1.3333333333333333,0
424139,1.277777777777778,0
424208,1.2222222222222223,0
424216,1.7083333333333333,0
424270,0.75,0
424337,1.111111111111111,0
424403,1.5555555555555554,0
424526,1.1666666666666667,0
424540,1.5416666666666667,0
424688,1.5,0
424793,1.611111111111111,0
424812,1.0,0
424837,1.263888888888889,0
424917,2.0,0
424983,1.2916666666666667,0
425294,1.3333333333333333,0
425411,1.5833333333333333,0
425436,1.3333333333333333,0
425445,1.1805555555555556,0
425472,1.1666666666666667,0
425567,1.222222222222222,0
425687,0.9722222222222223,0
425717,1.25,1
425720,1.1666666666666667,0
425779,0.763888888888889,1
425854,1.4166666666666667,1
425940,1.263888888888889,0
426027,1.388888888888889,0
426124,1.6527777777777777,0
426185,1.2222222222222223,0
426223,1.125,0
426302,1.4166666666666667,0
426317,0.763888888888889,0
426351,1.277777777777778,0
426384,1.6666666666666667,0
426414,1.152777777777778,0
426429,1.3333333333333333,0
426439,1.1666666666666667,0
426530,1.222222222222222,0
426533,1.5,0
426536,1.4166666666666667,0
426698,1.2083333333333333,0
426720,1.75,0
426791,1.0138888888888888,0
426958,1.0,0
426981,1.5,0
426990,1.75,0
426994,1.1666666666666667,0
427036,1.0,0
427140,1.0,0
427163,2.069444444444444,0
427177,1.125,0
427329,1.0,0
427354,0.8333333333333334,0
427358,1.0,0
427388,1.5833333333333333,1
427444,0.8888888888888888,0
427733,0.5,0
427919,2.0,0
427976,0.8333333333333334,0
427980,0.8333333333333334,0
428020,1.7916666666666667,0
428129,1.5,0
428130,1.1666666666666667,0
428152,0.9166666666666666,0
428162,1.486111111111111,0
428249,1.125,0
428305,1.3333333333333333,0
428345,0.6944444444444445,0
428376,1.388888888888889,0
428402,1.25,0
428520,1.0694444444444444,0
428523,1.7222222222222223,0
428536,1.6666666666666667,0
428565,1.2083333333333333,0
428604,0.875,0
428649,1.6666666666666667,0
428710,1.1666666666666667,0
428757,1.125,0
428765,0.8333333333333334,0
428778,0.6944444444444445,0
428826,0.763888888888889,0
428843,1.222222222222222,0
428853,4.640000000000001,0
428903,1.25,0
428919,1.3333333333333333,0
428922,1.25,0
429054,0.9444444444444443,0
429238,1.0833333333333333,0
429244,1.6666666666666667,0
429292,1.0,0
429308,1.1944444444444444,0
429354,0.9861111111111112,0
429460,1.0,1
429471,1.3888888888888886,0
429557,0.8333333333333334,0
429692,1.1666666666666667,1
429829,1.9583333333333333,0
429849,1.3333333333333333,0
429894,1.0694444444444444,0
429921,1.4722222222222223,0
429933,1.0833333333333333,0
430048,1.5,0
430059,1.3333333333333333,0
430097,0.8333333333333334,0
430107,2.0833333333333335,0
430197,1.638888888888889,0
430228,1.0833333333333333,0
430265,1.2916666666666667,0
430323,1.097222222222222,0
430398,4.56,0
430413,1.888888888888889,0
430475,1.25,0
430500,1.1666666666666667,0
430503,1.3194444444444444,0
430555,1.2083333333333333,0
430569,2.0,0
430618,1.0,0
430712,1.0694444444444444,0
430813,1.277777777777778,0
430817,1.0694444444444444,0
430880,0.96,0
431020,1.7777777777777777,0
431021,1.5833333333333333,0
431034,1.5555555555555556,0
431201,1.0,0
431277,0.9166666666666666,0
431521,1.4583333333333333,0
431533,1.5,0
431586,1.513888888888889,0
431640,1.0972222222222223,0
431829,1.5,0
431899,1.597222222222222,0
432031,1.3888888888888886,0
432059,1.152777777777778,0
432145,1.4166666666666667,0
432200,1.0694444444444444,0
432215,1.5972222222222223,0
432255,1.0833333333333333,0
432298,1.4583333333333333,0
432302,6.0,0
432366,1.4444444444444444,0
432370,1.388888888888889,0
432451,1.5,0
432493,1.361111111111111,0
432564,1.222222222222222,1
432592,1.25,0
432598,1.3472222222222223,0
432655,1.52,0
432716,1.7916666666666667,0
432718,0.9444444444444443,0
432843,1.8333333333333333,0
432920,1.5555555555555556,0
432938,1.1805555555555556,0
432961,0.625,0
433017,1.4444444444444444,0
433172,1.3333333333333333,0
433300,0.3055555555555555,1
433353,1.25,0
433496,1.4305555555555556,0
433510,0.8333333333333334,0
433678,1.277777777777778,0
433752,1.0,0
433812,1.5555555555555556,0
433815,1.1111111111111112,0
433857,6.08,0
433946,1.8055555555555556,0
434081,1.0555555555555556,0
434098,1.1666666666666667,0
434113,1.388888888888889,0
434136,1.3472222222222223,0
434215,1.222222222222222,0
434385,1.3333333333333333,0
434470,1.4583333333333333,0
434477,1.4166666666666667,0
434489,9.120000000000001,0
434568,1.222222222222222,0
434621,1.25,0
434657,1.0,1
434658,1.4166666666666667,0
434679,1.861111111111111,0
434693,0.7777777777777778,0
434751,1.6666666666666667,0
434760,1.388888888888889,0
434802,1.2916666666666667,0
434807,1.2916666666666667,0
434888,1.6666666666666667,0
434922,1.5,0
435049,1.4583333333333333,0
435097,1.277777777777778,0
435129,1.4166666666666667,0
435156,1.7916666666666667,0
435223,0.875,0
435249,1.5,0
435378,1.1666666666666667,0
435557,1.222222222222222,0
435613,1.3333333333333333,0
435657,1.3333333333333333,0
435789,1.25,0
436010,2.069444444444444,0
436041,1.4444444444444444,1
436081,1.3611111111111114,0
436087,5.76,0
436226,1.5972222222222223,0
436235,1.0,0
436247,1.0,0
436266,0.875,0
436419,3.6,0
436475,1.861111111111111,0
436569,1.3194444444444444,0
436705,1.0833333333333333,1
436719,1.486111111111111,0
436805,1.0,0
436827,1.4166666666666667,0
436874,1.4444444444444446,0
436901,1.1666666666666667,0
436969,1.1666666666666667,0
436971,0.9722222222222222,0
436975,1.2222222222222223,0
437022,1.611111111111111,0
437074,1.1944444444444444,0
437086,1.0555555555555556,0
437158,1.611111111111111,0
437197,1.0,0
437251,0.9722222222222222,1
437269,1.111111111111111,1
437288,1.0694444444444444,0
437357,0.8333333333333334,0
437407,1.611111111111111,0
437440,6.08,0
437545,1.3333333333333333,0
437598,1.5,0
437737,0.9166666666666666,0
437810,0.875,0
438023,0.7777777777777778,0
438199,1.9722222222222223,0
438263,1.5,0
438299,1.097222222222222,0
438383,1.3194444444444444,0
438525,0.15277777777777776,1
438526,1.1666666666666667,0
438641,1.4444444444444444,0
438707,1.5555555555555556,0
438746,1.25,0
438822,1.1805555555555556,0
438869,1.5555555555555556,0
438875,0.375,0
438936,1.5,0
439013,1.28,0
439092,0.4583333333333333,0
439251,1.4444444444444446,0
439296,1.5833333333333333,0
439350,1.375,0
439361,1.4444444444444444,0
439566,1.5,0
439572,4.88,0
439574,1.888888888888889,0
439675,1.0,0
439696,1.0555555555555556,0
439819,1.736111111111111,0
439900,1.4166666666666667,0
440112,1.25,0
440198,1.625,0
440209,0.6111111111111112,0
440213,1.3194444444444444,0
440320,1.611111111111111,0
440511,1.486111111111111,0
440595,1.5833333333333333,0
440618,1.361111111111111,0
440642,1.5,0
440785,1.75,0
440885,0.9166666666666666,0
440928,1.25,0
440939,1.277777777777778,0
440967,0.7777777777777778,0
441113,0.625,0
441128,1.6666666666666667,0
441135,0.5833333333333334,0
441155,1.0,0
441304,0.7916666666666666,0
441313,1.597222222222222,0
441340,1.263888888888889,0
441345,2.48,0
441356,0.9166666666666666,0
441359,1.6666666666666667,0
441389,1.5833333333333333,0
441419,0.875,1
441423,1.7083333333333333,0
441439,1.111111111111111,0
441440,1.1666666666666667,0
441442,0.7777777777777777,0
441509,1.111111111111111,0
441623,0.6805555555555555,0
441631,5.12,0
441670,1.3333333333333333,1
441724,0.8333333333333334,0
441741,1.1666666666666667,0
441782,1.8333333333333333,0
441964,1.1666666666666667,0
442014,1.4166666666666667,0
442018,1.25,0
442103,1.527777777777778,0
442192,1.722222222222222,0
442249,1.5555555555555556,0
442251,6.720000000000001,0
442252,1.3333333333333333,0
442282,1.0,0
442304,1.638888888888889,0
442306,1.3333333333333333,0
442418,1.611111111111111,0
442458,1.2916666666666667,0
442479,1.611111111111111,0
442525,1.222222222222222,0
442609,1.388888888888889,0
442792,1.486111111111111,0
442831,1.5,1
442838,1.4444444444444444,0
442868,1.2916666666666667,0
442879,1.1666666666666667,0
442956,1.8333333333333333,0
442980,1.111111111111111,0
443130,1.5416666666666667,0
443198,1.1666666666666667,0
443199,1.5,0
443231,1.3333333333333333,0
443232,1.861111111111111,0
443243,1.125,0
443595,0.7916666666666666,0
443865,1.722222222222222,0
443896,1.9166666666666667,0
443967,6.24,0
443985,1.222222222222222,0
444022,1.5,0
444060,1.1666666666666667,0
444085,1.7222222222222223,0
444092,0.986111111111111,0
444154,1.6805555555555556,0
444237,1.222222222222222,0
444259,1.375,0
444300,1.1944444444444444,0
444365,1.0833333333333333,0
444366,1.611111111111111,0
444371,1.1666666666666667,0
444524,1.486111111111111,0
444646,1.3333333333333333,0
444652,1.0,0
444684,1.9027777777777777,0
444686,1.9722222222222223,0
444748,1.125,0
444778,1.3194444444444444,0
444786,1.2222222222222223,0
444894,1.5,0
444931,1.361111111111111,0
444997,1.5555555555555556,0
445024,1.44,0
445073,0.875,0
445137,1.0416666666666667,0
445145,0.9166666666666666,1
445169,1.5,0
445176,1.5833333333333333,0
445177,0.75,0
445251,1.1666666666666667,0
445338,1.4166666666666667,0
445370,1.8888888888888886,0
445432,1.25,0
445451,1.3333333333333333,0
445496,1.027777777777778,0
445549,1.3333333333333333,0
445632,1.25,0
445673,1.361111111111111,0
445675,1.4166666666666667,0
445704,1.1666666666666667,0
445746,1.5,0
445839,0.6805555555555555,0
445867,1.4166666666666667,0
445879,1.5416666666666667,0
446171,1.3333333333333333,0
446302,1.625,0
446315,1.597222222222222,1
446352,1.5416666666666667,0
446403,1.388888888888889,0
446712,1.638888888888889,0
446886,1.527777777777778,1
446988,1.3194444444444444,0
446991,1.3333333333333333,0
447092,1.0833333333333333,0
447387,1.5,0
447401,1.3333333333333333,0
447439,1.8333333333333333,1
447470,1.5833333333333333,0
447544,0.9722222222222222,0
447647,1.277777777777778,0
447675,2.194444444444444,0
447771,1.5833333333333333,0
447796,1.486111111111111,0
447804,1.4166666666666667,1
447925,1.5833333333333333,0
447943,1.152777777777778,0
447962,1.8333333333333333,0
448136,1.5555555555555556,0
448142,0.9722222222222222,0
448147,1.9166666666666667,0
448273,1.0,0
448354,1.4166666666666667,0
448577,1.7083333333333333,0
448654,1.5416666666666667,0
448774,0.875,0
448812,1.5416666666666667,0
448823,0.9722222222222222,1
448896,1.1527777777777777,0
448912,1.3333333333333333,0
449046,1.722222222222222,0
449084,1.4166666666666667,0
449223,6.720000000000001,0
449417,1.277777777777778,0
449441,6.720000000000001,0
449530,1.486111111111111,0
449555,0.8333333333333334,0
449654,1.25,0
449843,1.5833333333333333,0
449858,1.277777777777778,0
450150,1.25,0
450205,1.3194444444444444,0
450323,0.6805555555555555,0
450621,1.1666666666666667,0
450665,1.4166666666666667,0
450698,3.6,0
450735,2.0799999999999996,0
450865,1.6666666666666667,0
450888,1.2916666666666667,0
450896,1.25,0
450995,3.6799999999999997,0
451183,0.5555555555555556,1
451226,1.7777777777777777,0
451240,1.25,0
451391,1.25,0
451425,1.75,0
451446,1.4166666666666667,0
451469,1.777777777777778,0
451528,3.8400000000000007,0
451711,1.0,0
451740,0.6944444444444445,0
451819,1.1666666666666667,0
451886,1.5,0
452208,1.277777777777778,0
452279,1.375,1
452282,1.5,0
452342,1.0694444444444444,0
452417,1.25,0
452439,1.388888888888889,0
452459,1.2222222222222223,1
452464,1.4305555555555554,0
452530,1.25,0
452684,0.888888888888889,1
452725,1.3333333333333333,0
452873,1.1666666666666667,0
452976,2.0,0
452985,0.9166666666666666,1
452994,6.24,0
453032,1.8472222222222223,0
453034,1.6666666666666667,0
453133,1.75,0
453135,1.3333333333333333,0
453136,0.7916666666666666,0
453349,1.5833333333333333,0
453408,1.3333333333333333,0
453448,1.0,0
453466,1.375,0
453654,1.0,0
453719,1.2777777777777777,0
453887,1.0833333333333333,0
453971,0.15277777777777776,0
453972,1.9166666666666667,0
454022,0.9444444444444443,0
454041,1.5833333333333333,0
454073,0.7916666666666666,0
454145,0.6666666666666666,0
454327,1.222222222222222,0
454440,1.0833333333333333,0
454471,1.1944444444444444,0
454514,1.513888888888889,0
454543,0.9722222222222222,0
454628,0.9722222222222222,0
454630,1.4166666666666667,0
454632,1.3472222222222223,0
454663,1.5555555555555556,0
454668,0.875,0
454690,1.2916666666666667,0
454718,0.9166666666666666,0
454720,0.8333333333333334,0
454750,1.25,0
454880,1.3333333333333333,0
454985,0.8055555555555555,0
455023,1.277777777777778,0
455068,1.8888888888888886,0
455234,1.0,1
455319,1.5555555555555554,0
455474,1.6666666666666667,0
455594,1.4583333333333333,0
455606,1.1666666666666667,0
455651,1.7083333333333333,0
455758,1.0694444444444444,1
455866,1.1527777777777777,0
455892,1.2,0
455896,1.2777777777777777,0
455937,1.0694444444444444,0
455941,1.5,0
456095,1.0694444444444444,0
456117,1.6527777777777777,0
456128,2.4,0
456140,1.6666666666666667,0
456167,1.4444444444444446,0
456177,3.84,0
456259,1.1111111111111112,0
456294,1.25,0
456360,1.1666666666666667,0
456367,1.1111111111111112,0
456432,1.125,0
456433,1.3333333333333333,0
456436,0.875,0
456554,1.0833333333333333,0
456613,1.5555555555555556,0
456632,1.777777777777778,0
456716,1.125,0
456785,1.375,0
456822,1.75,0
456839,0.875,0
456887,1.4444444444444444,0
456958,1.4583333333333333,0
457077,5.76,0
457456,1.6666666666666667,0
457489,1.388888888888889,0
457525,1.375,0
457535,1.597222222222222,0
457536,1.361111111111111,0
457716,1.7777777777777777,0
457797,0.7916666666666666,0
458041,1.3333333333333333,0
458072,1.388888888888889,0
458074,1.513888888888889,0
458199,1.388888888888889,0
458202,1.25,0
458320,1.1111111111111112,0
458614,0.875,0
458697,1.3611111111111114,0
458939,1.1666666666666667,0
458963,1.486111111111111,0
458984,1.3333333333333333,0
459017,1.5,0
459099,0.9583333333333334,0
459128,1.3333333333333333,0
459163,1.5,0
459164,6.08,0
459223,1.222222222222222,0
459345,1.1666666666666667,0
459404,1.0,0
459517,1.513888888888889,0
459563,1.152777777777778,0
459636,1.3333333333333333,0
459683,1.222222222222222,0
459735,1.0,0
459737,0.7777777777777778,0
459801,1.8472222222222223,0
459835,6.4,1
459936,1.4305555555555554,0
459948,1.0555555555555556,0
459971,1.0555555555555556,0
459991,7.68,0
459999,1.5555555555555556,0
460025,1.6666666666666667,0
460037,1.5555555555555556,0
460043,1.375,0
460058,1.611111111111111,0
460091,0.9861111111111112,0
460110,1.2222222222222223,0
460207,1.5833333333333333,0
460272,1.1666666666666667,0
460291,1.388888888888889,0
460349,1.4444444444444444,0
460629,1.4166666666666667,0
460673,1.1944444444444444,1
460894,1.5,0
460929,1.1666666666666667,0
460934,1.5,0
460938,1.7916666666666667,0
461012,1.5833333333333333,0
461199,1.5,0
461353,1.4305555555555554,0
461354,1.28,0
461540,0.75,0
461559,1.027777777777778,0
461859,1.527777777777778,0
461937,1.0,0
461974,1.5555555555555556,0
462036,1.2916666666666667,0
462077,0.7777777777777778,0
462128,1.4166666666666667,0
462174,1.2083333333333333,0
462247,0.875,0
462279,6.4,0
462337,1.625,0
462355,1.4166666666666667,0
462366,0.7638888888888888,1
462459,0.763888888888889,0
462495,1.375,0
462595,2.069444444444444,0
462616,1.0694444444444444,0
462638,1.1666666666666667,0
462663,1.4166666666666667,0
462701,1.0833333333333333,0
462803,1.25,0
462815,5.04,0
462833,1.8333333333333333,0
462974,1.4444444444444444,0
462993,1.1666666666666667,0
463146,1.3333333333333333,1
463230,1.2916666666666667,0
463263,1.861111111111111,0
463298,0.3055555555555555,0
463361,1.5833333333333333,0
463490,1.1666666666666667,0
463606,1.722222222222222,0
463751,1.9027777777777777,0
463833,1.888888888888889,1
463854,1.4444444444444444,0
463882,1.4444444444444446,0
463890,1.5,0
463926,0.9444444444444445,0
463971,1.4583333333333333,0
464044,1.3333333333333333,0
464105,1.388888888888889,0
464137,1.6666666666666667,0
464166,1.7222222222222223,0
464187,1.4166666666666667,0
464220,1.638888888888889,0
464248,1.3333333333333333,0
464256,1.0555555555555556,0
464385,1.125,0
464394,1.3333333333333333,0
464447,1.0,0
464606,1.4166666666666667,0
464639,1.4166666666666667,1
464720,1.1944444444444444,0
464771,0.75,1
464799,1.3194444444444444,0
464828,0.875,1
464959,0.6805555555555555,0
464962,1.6666666666666667,0
464970,0.75,0
465095,0.5833333333333334,0
465170,1.125,0
465197,1.5,0
465241,1.5833333333333333,0
465260,1.5694444444444444,0
465347,1.2916666666666667,0
465412,1.875,0
465421,0.6944444444444445,0
465424,1.44,0
465530,1.5,0
465540,1.638888888888889,0
465570,1.2777777777777777,0
465603,1.5,0
465692,1.5833333333333333,0
465729,1.5833333333333333,0
465741,1.1111111111111112,0
465746,1.4444444444444444,0
465842,3.5200000000000005,0
465891,0.625,0
465931,1.3333333333333333,0
465962,1.277777777777778,0
465980,0.5555555555555556,0
465990,1.5833333333333333,0
466147,0.4583333333333333,0
466645,5.12,0
466754,1.1111111111111112,0
466781,1.2,0
466795,0.6805555555555555,0
466813,1.0694444444444444,1
466862,1.388888888888889,0
466865,0.6666666666666666,0
466953,1.361111111111111,0
466998,0.9444444444444443,0
467046,1.5833333333333333,0
467143,1.6666666666666667,0
467151,1.4444444444444446,0
467175,1.9583333333333333,0
467182,1.5555555555555556,0
467222,1.0,0
467249,1.0,1
467359,0.75,0
467361,0.6666666666666666,0
467382,1.5,0
467401,1.375,0
467455,1.388888888888889,1
467510,1.4583333333333333,1
467607,6.08,0
467631,2.0,0
467848,1.3333333333333333,0
467926,1.25,0
467945,0.8888888888888888,0
468067,1.75,0
468138,1.2916666666666667,0
468192,1.1666666666666667,0
468220,1.1388888888888888,0
468310,1.3333333333333333,0
468516,1.4444444444444444,0
468945,1.5,0
468970,0.8888888888888888,0
469075,1.5,0
469230,1.375,0
469238,0.96,0
469404,1.8333333333333333,0
469616,1.2916666666666667,0
469660,1.1666666666666667,0
469684,1.3333333333333333,0
469718,1.5555555555555556,0
469781,1.388888888888889,0
469977,1.8888888888888886,0
470022,0.9722222222222222,0
470076,1.1944444444444444,0
470123,1.375,0
470245,1.7222222222222223,0
470272,1.4166666666666667,0
470323,0.8888888888888888,0
470334,1.125,1
470373,1.3194444444444444,1
470381,1.6666666666666667,0
470469,1.0555555555555556,0
470480,1.4166666666666667,0
470591,0.8333333333333334,0
470671,1.25,0
470738,1.3333333333333333,0
470989,1.1527777777777777,0
471000,0.9305555555555555,0
471015,4.4799999999999995,0
471098,1.1527777777777777,0
471170,1.5,0
471188,1.2916666666666667,0
471204,1.6666666666666667,0
471440,0.875,0
471460,3.8400000000000007,0
471523,0.375,0
471583,1.3194444444444444,0
471662,1.361111111111111,0
471858,1.5555555555555556,0
472009,1.5833333333333333,0
472225,1.0833333333333333,0
472314,0.3055555555555555,0
472325,0.8055555555555555,0
472356,1.611111111111111,0
472373,1.638888888888889,0
472405,1.5,0
472445,0.4583333333333333,1
472488,0.9166666666666666,1
472521,5.76,0
472532,1.8333333333333333,0
472540,1.111111111111111,0
472589,0.9861111111111112,1
472674,1.4027777777777777,0
472692,1.375,0
472695,1.125,0
472719,1.222222222222222,0
472787,2.0,0
472824,1.222222222222222,0
472879,1.5,0
472933,0.7777777777777778,0
472942,1.25,0
472964,1.5,0
473093,1.5,0
473144,1.486111111111111,0
473194,1.6805555555555556,0
473204,1.486111111111111,0
473259,1.222222222222222,0
473409,1.0833333333333333,0
473410,1.75,0
473548,1.5,0
473563,3.8400000000000007,0
473564,0.611111111111111,1
473622,1.375,0
473636,1.8333333333333333,0
473674,3.8400000000000007,0
473758,1.1666666666666667,0
473772,1.4166666666666667,0
473775,1.25,0
473786,1.7777777777777777,0
474174,1.388888888888889,1
474305,1.0555555555555556,0
474333,0.9444444444444443,0
474342,1.4444444444444444,0
474458,1.5833333333333333,0
474752,1.1944444444444444,0
474779,1.1388888888888888,0
474846,1.277777777777778,0
474894,1.44,0
474905,1.4444444444444444,0
474921,1.25,0
474945,1.222222222222222,0
475034,7.68,0
475123,1.6666666666666667,0
475132,1.5,0
475172,1.5,0
475175,1.6805555555555556,0
475233,1.3333333333333333,0
475395,1.125,1
475500,1.3333333333333333,0
475532,1.2916666666666667,0
475535,6.24,0
475550,1.6666666666666667,0
475634,1.277777777777778,0
475690,1.6805555555555556,0
475713,1.0,0
475930,1.625,1
475950,5.04,0
475974,1.3333333333333333,0
475991,1.1527777777777777,0
476068,1.3333333333333333,0
476258,1.9166666666666667,0
476288,1.1666666666666667,0
476327,1.25,0
476431,1.4166666666666667,0
476477,1.1666666666666667,0
476497,1.486111111111111,0
476539,1.4444444444444444,0
476571,0.8333333333333334,0
476648,1.6666666666666667,0
476652,1.2916666666666667,0
476875,1.388888888888889,0
477157,9.6,0
477219,1.6666666666666667,0
477295,1.277777777777778,0
477362,1.125,0
477468,1.3194444444444444,0
477517,1.25,0
477598,1.4166666666666667,0
477676,1.4166666666666667,0
477739,1.6666666666666667,0
477787,0.875,0
477869,1.5277777777777777,0
477993,1.25,0
478050,1.3333333333333333,0
478107,1.0694444444444444,0
478108,1.28,0
478127,1.3333333333333333,0
478142,2.0833333333333335,0
478247,1.8333333333333333,0
478278,1.1527777777777777,0
478315,1.111111111111111,0
478373,1.388888888888889,0
478431,1.4305555555555554,0
478666,0.9444444444444445,0
478700,2.069444444444444,0
478770,1.486111111111111,0
478785,1.027777777777778,0
478792,1.3333333333333333,0
478890,1.1666666666666667,0
478912,1.861111111111111,0
478986,1.777777777777778,0
479015,1.1527777777777777,0
479198,1.4583333333333333,0
479278,1.3333333333333333,0
479445,2.0,0
479509,1.0,0
479593,1.4444444444444444,0
479724,1.361111111111111,0
479766,1.25,0
479815,1.3333333333333333,0
479872,2.0,0
479950,0.625,0
479960,1.0,0
480158,1.152777777777778,0
480200,1.4166666666666667,0
480203,1.5833333333333333,0
480239,1.4583333333333333,0
480259,1.4444444444444446,0
480275,1.152777777777778,0
480435,1.7777777777777777,1
480502,1.5,0
480732,1.5833333333333333,0
480760,1.5,0
480846,1.5,0
480864,1.3472222222222223,0
480872,5.76,0
480909,1.5,0
480934,1.2916666666666667,0
480957,1.027777777777778,0
481018,1.2638888888888888,0
481028,1.125,0
481048,1.25,0
481076,1.277777777777778,0
481105,0.8333333333333334,0
481191,1.027777777777778,0
481293,1.222222222222222,0
481457,2.88,0
481660,3.2,0
481851,1.2222222222222223,0
481857,1.4305555555555554,0
481860,0.8333333333333334,0
481893,1.3333333333333333,0
481902,0.3055555555555555,1
481931,1.8333333333333333,0
481955,1.25,0
481987,0.611111111111111,1
482169,0.8888888888888888,0
482218,1.7777777777777777,0
482256,1.4166666666666667,0
482345,1.4305555555555554,0
482351,6.4,0
482402,1.2638888888888888,0
482525,1.6111111111111114,0
482528,1.0694444444444444,0
482551,1.1666666666666667,0
482561,1.8055555555555556,0
482681,1.7777777777777777,0
482711,1.5833333333333333,0
482882,1.5555555555555556,0
482922,6.24,0
482940,1.277777777777778,0
483125,1.5,0
483154,1.75,0
483198,0.9166666666666666,0
483436,1.3055555555555556,0
483623,1.5833333333333333,0
483627,1.4444444444444444,0
483631,1.3333333333333333,1
483747,0.4583333333333333,1
483768,1.027777777777778,0
483863,1.7916666666666667,0
483899,1.2916666666666667,0
484194,0.75,0
484243,1.8333333333333333,0
484317,1.125,0
484422,1.1944444444444444,0
484446,1.8333333333333333,0
484495,1.2777777777777777,0
484504,1.097222222222222,0
484543,1.25,1
484592,1.5,0
484625,1.0,0
484718,1.1666666666666667,0
484733,0.875,0
484774,0.375,0
484811,1.7777777777777777,0
484853,1.5555555555555556,0
484894,1.75,0
485040,1.125,0
485062,0.7777777777777778,0
485196,1.6666666666666667,0
485258,0.875,1
485280,1.3194444444444444,0
485281,1.027777777777778,1
485282,1.6527777777777777,0
485283,1.0,0
485330,4.8,0
485383,1.5,0
485397,1.486111111111111,0
485557,1.027777777777778,0
485674,1.4305555555555554,0
485742,1.0,0
485745,1.75,0
485787,1.5,0
485795,1.7083333333333333,0
485845,1.388888888888889,0
485933,0.7916666666666666,0
486048,1.6805555555555556,0
486075,1.25,0
486112,1.222222222222222,0
486117,1.277777777777778,0
486139,1.152777777777778,0
486197,4.640000000000001,0
486200,5.76,0
486226,1.5833333333333333,0
486359,1.3333333333333333,0
486600,0.9444444444444443,0
486708,1.3333333333333333,1
486776,1.3333333333333333,0
486831,1.152777777777778,0
486860,0.96,0
486890,1.4166666666666667,0
486897,1.9200000000000004,0
486909,0.9166666666666666,0
486933,1.125,0
486955,1.4166666666666667,0
486956,1.3472222222222223,0
487070,1.2777777777777777,0
487195,1.0,0
487212,1.222222222222222,0
487228,0.5555555555555555,0
487359,1.4166666666666667,0
487486,0.8888888888888888,0
487605,1.75,0
487726,1.222222222222222,0
487727,1.3194444444444444,0
487777,1.3333333333333333,0
487799,4.16,0
487807,1.1666666666666667,0
487901,1.4305555555555554,0
487930,1.8055555555555556,0
488009,0.7777777777777777,0
488044,1.8472222222222223,0
488071,1.4166666666666667,0
488130,5.6,0
488188,1.5555555555555556,0
488268,1.6666666666666667,0
488303,1.0,0
488535,1.5833333333333333,0
488549,1.486111111111111,0
488647,0.9722222222222222,0
488675,1.5,0
488679,0.875,0
488799,1.222222222222222,0
488811,1.92,0
488853,1.6666666666666667,0
488872,1.513888888888889,0
488884,1.0,0
489108,0.875,0
489115,1.2777777777777777,0
489221,1.5,0
489244,1.4444444444444444,0
489279,1.222222222222222,0
489301,1.611111111111111,0
489335,1.3333333333333333,0
489371,1.5,0
489391,2.96,0
489523,1.8333333333333333,0
489534,1.222222222222222,0
489549,0.6944444444444445,0
489609,1.0694444444444444,1
489628,0.9722222222222222,0
489781,1.3333333333333333,0
489842,1.152777777777778,0
489856,5.12,0
489956,0.9166666666666666,0
489985,0.625,0
490053,1.3333333333333333,0
490250,1.625,0
490439,1.6805555555555556,1
490479,1.2638888888888888,0
490487,1.361111111111111,0
490553,1.75,0
490562,0.7777777777777777,0
490563,0.9722222222222222,0
490774,1.1805555555555556,0
490806,1.3194444444444444,0
490824,1.222222222222222,0
490840,1.4166666666666667,0
490860,1.6805555555555556,0
490932,1.5,0
490984,0.9166666666666666,0
491005,0.9722222222222222,0
491122,1.5972222222222223,0
491242,6.24,0
491244,2.7199999999999998,0
491253,0.8888888888888888,0
491310,1.2916666666666667,0
491351,1.6805555555555556,0
491369,1.111111111111111,0
491391,1.6805555555555556,0
491404,1.5,0
491481,1.5833333333333333,0
491513,1.5555555555555556,0
491690,6.08,0
491773,1.5972222222222223,0
491907,1.5833333333333333,0
491948,1.513888888888889,0
491986,1.4166666666666667,0
491987,1.5277777777777777,0
492036,0.75,1
492090,6.08,0
492158,1.9305555555555556,0
492159,1.5833333333333333,0
492165,1.3194444444444444,0
492226,6.159999999999999,0
492367,1.0,0
492401,1.0,0
492433,1.5,0
492496,1.888888888888889,0
492505,1.5,0
492575,1.888888888888889,1
492695,4.56,0
492757,1.5833333333333333,0
492789,1.4444444444444444,0
492812,1.277777777777778,0
492883,1.5,0
492966,1.486111111111111,0
492973,6.0,0
493061,0.9444444444444445,0
493088,1.0555555555555556,0
493283,1.0833333333333333,0
493350,1.2916666666666667,0
493369,6.4,0
493427,1.5,0
493598,2.0,0
493640,3.84,0
493677,1.6666666666666667,0
493775,1.0833333333333333,0
493800,1.1666666666666667,0
493819,1.5,0
493894,1.388888888888889,0
493925,1.388888888888889,0
493972,1.4444444444444444,0
494062,1.5,0
494179,1.25,0
494206,1.625,0
494213,1.5833333333333333,0
494263,1.1666666666666667,0
494284,1.513888888888889,0
494384,1.5833333333333333,0
494498,1.0,0
494515,1.388888888888889,0
494600,1.4166666666666667,0
494885,1.1666666666666667,0
494887,1.111111111111111,0
494899,1.1666666666666667,0
495027,0.9722222222222222,0
495058,1.4305555555555554,0
495148,1.3333333333333333,0
495168,1.111111111111111,0
495253,1.2222222222222223,0
495286,0.9166666666666666,0
495381,1.5,0
495403,0.32,0
495707,0.8333333333333334,0
495773,1.5555555555555554,0
495787,1.277777777777778,0
495912,1.75,0
495942,0.7916666666666666,0
496014,1.5,0
496191,1.222222222222222,0
496233,1.2916666666666667,0
496325,1.277777777777778,0
496329,1.5833333333333333,0
496371,1.277777777777778,0
496387,0.875,0
496403,1.222222222222222,1
496675,6.4,0
496686,1.375,1
496728,1.5555555555555556,0
496759,1.4583333333333333,0
496820,1.5833333333333333,0
496831,2.56,0
497106,1.5,0
497108,1.4166666666666667,0
497194,1.3194444444444444,0
497201,1.4166666666666667,0
497281,5.76,0
497421,1.875,0
497467,1.5833333333333333,0
497494,1.111111111111111,0
497576,5.76,0
497613,0.8888888888888888,0
497648,0.4583333333333333,0
497784,1.4444444444444444,0
497836,0.625,0
497854,1.6666666666666667,0
497861,1.5416666666666667,0
497891,1.6805555555555556,0
498028,1.3055555555555556,0
498030,1.222222222222222,0
498149,1.2916666666666667,0
498319,0.875,0
498514,8.64,0
498573,1.125,0
498587,1.8333333333333333,0
498610,0.8333333333333334,0
498632,1.6666666666666667,0
498643,1.2777777777777777,0
498644,1.3333333333333333,0
498694,1.763888888888889,0
498793,1.4305555555555556,0
498897,1.25,0
498923,1.3611111111111114,0
498932,1.527777777777778,0
498989,0.888888888888889,0
499027,1.4166666666666667,0
499089,1.4583333333333333,0
499128,1.152777777777778,0
499132,1.8888888888888886,0
499482,7.68,0
499518,1.3194444444444444,0
499563,3.7600000000000002,0
499658,1.513888888888889,0
499874,1.25,0
499875,1.5972222222222223,0
499890,1.222222222222222,0
499932,1.0,0
499945,1.3333333333333333,0
499963,1.4166666666666667,0
500022,1.8333333333333333,0
500026,1.3194444444444444,0
500038,1.9027777777777777,0
500058,0.611111111111111,1
500060,1.4583333333333333,0
500248,6.88,0
500280,0.8888888888888888,0
500374,5.6,0
500455,1.75,0
500759,0.7916666666666666,0
500767,1.4166666666666667,0
500782,1.2916666666666667,0
500788,1.0833333333333333,0
501030,1.1666666666666667,0
501109,1.6666666666666667,0
501131,1.6805555555555556,0
501209,1.0,0
501278,1.4444444444444444,0
501363,1.6666666666666667,0
501490,1.722222222222222,0
501551,1.92,0
501552,1.25,0
501569,0.3055555555555555,1
501602,1.5833333333333333,0
501655,1.7777777777777777,0
501699,1.1944444444444444,0
501704,1.6666666666666667,0
501854,0.8333333333333334,0
501856,1.3194444444444444,0
501877,5.279999999999999,0
501976,1.277777777777778,0
502012,1.638888888888889,0
502023,1.25,0
502141,1.25,0
502163,1.1111111111111112,0
502212,0.6666666666666666,0
502376,1.3055555555555556,0
502390,1.361111111111111,0
502534,0.888888888888889,0
502573,3.8400000000000007,0
502585,1.388888888888889,0
502592,1.1666666666666667,0
502615,1.3333333333333333,0
502670,1.5555555555555556,0
502708,1.222222222222222,0
502745,6.159999999999999,0
502848,1.8333333333333333,0
502943,1.5,0
502946,1.0,0
502977,1.388888888888889,0
503217,1.5555555555555556,0
503257,1.6527777777777777,0
503305,1.6666666666666667,0
503357,1.1666666666666667,0
503494,0.888888888888889,0
503560,0.7777777777777778,0
503573,0.75,0
503598,1.1666666666666667,0
503615,1.763888888888889,0
503638,7.68,0
503673,1.0833333333333333,0
503832,3.84,0
503938,0.75,0
504078,1.04,0
504208,1.388888888888889,0
504219,1.486111111111111,0
504260,1.4166666666666667,0
504311,1.0555555555555556,0
504403,1.4444444444444444,0
504525,1.5,0
504564,0.7777777777777778,0
504589,1.25,0
504638,0.75,0
504715,1.6666666666666667,0
504802,2.0,0
504860,1.027777777777778,0
504867,6.08,0
504919,1.9166666666666667,0
505179,1.0,0
505204,2.0,0
505390,1.5833333333333333,0
505680,1.3472222222222223,0
505776,0.15277777777777776,0
505779,1.486111111111111,0
505790,1.2083333333333333,0
505798,1.125,0
505962,1.4166666666666667,0
506170,0.9722222222222223,0
506190,1.5694444444444444,0
506193,1.5,1
506252,0.6666666666666666,0
506293,0.4583333333333333,1
506372,1.375,0
506400,2.56,0
506418,1.2,0
506572,1.6111111111111114,0
506746,1.736111111111111,0
506776,1.5833333333333333,0
507005,1.027777777777778,0
507008,2.2399999999999998,0
507112,1.0555555555555556,0
507128,1.1111111111111112,1
507189,1.3472222222222223,0
507281,1.4583333333333333,0
507486,1.6805555555555556,0
507503,1.9166666666666667,0
507514,1.2916666666666667,0
507555,1.1666666666666667,0
507567,1.111111111111111,0
507838,1.2083333333333333,0
507998,1.25,0
508022,0.7222222222222222,0
508080,1.2638888888888888,0
508115,1.5833333333333333,0
508126,1.0694444444444444,0
508399,1.5,0
508402,1.2916666666666667,0
508456,0.32,0
508488,1.1666666666666667,0
508501,1.6111111111111114,0
508795,0.8333333333333334,0
508821,1.222222222222222,0
508824,1.5833333333333333,0
508854,1.1666666666666667,0
508923,1.4583333333333333,0
508934,1.277777777777778,0
509044,1.5833333333333333,0
509060,1.2916666666666667,0
509108,2.56,0
509136,1.7222222222222223,0
509149,1.25,1
509223,1.2916666666666667,0
509345,1.2916666666666667,0
509474,8.0,0
509513,1.4166666666666667,0
509514,0.8888888888888888,0
509607,1.5,0
509669,1.1199999999999999,0
509686,1.1527777777777777,0
509714,1.5833333333333333,0
509746,0.75,0
509809,0.6944444444444445,0
509810,1.097222222222222,0
509909,0.2777777777777778,1
509928,1.597222222222222,0
509962,1.2916666666666667,0
509965,1.6666666666666667,0
510182,1.388888888888889,1
510224,1.2916666666666667,0
510264,0.875,0
510329,1.25,0
510353,0.7777777777777778,0
510440,0.6805555555555555,0
510502,1.4444444444444444,0
510505,1.1944444444444444,0
510513,1.6666666666666667,0
510537,0.9166666666666666,0
510644,1.388888888888889,0
510841,1.25,0
510865,1.3333333333333333,0
511053,1.0,0
511226,6.08,0
511253,1.222222222222222,0
511302,1.3888888888888886,0
511342,1.0833333333333333,0
511444,1.6666666666666667,0
511472,1.388888888888889,0
511541,1.388888888888889,0
511568,1.3194444444444444,0
511573,1.222222222222222,0
511584,1.8194444444444444,0
511588,1.6666666666666667,0
511642,1.4583333333333333,0
511765,0.6944444444444443,0
511862,1.5555555555555556,0
511875,1.2222222222222223,0
511922,1.0694444444444444,0
512071,1.1805555555555556,0
512097,1.5833333333333333,0
512177,1.1111111111111112,0
512179,1.277777777777778,0
512191,0.9722222222222222,0
512219,1.277777777777778,0
512262,0.8611111111111112,0
512284,0.9444444444444443,0
512296,1.4444444444444446,0
512358,1.28,0
512426,1.25,0
512471,1.3333333333333333,0
512522,1.6666666666666667,0
512580,1.4166666666666667,1
512599,0.75,0
512615,2.125,0
512869,1.888888888888889,0
512897,1.5833333333333333,0
512906,1.0694444444444444,0
513081,1.1944444444444444,0
513099,1.277777777777778,0
513123,1.0,0
513125,1.1666666666666667,0
513170,1.3333333333333333,0
513229,1.75,0
513246,1.5,0
513446,1.222222222222222,0
513480,1.25,0
513553,0.5555555555555555,0
513590,0.9444444444444443,0
513661,1.611111111111111,0
513708,1.888888888888889,0
513778,1.1666666666666667,0
513820,0.9861111111111112,0
514042,1.1666666666666667,0
514145,1.6805555555555556,0
514235,1.6111111111111114,0
514272,1.5,0
514395,1.0694444444444444,0
514403,1.2777777777777777,0
514451,1.1111111111111112,0
514523,0.27777777777777773,0
514530,1.5555555555555554,0
514552,0.7777777777777778,0
514559,1.763888888888889,0
514616,1.7222222222222223,0
514632,1.1111111111111112,0
514652,6.4,0
515049,1.1805555555555556,0
515134,1.3611111111111114,0
515165,1.6111111111111114,0
515185,1.361111111111111,0
515386,1.6666666666666667,0
515605,1.6666666666666667,1
515634,7.359999999999999,0
515645,0.8333333333333334,0
515656,1.5833333333333333,0
515663,1.125,0
515667,1.0555555555555556,0
515775,1.638888888888889,0
515805,1.5,0
515822,0.9583333333333334,0
515826,1.4444444444444446,0
515860,1.222222222222222,0
515905,1.5,0
515969,1.5,0
515981,2.0416666666666665,0
516133,1.5,0
516224,2.0833333333333335,0
516242,1.75,0
516255,0.9722222222222222,0
516271,1.5,0
516301,1.3611111111111114,0
516329,1.4166666666666667,0
516337,1.125,0
516362,0.888888888888889,0
516474,1.5,0
516491,1.8333333333333333,0
516519,5.04,0
516544,1.5833333333333333,0
516594,1.6666666666666667,0
516674,1.361111111111111,0
516984,1.7916666666666667,0
516995,1.25,0
517087,0.9583333333333334,0
517190,0.9583333333333334,0
517222,1.6805555555555556,0
517267,1.5555555555555554,1
517295,1.0,0
517405,1.5555555555555556,0
517472,1.6800000000000002,0
517533,1.6666666666666667,0
517538,1.6111111111111114,0
517559,1.222222222222222,0
517614,1.0,1
517702,0.763888888888889,0
517729,1.1666666666666667,0
517739,1.0833333333333333,0
517758,1.4305555555555554,0
517781,1.4444444444444444,0
517797,0.9166666666666666,0
517867,1.5555555555555556,0
517945,1.625,0
518061,1.222222222222222,0
518064,0.9166666666666666,0
518236,1.1666666666666667,0
518305,1.7777777777777777,0
518533,0.9166666666666666,0
518561,0.9722222222222223,0
518582,1.0833333333333333,0
518622,0.6805555555555555,0
518677,1.888888888888889,0
518771,0.8333333333333334,0
518834,1.111111111111111,0
519087,1.7777777777777777,0
519203,1.5833333333333333,0
519276,1.4166666666666667,0
519300,1.125,0
519419,1.111111111111111,0
519442,0.8333333333333334,0
519677,1.6666666666666667,0
519726,1.3333333333333333,0
519742,1.5833333333333333,0
519766,1.6666666666666667,1
519796,1.5833333333333333,0
519826,1.28,0
519873,5.92,0
519933,1.3611111111111114,0
519984,1.5,0
520091,1.25,0
520094,1.486111111111111,0
520137,0.9166666666666666,0
520163,1.375,0
520202,0.8333333333333334,0
520207,1.4444444444444444,0
520428,1.5694444444444444,0
520660,1.25,0
520821,1.5833333333333333,0
521111,1.361111111111111,0
521176,1.4583333333333333,0
521217,1.6666666666666667,0
521225,0.9444444444444443,0
521252,1.2638888888888888,0
521311,1.6666666666666667,0
521384,1.5,0
521431,1.75,0
521486,1.222222222222222,0
521545,1.388888888888889,0
521576,1.4583333333333333,0
521653,1.125,0
521684,1.611111111111111,0
521699,0.611111111111111,1
521702,1.3333333333333333,0
521875,1.1666666666666667,0
521949,0.3055555555555555,1
522111,1.513888888888889,0
522234,1.4444444444444444,0
522251,1.5,0
522261,1.125,0
522285,6.32,0
522408,1.6805555555555556,0
522493,1.361111111111111,0
522572,1.6666666666666667,0
522618,1.736111111111111,0
522677,1.222222222222222,0
522758,1.125,0
522763,2.56,0
522866,0.8333333333333334,0
522924,1.0555555555555556,0
522935,1.361111111111111,0
523037,2.6399999999999997,0
523110,1.027777777777778,0
523170,1.6111111111111114,0
523188,6.56,0
523194,6.4,0
523246,1.25,0
523272,1.2638888888888888,0
523288,1.0,0
523296,1.75,0
523394,1.6666666666666667,0
523399,1.1666666666666667,1
523642,1.0,0
523722,0.6666666666666666,0
523897,0.9444444444444443,0
523904,1.8055555555555556,0
524055,1.3194444444444444,0
524234,1.611111111111111,0
524379,1.3333333333333333,0
524483,1.6666666666666667,0
524586,1.5555555555555556,0
524968,4.96,1
525129,1.9166666666666667,0
525188,1.5555555555555556,0
525245,1.28,0
525246,1.7777777777777777,0
525508,5.92,0
525525,1.513888888888889,0
525548,1.1666666666666667,0
525579,1.3333333333333333,0
525612,1.5,0
525740,1.5416666666666667,0
525765,1.2638888888888888,0
525918,1.125,0
526020,7.68,0
526064,0.4583333333333333,0
526094,1.7222222222222223,0
526164,1.3333333333333333,0
526165,1.625,0
526222,1.75,0
526316,1.2916666666666667,0
526344,0.875,0
526349,1.0833333333333333,0
526374,1.5833333333333333,0
526481,1.1111111111111112,0
526508,1.25,0
526579,1.8333333333333333,0
526586,1.125,0
526644,0.9305555555555557,0
526663,0.9166666666666666,0
526747,1.097222222222222,0
526765,1.222222222222222,0
526784,0.9305555555555557,0
526822,1.3333333333333333,0
527004,1.3194444444444444,0
527067,1.1666666666666667,0
527235,1.4166666666666667,0
527244,1.111111111111111,0
527337,1.5833333333333333,0
527434,0.6805555555555555,0
527565,1.6666666666666667,0
527582,1.3333333333333333,0
527622,1.513888888888889,0
527640,1.722222222222222,0
527656,1.3333333333333333,1
527712,1.0,0
527773,0.875,0
527838,1.2916666666666667,0
527941,1.597222222222222,0
528055,1.6666666666666667,0
528122,1.25,0
528160,1.3194444444444444,0
528173,1.222222222222222,0
528226,1.25,0
528229,0.7777777777777778,0
528331,0.9166666666666666,0
528332,1.6944444444444444,0
528363,1.0,0
528413,1.25,0
528447,1.1527777777777777,0
528492,1.3611111111111114,0
528693,1.0,0
528712,0.9583333333333334,0
528809,1.3333333333333333,0
528985,1.75,0
529085,1.263888888888889,0
529098,1.1666666666666667,0
529106,2.111111111111111,0
529140,1.0555555555555556,0
529218,1.222222222222222,0
529390,1.2916666666666667,0
529415,1.222222222222222,0
529458,1.6666666666666667,0
529544,1.1666666666666667,0
529746,1.25,0
529922,1.6666666666666667,0
530051,1.4166666666666667,0
530098,1.5833333333333333,0
530105,1.375,1
530113,1.125,0
530119,1.0,0
530206,1.125,0
530235,1.6666666666666667,0
530281,1.4444444444444444,0
530299,1.5972222222222223,0
530425,1.3611111111111114,0
530436,1.3333333333333333,0
530508,1.3333333333333333,0
530517,1.1666666666666667,0
530613,1.638888888888889,0
530621,0.4583333333333333,0
530666,1.4166666666666667,0
530770,0.75,0
530833,1.25,0
530839,1.2916666666666667,0
530880,1.2916666666666667,0
530955,1.0694444444444444,0
530978,1.1111111111111112,0
531052,1.0555555555555556,0
531286,1.1111111111111112,0
531290,0.7777777777777778,0
531293,1.125,0
531398,0.9444444444444443,0
531430,1.9444444444444444,0
531514,1.4444444444444444,0
531515,1.4166666666666667,0
531619,1.7777777777777777,0
531793,1.5833333333333333,0
531841,1.5,0
531868,1.1666666666666667,0
531976,1.1666666666666667,0
532203,1.6111111111111114,0
532333,1.3333333333333333,0
532378,0.9861111111111112,0
532419,0.32,0
532422,1.5,0
532464,1.611111111111111,0
532592,1.4166666666666667,0
532759,1.1666666666666667,0
532813,1.027777777777778,0
532848,0.4583333333333333,1
532925,0.8333333333333334,1
532945,2.48,0
532978,1.1666666666666667,0
532997,1.3333333333333333,0
533157,1.4444444444444444,0
533198,1.222222222222222,0
533213,1.0694444444444444,1
533302,1.388888888888889,0
533365,1.5555555555555556,0
533391,0.9166666666666666,0
533470,1.4444444444444444,0
533509,1.6666666666666667,0
533539,1.875,0
533638,1.9166666666666667,0
533666,0.75,0
533742,1.111111111111111,0
533766,1.0694444444444444,0
533950,0.888888888888889,0
534009,1.125,0
534151,1.6805555555555556,0
534452,1.1527777777777777,0
534464,2.0416666666666665,0
534481,0.9583333333333334,0
534510,1.5555555555555556,1
534649,1.2916666666666667,0
534716,1.4166666666666667,0
534734,1.3333333333333333,0
534813,2.0416666666666665,0
534904,0.9722222222222222,0
534905,0.9722222222222222,0
534972,1.8333333333333333,0
535151,1.5555555555555554,0
535183,0.5555555555555555,1
535233,0.9166666666666666,0
535251,1.277777777777778,0
535320,0.75,0
535367,0.9166666666666666,0
535413,1.0,0
535436,1.5,0
535482,1.6666666666666667,0
535525,1.388888888888889,1
535539,1.6666666666666667,0
535544,1.0833333333333333,0
535587,1.222222222222222,0
535852,0.875,0
535892,1.5833333333333333,0
535944,1.5,0
536018,1.388888888888889,0
536066,1.8333333333333333,0
536082,0.625,0
536092,0.7777777777777777,0
536124,0.8333333333333334,0
536132,1.2916666666666667,1
536186,1.5833333333333333,0
536409,1.222222222222222,0
536485,1.4166666666666667,0
536517,1.277777777777778,0
536535,1.3333333333333333,0
536567,1.0972222222222223,0
536577,1.2777777777777777,0
536603,1.8888888888888886,0
536671,1.4305555555555554,0
536699,0.15277777777777776,1
536794,1.5,0
536823,1.388888888888889,0
536941,0.625,0
537013,1.4444444444444444,0
537038,0.9444444444444445,0
537124,1.25,0
537132,1.486111111111111,0
537387,1.8194444444444444,0
537397,1.5694444444444444,0
537405,1.28,0
537421,1.6666666666666667,0
537613,1.4583333333333333,0
537701,1.5555555555555556,0
537711,1.0,0
537722,0.9166666666666666,0
537795,1.4444444444444446,0
537852,1.5,0
537887,1.111111111111111,0
537907,1.75,0
537914,0.8333333333333334,0
537990,1.0555555555555556,0
538042,1.6805555555555556,0
538341,1.1666666666666667,0
538507,1.4583333333333333,0
538550,1.5,0
538760,1.0,0
538770,1.2638888888888888,0
538795,0.6666666666666666,0
538854,1.875,0
538877,1.6666666666666667,0
538902,0.8333333333333334,0
538949,0.4583333333333333,0
538979,1.0694444444444444,0
539106,1.3194444444444444,0
539125,1.4305555555555556,0
539144,1.5,0
539322,1.4166666666666667,0
539358,1.777777777777778,0
539370,1.25,0
539436,1.4583333333333333,0
539537,1.3611111111111114,0
539673,1.111111111111111,1
539674,1.4444444444444444,0
539704,1.5833333333333333,0
539739,1.6800000000000002,0
539742,1.7222222222222223,0
539760,1.5833333333333333,0
539776,1.3472222222222223,0
539854,1.0,1
540011,1.9444444444444446,0
540109,1.5,0
540112,2.0277777777777777,0
540142,1.0833333333333333,0
540268,0.2777777777777778,0
540316,1.2916666666666667,0
540497,1.4166666666666667,0
540548,1.5,0
540551,1.0,0
540628,1.7777777777777777,0
540715,3.84,0
540751,1.611111111111111,0
540756,1.0833333333333333,0
540905,1.3333333333333333,0
540918,1.125,0
540966,1.1111111111111112,0
541000,1.736111111111111,0
541008,2.88,0
541009,1.7916666666666667,0
541037,6.08,0
541040,1.111111111111111,1
541078,1.1666666666666667,0
541163,1.3333333333333333,0
541178,1.7222222222222223,0
541239,1.3333333333333333,0
541358,1.4583333333333333,0
541557,1.5555555555555556,0
541564,1.5416666666666667,0
541741,1.2638888888888888,0
541751,1.2916666666666667,0
541898,1.3194444444444444,0
541953,2.1666666666666665,1
541961,1.5833333333333333,0
542002,1.3333333333333333,0
542014,0.6666666666666666,0
542043,1.5833333333333333,0
542085,0.9722222222222222,0
542118,1.486111111111111,0
542180,1.7777777777777777,0
542182,1.25,0
542287,1.5,0
542296,1.6666666666666667,0
542696,1.2222222222222223,0
542893,1.6805555555555556,0
542976,3.7600000000000002,0
543119,1.638888888888889,0
543285,1.111111111111111,0
543326,1.6805555555555556,0
543422,1.097222222222222,0
543456,0.15277777777777776,1
543460,1.2916666666666667,0
543478,1.3333333333333333,0
543693,1.486111111111111,0
543852,1.125,0
543862,1.3888888888888886,0
543881,1.375,1
543901,1.486111111111111,0
543918,1.5,0
543956,2.3200000000000003,0
543978,1.125,0
544167,0.9722222222222222,0
544182,1.597222222222222,0
544301,1.3333333333333333,0
544306,0.75,1
544421,1.4166666666666667,0
544493,1.1666666666666667,0
544561,1.0,0
544569,2.0972222222222223,1
544619,0.8333333333333334,1
544690,1.5833333333333333,0
544752,1.3333333333333333,0
544837,1.3333333333333333,0
544890,1.25,0
545087,1.4166666666666667,0
545127,1.277777777777778,0
545144,1.0,0
545179,5.68,0
545278,1.361111111111111,0
545378,0.9444444444444443,0
545410,1.6666666666666667,1
545421,1.0694444444444444,0
545497,1.6944444444444444,0
545534,1.125,0
545541,0.9166666666666666,0
545567,1.25,0
545582,1.5416666666666667,0
545586,1.7777777777777777,0
545659,1.0,0
545744,1.152777777777778,0
545883,0.9166666666666666,0
545917,1.0555555555555556,0
545947,1.9166666666666667,0
546025,1.361111111111111,0
546039,1.3194444444444444,0
546163,6.4,0
546177,1.0694444444444444,0
546231,1.361111111111111,0
546456,1.7777777777777777,0
546665,1.3333333333333333,0
546758,1.513888888888889,0
546773,1.1666666666666667,0
546796,1.8194444444444444,0
546827,1.1527777777777777,0
546869,1.6111111111111114,0
546997,1.0,0
547016,1.486111111111111,0
547190,1.3611111111111114,0
547213,1.0,0
547342,5.279999999999999,0
547355,1.0694444444444444,0
547357,1.0,0
547360,1.5,0
547407,0.875,0
547442,6.08,0
547500,1.5972222222222223,0
547522,1.277777777777778,0
547542,1.277777777777778,0
547559,1.513888888888889,0
547561,1.5833333333333333,0
547575,1.8055555555555556,0
547649,1.2916666666666667,0
547699,1.1527777777777777,0
547802,1.6527777777777777,0
548037,1.1666666666666667,0
548126,1.5555555555555556,0
548228,1.3472222222222223,0
548238,0.9166666666666666,0
548244,1.1666666666666667,0
548251,1.1111111111111112,0
548335,1.7222222222222223,0
548390,1.28,0
548565,1.5555555555555556,0
548682,1.9583333333333333,0
548722,1.1666666666666667,0
548752,1.736111111111111,0
548999,1.0833333333333333,0
549034,1.6527777777777777,0
549064,1.1666666666666667,0
549080,1.3194444444444444,0
549091,1.3333333333333333,0
549132,1.0,0
549200,1.75,1
549238,1.2916666666666667,0
549402,1.0,0
549404,4.640000000000001,0
549415,1.6666666666666667,0
549444,1.5,0
549537,1.3333333333333333,0
549540,1.638888888888889,0
549541,1.375,0
549562,1.222222222222222,0
549598,1.513888888888889,1
549612,1.5833333333333333,0
549686,1.25,0
549715,1.1666666666666667,0
549751,2.0277777777777777,0
549757,1.25,0
549858,1.25,0
549862,1.222222222222222,0
549982,1.4166666666666667,0
550058,1.0,0
550173,0.9722222222222222,0
550213,1.1666666666666667,0
550262,0.9722222222222222,0
550352,1.486111111111111,0
550434,1.2222222222222223,0
550519,0.9583333333333334,0
550539,0.8333333333333334,0
550686,1.0555555555555556,0
550769,1.1111111111111112,0
550839,1.388888888888889,0
550856,2.0833333333333335,0
550896,1.75,0
551055,1.6111111111111114,0
551154,1.125,0
551248,1.0,0
551296,1.5,0
551300,1.263888888888889,0
551391,1.75,0
551429,1.222222222222222,0
551510,1.5833333333333333,0
551652,1.25,0
551710,0.75,0
551809,1.5,0
551828,1.2916666666666667,0
551833,1.1666666666666667,0
551837,1.5555555555555556,0
551938,1.6666666666666667,0
551946,1.1805555555555556,0
551975,1.3333333333333333,0
551981,1.6527777777777777,0
552016,1.2222222222222223,0
552278,1.75,0
552328,1.5555555555555556,0
552364,1.111111111111111,0
552441,1.2,0
552576,1.513888888888889,0
552669,1.7916666666666667,0
552747,1.3333333333333333,0
552755,1.5,1
552818,1.5,0
552823,0.6666666666666666,0
552966,0.9583333333333334,0
553061,1.263888888888889,0
553089,1.25,0
553254,1.4444444444444444,0
553261,1.5,0
553389,1.25,0
553396,1.5833333333333333,0
553412,1.3472222222222223,0
553453,0.7777777777777778,0
553530,1.4305555555555554,0
553558,1.0694444444444444,0
553567,0.875,1
553879,1.388888888888889,0
553943,1.361111111111111,0
553954,1.2916666666666667,0
553956,1.5,0
553973,1.5,0
554104,1.611111111111111,0
554136,0.5,0
554155,1.3333333333333333,0
554255,0.4166666666666667,0
554442,1.6111111111111114,0
554449,1.6666666666666667,0
554453,1.388888888888889,0
554487,1.027777777777778,0
554636,1.4444444444444446,0
554761,1.2638888888888888,0
554888,1.222222222222222,1
554983,1.3333333333333333,0
555001,1.6666666666666667,0
555050,1.1666666666666667,0
555102,1.9166666666666667,0
555112,0.4583333333333333,1
555118,1.2083333333333333,0
555205,1.6666666666666667,0
555218,0.625,0
555298,1.263888888888889,0
555301,1.3333333333333333,0
555398,1.125,0
555541,1.111111111111111,0
555576,1.6666666666666667,0
555745,2.0,0
555831,0.875,1
555947,0.625,0
556050,1.0,0
556136,1.5833333333333333,0
556164,1.1666666666666667,0
556188,1.4166666666666667,0
556266,1.1111111111111112,0
556313,1.2222222222222223,0
556453,1.3333333333333333,0
556492,5.76,0
556622,0.6666666666666666,0
556626,1.6666666666666667,0
556649,1.0833333333333333,0
556688,0.9166666666666666,0
556778,1.4583333333333333,0
556808,1.7222222222222223,0
556865,0.7777777777777778,0
556958,1.4166666666666667,0
556982,1.3333333333333333,0
557138,3.3599999999999994,0
557289,0.6805555555555555,0
557458,1.4305555555555554,0
557500,1.8333333333333333,0
557519,1.0555555555555556,0
557525,0.9583333333333334,0
557633,1.4166666666666667,0
557640,1.8055555555555556,0
557723,1.5555555555555556,0
557739,1.3472222222222223,0
557752,1.222222222222222,0
557872,1.388888888888889,0
557880,1.3194444444444444,0
557932,1.25,0
557996,1.388888888888889,0
558040,1.5,0
558097,1.0555555555555556,0
558258,1.0694444444444444,0
558451,1.375,0
558511,3.44,0
558543,1.0555555555555556,0
558598,1.5972222222222223,0
558686,1.5972222222222223,0
558854,1.2777777777777777,0
558969,1.25,0
559005,6.56,0
559007,1.2222222222222223,0
559016,0.9166666666666666,0
559111,0.75,0
559261,0.7777777777777778,1
559279,1.263888888888889,0
559304,1.5,1
559342,0.9722222222222222,0
559362,1.5,0
559388,1.5833333333333333,0
559483,1.5833333333333333,0
559576,1.277777777777778,0
559622,1.4166666666666667,0
559721,0.72,0
559723,1.9722222222222223,0
559726,1.8333333333333333,0
559879,1.1666666666666667,0
560024,1.3333333333333333,0
560149,2.0,0
560283,1.6111111111111114,1
560505,1.222222222222222,0
560528,1.7222222222222223,0
560597,5.76,0
560713,1.5833333333333333,0
560714,1.0833333333333333,0
560936,1.0694444444444444,0
560990,0.75,0
561041,1.8333333333333333,0
561053,1.388888888888889,0
561072,1.3333333333333333,0
561107,1.513888888888889,0
561219,1.4166666666666667,0
561228,0.9166666666666666,0
561251,1.277777777777778,0
561284,1.5833333333333333,0
561321,1.3333333333333333,0
561413,1.25,0
561481,1.6944444444444444,0
561520,1.222222222222222,0
561570,1.3333333333333333,0
561620,1.25,0
561621,1.3333333333333333,0
561640,1.0,0
561654,1.388888888888889,0
561801,6.08,0
561873,1.5,0
561874,1.4444444444444444,0
561961,1.1944444444444444,0
561981,1.125,1
562084,1.4166666666666667,0
562093,1.3333333333333333,0
562234,1.8055555555555556,0
562305,1.3333333333333333,0
562361,5.04,0
562376,1.5,0
562404,1.7777777777777777,0
562411,0.9305555555555555,0
562510,0.611111111111111,1
562588,0.625,0
562644,1.375,0
562655,0.6805555555555555,0
562661,3.6,0
562677,1.5833333333333333,0
562734,1.25,0
562737,1.2222222222222223,0
563076,1.375,0
563094,6.4,0
563188,1.222222222222222,0
563217,0.75,0
563386,0.7638888888888888,0
563410,1.6666666666666667,0
563587,2.0,0
563633,0.7777777777777778,0
563749,1.0694444444444444,0
563774,1.3333333333333333,0
563945,1.5,0
563977,1.263888888888889,0
563981,1.125,0
564111,1.2916666666666667,0
564114,1.527777777777778,0
564138,1.2916666666666667,0
564141,1.25,0
564201,1.1666666666666667,0
564305,0.64,0
564449,0.875,0
564650,1.0,0
564707,1.6666666666666667,0
564841,1.3333333333333333,0
564882,2.0,0
564909,1.3333333333333333,0
564959,0.9166666666666666,0
564973,1.3194444444444444,0
565008,0.15277777777777776,0
565040,1.5416666666666667,0
565041,1.222222222222222,0
565133,1.4305555555555556,0
565171,1.75,0
565242,1.125,0
565351,1.1111111111111112,0
565452,1.7222222222222223,0
565533,1.3333333333333333,0
565602,1.0,0
565690,1.388888888888889,0
565710,1.25,0
565805,1.611111111111111,0
565811,1.5,0
565841,1.52,0
565876,1.611111111111111,0
565900,1.5,0
565960,1.513888888888889,0
565991,1.0,0
566165,1.125,0
566182,0.9722222222222222,0
566374,0.7777777777777778,0
566630,1.2222222222222223,0
566640,1.4166666666666667,0
566696,1.8333333333333333,0
566714,1.0694444444444444,0
566737,1.1666666666666667,0
566767,1.4444444444444444,0
566808,1.3888888888888886,0
566851,1.222222222222222,0
566951,0.9444444444444443,1
566957,0.5833333333333334,0
566961,1.611111111111111,0
566991,0.5555555555555556,0
567048,1.6805555555555556,0
567070,1.611111111111111,0
567151,1.25,0
567210,1.763888888888889,0
567227,1.5277777777777777,0
567256,1.388888888888889,0
567261,1.3888888888888886,0
567319,1.7083333333333333,0
567412,1.0555555555555556,0
567420,1.361111111111111,0
567571,1.5,0
567670,2.56,0
567865,0.888888888888889,0
567875,0.75,0
568111,1.1111111111111112,0
568171,1.4305555555555554,0
568172,1.9444444444444444,0
568205,0.72,0
568286,1.0833333333333333,0
568329,1.5,0
568442,1.2638888888888888,0
568484,1.3194444444444444,0
568525,1.0833333333333333,0
568547,0.9166666666666666,0
568594,0.875,0
568678,1.4583333333333333,0
568712,1.6666666666666667,0
568734,1.25,0
568769,2.0833333333333335,0
568786,0.9166666666666666,0
568798,1.1111111111111112,0
568814,1.361111111111111,0
568953,1.222222222222222,0
569236,1.5,0
569313,1.5833333333333333,0
569315,1.625,0
569319,1.2638888888888888,0
569347,1.8333333333333333,0
569369,1.5555555555555554,0
569603,1.222222222222222,0
569677,0.64,0
569720,1.3333333333333333,0
569769,0.9722222222222223,0
569846,1.0,0
569880,1.611111111111111,0
569940,1.5833333333333333,0
569972,0.4583333333333333,0
570116,1.6666666666666667,0
570299,1.5,0
570318,1.9166666666666667,0
570406,1.6666666666666667,0
570469,1.4166666666666667,0
570600,0.9166666666666666,0
570637,0.9722222222222222,0
570683,1.5555555555555554,0
570784,1.4583333333333333,0
570796,1.736111111111111,0
570806,1.611111111111111,0
570920,1.75,0
570971,0.5555555555555555,0
571017,1.1666666666666667,0
571123,1.5833333333333333,0
571163,1.8333333333333333,0
571169,0.3055555555555555,0
571180,1.222222222222222,0
571215,1.5,0
571239,1.361111111111111,0
571340,0.15277777777777776,0
571498,1.4444444444444444,0
571603,3.3599999999999994,0
571643,1.5555555555555556,0
571760,1.125,0
571942,1.0555555555555556,0
571964,1.4444444444444444,0
571970,1.1666666666666667,0
571992,0.9166666666666666,0
572015,1.0694444444444444,0
572045,1.1666666666666667,0
572073,1.25,0
572094,1.222222222222222,1
572263,1.875,0
572265,1.8055555555555556,0
572282,1.1944444444444444,0
572345,1.6666666666666667,0
572410,1.5416666666666667,0
572505,0.9166666666666666,0
572547,1.2916666666666667,0
572647,1.1111111111111112,0
572663,0.8333333333333334,0
572668,1.4583333333333333,0
572811,1.6666666666666667,0
572836,0.8333333333333334,1
572890,0.875,0
572927,1.222222222222222,0
573078,0.75,0
573217,1.0972222222222223,0
573290,6.08,0
573332,1.3333333333333333,0
573344,1.3472222222222223,0
573446,1.6666666666666667,0
573458,1.2638888888888888,0
573505,1.4166666666666667,0
573649,1.777777777777778,0
573681,1.138888888888889,0
573897,1.1666666666666667,0
573954,1.3472222222222223,0
573964,1.3333333333333333,0
573972,1.277777777777778,0
573986,0.875,1
574081,1.4166666666666667,0
574163,1.638888888888889,0
574302,1.486111111111111,0
574330,1.1111111111111112,0
574391,0.6805555555555555,0
574506,0.875,0
574542,1.361111111111111,0
574640,1.513888888888889,0
574674,1.2916666666666667,0
574723,1.3333333333333333,0
574726,1.3194444444444444,0
574771,1.5972222222222223,0
574835,1.5,0
574899,1.25,0
574930,0.15277777777777776,0
575015,0.3055555555555555,1
575030,1.1111111111111112,0
575070,1.5833333333333333,0
575123,1.25,0
575147,1.0555555555555556,0
575342,1.3333333333333333,1
575434,1.2638888888888888,0
575487,3.6799999999999997,0
575571,1.4166666666666667,0
575573,1.486111111111111,0
575574,1.0,0
575612,1.5833333333333333,0
575818,1.513888888888889,0
575821,0.888888888888889,0
575833,1.75,0
575844,1.0555555555555556,0
575849,1.0,0
575948,1.2777777777777777,0
576051,1.5,0
576071,1.4166666666666667,0
576074,1.513888888888889,0
576110,1.222222222222222,0
576184,1.5833333333333333,0
576217,1.388888888888889,0
576294,1.4166666666666667,0
576345,1.0694444444444444,0
576354,1.0,0
576363,1.5,0
576498,1.5972222222222223,0
576576,1.388888888888889,0
576587,1.8333333333333333,0
576658,7.68,0
576690,1.0972222222222223,0
576692,0.9444444444444443,0
576716,1.6805555555555556,0
576736,2.56,0
576871,1.4166666666666667,0
576878,1.0,0
576911,0.8888888888888888,0
576936,1.5833333333333333,0
576947,1.763888888888889,0
577124,1.0,0
577151,6.08,0
577156,1.513888888888889,0
577265,1.7083333333333333,0
577278,0.6666666666666666,0
577322,1.1666666666666667,0
577360,1.361111111111111,0
577374,1.75,0
577386,1.75,0
577398,1.6666666666666667,0
577405,1.6944444444444444,0
577467,1.4722222222222223,0
577501,1.2916666666666667,0
577535,1.4166666666666667,0
577726,1.3333333333333333,0
577795,1.5,0
577844,1.6805555555555556,0
577860,1.2222222222222223,1
577872,1.222222222222222,1
578013,1.3888888888888886,0
578020,1.6666666666666667,0
578114,1.0555555555555556,0
578167,1.222222222222222,0
578203,1.5416666666666667,0
578688,1.4444444444444444,0
578788,0.4583333333333333,1
578811,1.027777777777778,0
578837,0.7638888888888888,0
578944,1.736111111111111,0
578998,1.8055555555555556,0
579005,1.5,0
579015,1.5416666666666667,0
579034,1.513888888888889,0
579283,1.3333333333333333,0
579318,0.8194444444444445,0
579322,0.7777777777777778,0
579377,1.5,0
579424,1.5555555555555556,0
579438,0.611111111111111,0
579581,1.125,0
579684,1.75,1
579710,1.0833333333333333,0
579726,1.4166666666666667,0
579785,3.84,0
579847,1.2916666666666667,0
579890,1.611111111111111,0
579931,1.486111111111111,0
579943,1.0,0
579990,1.2916666666666667,0
580068,0.4583333333333333,1
580159,1.7083333333333333,0
580169,0.9722222222222222,0
580201,1.1666666666666667,0
580212,0.875,0
580324,0.888888888888889,0
580341,1.388888888888889,0
580356,1.5694444444444444,0
580472,1.1666666666666667,0
580493,1.125,0
580500,4.8,0
580554,1.222222222222222,0
580586,1.1666666666666667,0
580834,1.5,0
581007,1.3333333333333333,0
581079,1.0833333333333333,0
581260,1.3333333333333333,0
581294,1.6666666666666667,0
581396,1.5,0
581427,1.0694444444444444,0
581481,1.0833333333333333,0
581513,0.7777777777777778,0
581531,1.4166666666666667,0
581533,1.4166666666666667,0
581596,1.388888888888889,0
581661,1.513888888888889,0
581668,1.25,0
581682,1.5,0
581712,1.277777777777778,0
581913,0.75,0
581999,1.0833333333333333,0
582066,1.6666666666666667,0
582257,1.375,0
582364,1.4166666666666667,0
582427,1.7777777777777777,0
582429,1.5,1
582493,1.097222222222222,0
582646,1.125,0
582690,1.5,0
582861,1.0555555555555556,0
582874,9.6,0
582883,1.25,0
582929,1.6666666666666667,0
582930,1.875,0
583003,1.1666666666666667,0
583005,0.7916666666666666,0
583175,0.4166666666666667,1
583223,0.9444444444444443,0
583227,1.3194444444444444,0
583252,1.0416666666666667,0
583272,0.9722222222222223,0
583327,1.5,0
583415,1.3333333333333333,0
583513,1.125,0
583539,1.5,0
583565,1.777777777777778,0
583610,0.9444444444444445,0
583648,0.6666666666666666,0
583670,1.3194444444444444,0
583718,1.5555555555555556,0
583754,0.3055555555555555,0
584017,1.5833333333333333,0
584173,1.6527777777777777,0
584285,1.5,0
584377,1.222222222222222,0
584405,0.9166666666666666,0
584458,0.9444444444444445,0
584463,1.388888888888889,0
584536,1.1805555555555556,0
584537,1.513888888888889,0
584564,1.152777777777778,0
584727,1.9722222222222223,0
584782,0.15277777777777776,0
584833,1.5,0
584845,1.625,0
584880,0.5833333333333334,0
585039,1.3333333333333333,0
585082,1.25,0
585271,0.9583333333333334,0
585275,1.5,0
585277,1.125,0
585316,1.222222222222222,0
585357,0.7222222222222222,0
585377,1.5,0
585386,1.5,0
585420,1.0,0
585629,1.013888888888889,0
585756,1.1944444444444444,0
585780,1.3611111111111114,0
585793,1.5833333333333333,0
585850,1.1805555555555556,0
585853,1.6527777777777777,0
585854,1.25,0
585947,1.4166666666666667,0
585975,1.7777777777777777,0
585978,1.277777777777778,0
586056,1.388888888888889,0
586100,1.1666666666666667,0
586164,1.5694444444444444,0
586191,0.4444444444444444,0
586199,0.72,0
586365,0.875,0
586401,1.3333333333333333,0
586446,0.8333333333333334,0
586542,1.25,0
586686,1.4166666666666667,0
586711,1.75,0
586734,0.7777777777777778,0
586753,1.2916666666666667,0
586870,1.1666666666666667,0
586891,0.8888888888888888,0
586944,1.222222222222222,0
587136,1.4583333333333333,1
587284,1.0,0
587420,1.3333333333333333,0
587480,1.722222222222222,0
587591,0.9166666666666666,0
587619,1.6666666666666667,0
587623,1.1666666666666667,0
587800,1.388888888888889,0
588015,1.2777777777777777,0
588095,1.25,0
588220,1.222222222222222,0
588237,1.1111111111111112,0
588292,0.9166666666666666,1
588445,1.5,0
588516,1.611111111111111,0
588657,1.4444444444444446,0
588789,1.3333333333333333,0
588917,1.125,0
588943,0.4166666666666667,0
588980,1.388888888888889,0
589074,2.56,0
589101,1.0,0
589427,1.3333333333333333,0
589466,1.125,0
589580,1.6666666666666667,0
589745,0.8888888888888888,0
589765,1.4444444444444444,0
589795,1.75,0
589840,0.875,0
590025,0.7777777777777778,0
590098,1.111111111111111,0
590246,1.611111111111111,0
590280,1.6527777777777777,0
590301,1.7777777777777777,0
590485,1.388888888888889,0
590514,1.222222222222222,0
590647,1.625,0
590727,1.5,1
590752,0.9166666666666666,0
590778,0.888888888888889,0
590936,0.9722222222222222,0
590981,1.4166666666666667,0
590989,1.0,0
591174,1.4583333333333333,0
591272,1.1805555555555556,0
591367,1.5,0
591377,0.8333333333333334,0
591414,0.32,0
591476,0.3055555555555555,1
591547,1.375,0
591608,1.611111111111111,0
591641,1.1666666666666667,0
591731,1.1666666666666667,0
591758,1.4444444444444444,0
591841,1.5,0
591854,1.0,0
592003,0.48,0
592034,2.48,0
592064,0.9722222222222222,0
592088,1.4166666666666667,0
592145,1.152777777777778,0
592251,1.0555555555555556,0
592302,1.277777777777778,0
592350,1.513888888888889,0
592431,1.3472222222222223,0
592485,1.4305555555555556,0
592966,1.5555555555555556,0
592992,0.9722222222222222,0
593007,1.125,0
593039,1.7083333333333333,0
593116,1.5833333333333333,0
593190,1.5833333333333333,0
593252,1.4444444444444444,0
593277,1.2916666666666667,0
593327,0.5555555555555555,1
593340,1.125,0
593386,2.6399999999999997,0
593421,1.8333333333333333,0
593506,1.25,0
593651,1.1666666666666667,0
593684,1.3611111111111114,0
593710,1.0694444444444444,0
593781,1.6666666666666667,0
593868,1.3333333333333333,0
594028,1.388888888888889,0
594044,0.8888888888888888,1
594598,4.88,0
594636,0.4583333333333333,0
594649,1.277777777777778,0
594672,1.5,0
594997,1.486111111111111,0
595024,0.9722222222222222,0
595027,1.1666666666666667,0
595028,1.1666666666666667,0
595083,1.75,0
595169,1.388888888888889,0
595215,0.7777777777777778,0
595235,1.25,0
595236,0.4583333333333333,0
595320,1.597222222222222,0
595323,1.0,0
595325,1.222222222222222,0
595658,1.7083333333333333,0
595681,1.486111111111111,0
595747,0.8333333333333334,0
595965,1.5833333333333333,0
595978,1.125,0
595980,1.8333333333333333,0
596004,1.2222222222222223,0
596153,0.8888888888888888,0
596179,1.611111111111111,0
596297,1.3333333333333333,0
596327,1.4444444444444444,0
596390,0.9722222222222222,0
596462,5.12,0
596544,1.2,0
596586,1.5833333333333333,0
596674,1.375,0
596787,1.222222222222222,0
596818,0.875,0
596911,1.388888888888889,0
597023,1.4444444444444446,0
597156,2.88,0
597189,1.222222222222222,0
597191,0.8333333333333334,0
597197,1.8055555555555556,0
597209,1.75,0
597228,1.3333333333333333,0
597237,1.277777777777778,0
597267,1.361111111111111,0
597294,1.28,0
597300,0.9444444444444443,0
597313,1.4444444444444444,0
597532,1.375,0
597837,1.277777777777778,0
597981,1.125,0
598016,1.7777777777777777,0
598059,0.888888888888889,0
598360,1.513888888888889,0
598364,1.5,0
598369,1.4166666666666667,0
598398,1.1666666666666667,0
598705,1.0833333333333333,0
598706,1.3194444444444444,1
598711,0.6666666666666666,0
598760,1.4166666666666667,0
598799,1.1666666666666667,0
599078,1.5833333333333333,0
599145,2.1527777777777777,0
599184,1.4166666666666667,0
599341,1.6666666666666667,0
599369,1.0694444444444444,0
599372,0.75,0
599442,1.0833333333333333,0
599483,1.6527777777777777,0
599491,1.7916666666666667,0
599560,1.111111111111111,1
599746,1.3194444444444444,0
599778,4.56,0
599925,0.9583333333333334,0
600013,1.25,0
600021,1.388888888888889,1
600063,1.8333333333333333,0
600302,1.222222222222222,0
600309,6.720000000000001,0
600432,1.4166666666666667,0
600482,1.25,0
600563,1.5833333333333333,0
600598,1.5833333333333333,0
600651,1.8333333333333333,0
600664,1.6944444444444444,0
600712,0.9444444444444443,0
600746,0.9166666666666666,0
600756,1.152777777777778,0
600785,1.6805555555555556,0
600792,0.625,0
600884,1.6666666666666667,0
600914,1.0,0
601027,1.25,0
601105,1.6666666666666667,0
601131,1.5,0
601143,1.222222222222222,0
601167,1.388888888888889,0
601332,1.125,0
601341,1.097222222222222,0
601407,1.75,0
601448,1.625,0
601583,1.388888888888889,1
601586,1.6666666666666667,0
601597,0.875,0
601625,5.6,0
601626,1.875,0
601681,1.375,0
601775,1.722222222222222,0
601834,1.4722222222222223,0
601940,1.097222222222222,0
602014,1.6805555555555556,0
602068,1.4166666666666667,1
602086,1.6666666666666667,1
602150,1.4166666666666667,0
602176,1.4166666666666667,1
602213,1.1666666666666667,0
602222,1.222222222222222,0
602275,1.375,1
602346,1.486111111111111,0
602361,1.888888888888889,0
602384,0.8888888888888888,1
602574,1.5555555555555556,0
602585,1.1666666666666667,0
602587,1.2083333333333333,0
602649,0.3055555555555555,1
602685,1.3333333333333333,0
602783,0.7916666666666666,0
602900,1.5416666666666667,0
602931,0.6666666666666666,0
603005,2.56,0
603009,0.32,0
603050,1.0,1
603070,6.24,0
603077,1.5,0
603079,1.5,0
603082,0.9166666666666666,0
603371,0.8888888888888888,0
603407,1.1805555555555556,0
603446,0.9166666666666666,0
603531,1.7222222222222223,0
603539,1.513888888888889,0
603545,0.9444444444444445,0
603587,1.3333333333333333,0
603658,1.1111111111111112,0
603674,1.2916666666666667,0
603739,1.4444444444444446,0
603744,1.375,0
603775,1.7777777777777777,0
603968,1.0138888888888888,0
604019,1.3333333333333333,0
604116,3.84,0
604274,1.6111111111111114,0
604332,1.5,0
604461,1.2916666666666667,0
604470,1.6805555555555556,0
604510,5.76,0
604526,1.3333333333333333,0
604645,1.1111111111111112,0
604681,0.15277777777777776,0
604724,1.7777777777777777,0
604772,1.5416666666666667,0
604783,1.222222222222222,0
604792,1.4444444444444444,0
604870,1.5833333333333333,0
604943,1.5416666666666667,0
605127,1.3333333333333333,0
605134,1.125,0
605184,1.1666666666666667,0
605269,1.222222222222222,0
605320,1.763888888888889,0
605322,0.9166666666666666,0
605341,1.2083333333333333,0
605343,0.9166666666666666,0
605500,1.5416666666666667,0
605505,1.9166666666666667,0
605723,1.3333333333333333,0
605761,0.7777777777777778,0
605787,1.5,0
605790,1.486111111111111,0
605803,1.986111111111111,0
605849,1.6666666666666667,0
605874,0.5,0
605877,1.513888888888889,0
605907,1.5555555555555556,0
605926,1.361111111111111,0
606026,1.4305555555555556,0
606060,1.4166666666666667,0
606214,1.3333333333333333,0
606344,1.388888888888889,1
606371,1.0,0
606396,3.84,0
606455,1.638888888888889,0
606563,1.5,1
606600,1.3333333333333333,0
606712,1.5,1
606846,0.9444444444444445,0
606852,0.9583333333333334,0
606875,1.5555555555555556,0
606877,1.486111111111111,0
606962,0.6944444444444445,0
606989,1.5,0
607115,1.111111111111111,0
607117,1.25,0
607275,1.0,0
607292,1.1805555555555556,0
607347,1.4722222222222223,0
607405,1.4166666666666667,0
607453,1.3333333333333333,0
607480,1.0833333333333333,0
607489,1.7222222222222223,0
607538,1.125,0
607548,1.375,0
607555,0.6666666666666666,0
607565,1.5,0
607588,0.64,0
607662,1.7083333333333333,0
607696,1.5,0
607769,8.64,0
607847,0.75,0
607856,1.7222222222222223,0
607885,1.6666666666666667,0
607993,0.9722222222222222,1
607997,1.0,0
608070,1.5277777777777777,0
608087,0.9166666666666666,0
608116,0.8333333333333334,0
608159,1.0138888888888888,0
608241,1.3472222222222223,0
608326,1.1111111111111112,0
608370,0.8333333333333334,0
608384,1.2222222222222223,0
608419,1.4305555555555556,0
608493,1.638888888888889,0
608508,1.6666666666666667,0
608517,1.0555555555555556,0
608601,1.1111111111111112,0
608605,1.7222222222222223,0
608739,1.513888888888889,0
608758,1.277777777777778,0
608850,1.1666666666666667,0
608974,1.527777777777778,0
609009,1.1666666666666667,0
609072,1.75,0
609174,1.9166666666666667,0
609184,0.875,0
609296,1.6666666666666667,0
609532,1.7777777777777777,0
609650,0.875,0
609667,1.0,0
609730,1.1666666666666667,0
609778,1.611111111111111,0
609971,1.4166666666666667,0
610096,1.5416666666666667,0
610393,0.6944444444444445,0
610432,1.1666666666666667,0
610465,1.5416666666666667,0
610482,1.222222222222222,1
610573,1.2916666666666667,0
610585,1.5555555555555556,0
610684,1.5555555555555556,0
610946,1.125,0
611029,0.7777777777777778,0
611046,1.3333333333333333,1
611051,1.1666666666666667,0
611084,1.1805555555555556,0
611086,1.75,0
611356,0.9861111111111112,0
611366,1.277777777777778,0
611415,1.3472222222222223,0
611436,1.3472222222222223,0
611464,1.2916666666666667,0
611481,1.6666666666666667,0
611538,1.611111111111111,0
611582,1.0555555555555556,0
611618,0.8611111111111112,0
611667,6.56,0
611673,1.4444444444444444,0
611689,1.375,0
611765,1.1111111111111112,0
611817,1.152777777777778,0
611873,1.5833333333333333,0
611990,2.0,0
612013,1.3333333333333333,1
612060,1.6527777777777777,0
612074,1.611111111111111,0
612122,0.875,0
612140,1.375,0
612144,1.1666666666666667,0
612162,1.4166666666666667,0
612186,1.277777777777778,0
612233,1.1111111111111112,0
612269,1.1666666666666667,0
612294,1.388888888888889,0
612311,1.611111111111111,0
612339,1.1805555555555556,0
612488,1.5,0
612510,1.4305555555555556,0
612555,1.1944444444444444,0
612650,1.375,1
612664,1.111111111111111,0
612703,1.0555555555555556,0
612719,1.152777777777778,0
612795,1.0,0
612834,1.1666666666666667,0
612905,1.4166666666666667,0
612955,1.7916666666666667,0
612995,1.0,0
613076,0.763888888888889,0
613185,1.3194444444444444,0
613195,1.3333333333333333,0
613234,1.8055555555555556,0
613265,1.0555555555555556,0
613303,1.2916666666666667,0
613546,1.111111111111111,0
613747,1.3333333333333333,0
613804,0.8333333333333334,0
613860,3.8400000000000007,0
613908,2.138888888888889,0
613925,1.111111111111111,1
614000,1.6944444444444444,0
614063,1.2777777777777777,0
614100,1.513888888888889,0
614106,1.6805555555555556,0
614122,0.875,0
614164,1.277777777777778,0
614219,1.1944444444444444,0
614221,0.6944444444444445,0
614246,1.4444444444444446,0
614307,0.9166666666666666,0
614350,2.0833333333333335,0
614373,1.277777777777778,0
614379,1.3333333333333333,0
614441,1.1666666666666667,0
614574,0.75,0
614634,1.736111111111111,0
614721,6.24,0
614782,0.6666666666666666,0
614810,1.5833333333333333,0
614830,1.625,0
615022,1.777777777777778,0
615054,1.513888888888889,1
615131,0.6666666666666666,0
615201,1.361111111111111,0
615214,1.5,0
615244,1.0555555555555556,0
615251,1.1944444444444444,0
615327,1.2916666666666667,0
615385,1.388888888888889,1
615411,1.5833333333333333,0
615439,0.7777777777777778,0
615459,5.12,0
615528,0.9444444444444443,0
615529,1.388888888888889,0
615561,1.2777777777777777,0
615578,1.1944444444444444,0
615617,1.3333333333333333,1
615662,1.4166666666666667,0
615673,1.152777777777778,0
615678,0.7777777777777778,0
615826,1.5833333333333333,0
615854,1.3333333333333333,0
615945,0.3055555555555555,0
615989,1.513888888888889,0
616083,1.5277777777777777,0
616137,0.888888888888889,1
616162,1.1111111111111112,0
616220,1.0,0
616226,1.527777777777778,0
616342,1.25,0
616350,1.388888888888889,0
616374,0.611111111111111,1
616416,1.0833333333333333,0
616500,1.6527777777777777,0
616650,0.75,0
616667,1.4444444444444446,0
616722,0.625,0
616739,0.875,0
616746,1.1666666666666667,0
616835,5.92,0
616857,1.1666666666666667,0
616875,1.388888888888889,0
616920,1.6527777777777777,0
617008,1.1111111111111112,0
617079,1.2222222222222223,0
617099,1.0,0
617108,1.111111111111111,1
617171,1.888888888888889,0
617263,1.0555555555555556,0
617296,0.8333333333333334,0
617326,1.125,0
617348,1.5833333333333333,0
617447,1.222222222222222,0
617471,1.0833333333333333,0
617484,1.7777777777777777,0
617516,1.486111111111111,0
617670,1.736111111111111,0
617916,1.2777777777777777,0
617960,1.0694444444444444,0
618022,1.1666666666666667,0
618089,0.7777777777777778,0
618100,0.8333333333333334,0
618112,1.4583333333333333,0
618124,1.1944444444444444,0
618300,0.6666666666666666,0
618302,1.3611111111111114,0
618309,1.277777777777778,0
618329,1.0,0
618379,1.1111111111111112,0
618390,1.1805555555555556,0
618409,1.9722222222222223,0
618461,1.1666666666666667,0
618494,1.5833333333333333,0
618523,1.7916666666666667,0
618524,1.1944444444444444,0
618601,0.9166666666666666,0
618656,1.4166666666666667,0
618719,1.5,0
618731,1.75,0
618817,1.513888888888889,0
618823,1.375,1
618824,0.9166666666666666,0
618830,1.5555555555555554,0
618871,1.3333333333333333,0
618886,2.0277777777777777,0
619141,0.9722222222222223,1
619268,1.0,0
619404,1.4166666666666667,0
619483,1.611111111111111,0
619537,1.4166666666666667,0
619548,2.0,0
619596,0.9722222222222222,1
619693,1.4444444444444444,0
619826,1.1666666666666667,0
619840,1.3333333333333333,0
619916,1.1666666666666667,0
619920,1.222222222222222,0
620078,6.4,0
620084,1.1111111111111112,0
620094,1.75,0
620122,1.75,0
620406,1.111111111111111,0
620446,1.3333333333333333,0
620465,1.4305555555555554,0
620480,1.2916666666666667,0
620563,1.3333333333333333,0
620584,1.5555555555555556,0
620741,1.1111111111111112,0
620858,1.5,0
620990,0.611111111111111,0
621006,1.0833333333333333,0
621072,1.2,0
621093,1.5,0
621180,0.8888888888888888,0
621190,1.4722222222222223,0
621218,1.4166666666666667,0
621279,0.875,0
621583,0.8333333333333334,0
621695,1.763888888888889,0
621731,1.222222222222222,0
621750,0.763888888888889,0
621814,1.597222222222222,0
621823,0.8333333333333334,0
621832,1.5833333333333333,0
621876,1.513888888888889,0
621940,1.1111111111111112,0
621951,1.3194444444444444,0
622006,1.222222222222222,0
622019,1.6666666666666667,0
622036,0.9166666666666666,0
622324,1.5,0
622334,1.125,0
622527,1.4166666666666667,0
622610,1.125,0
622697,1.0833333333333333,0
622776,1.388888888888889,0
622822,1.0,0
622883,1.513888888888889,0
622906,1.5416666666666667,0
622975,1.6805555555555556,0
623071,0.8888888888888888,0
623144,1.222222222222222,0
623222,1.4166666666666667,0
623327,1.7222222222222223,0
623478,1.0,0
623537,1.0833333333333333,0
623569,1.3333333333333333,0
623654,1.0833333333333333,1
623688,1.6111111111111114,0
623861,1.2777777777777777,0
623903,1.6944444444444444,0
624065,1.0,0
624216,1.2638888888888888,0
624407,1.4583333333333333,0
624463,1.3333333333333333,0
624487,1.277777777777778,0
624569,4.56,0
624621,0.75,0
624704,0.611111111111111,0
624881,1.3333333333333333,0
624929,1.5555555555555556,0
624935,1.388888888888889,0
624980,1.6805555555555556,0
625033,1.375,0
625123,1.0,0
625183,1.6805555555555556,0
625320,7.68,0
625434,1.263888888888889,0
625451,1.1111111111111112,0
625458,1.611111111111111,0
625497,1.0833333333333333,0
625524,0.9444444444444443,0
625557,1.4444444444444444,0
625621,0.7777777777777778,0
625784,1.4166666666666667,0
625859,1.5833333333333333,0
625870,1.4444444444444444,0
625945,1.75,0
626030,1.375,0
626149,1.888888888888889,0
626211,1.5,0
626474,1.1666666666666667,0
626542,1.152777777777778,0
626560,2.56,0
626664,1.5,0
626746,1.4166666666666667,0
626762,1.2222222222222223,0
626767,0.9722222222222223,0
626973,1.5833333333333333,0
627354,1.5,0
627428,1.7777777777777777,0
627485,1.2222222222222223,0
627489,1.125,0
627670,1.6666666666666667,0
627778,1.1666666666666667,0
627791,1.1666666666666667,0
627826,1.125,0
627893,1.277777777777778,0
627915,1.3333333333333333,0
627970,1.5,0
628017,0.75,0
628081,1.388888888888889,0
628096,1.5833333333333333,0
628130,1.222222222222222,0
628169,1.5,0
628180,0.875,0
628211,1.5833333333333333,0
628258,1.6666666666666667,0
628320,1.5833333333333333,0
628409,1.5,0
628431,1.25,0
628475,1.625,0
628533,1.1944444444444444,0
628578,1.763888888888889,0
628596,1.4305555555555554,0
628618,1.611111111111111,0
628669,1.1666666666666667,0
628844,1.6666666666666667,0
628860,1.2638888888888888,0
628917,1.2916666666666667,0
628924,1.277777777777778,0
628952,1.0833333333333333,0
629177,1.222222222222222,0
629299,1.125,0
629394,1.3333333333333333,0
629410,1.222222222222222,0
629642,1.611111111111111,0
629706,1.1666666666666667,0
629753,1.527777777777778,0
630034,1.1666666666666667,0
630071,1.0555555555555556,0
630209,1.0694444444444444,0
630265,1.611111111111111,0
630290,0.5555555555555556,1
630320,1.6666666666666667,0
630338,1.5555555555555556,0
630396,1.4305555555555554,0
630588,1.5,0
630711,1.222222222222222,0
630869,1.736111111111111,0
630880,0.875,0
630920,5.840000000000001,0
631051,1.0,0
631070,1.92,0
631200,0.9166666666666666,0
631379,1.125,0
631406,1.7777777777777777,0
631543,1.2083333333333333,0
631557,1.1944444444444444,0
631583,1.5833333333333333,0
631661,1.4166666666666667,0
631683,1.7083333333333333,0
631704,1.5833333333333333,0
631801,3.8400000000000007,0
631821,1.25,0
631839,1.6527777777777777,0
631853,1.486111111111111,0
631854,1.1527777777777777,0
631869,1.25,0
632097,0.7916666666666666,0
632103,1.2222222222222223,0
632130,1.0972222222222223,0
632199,1.1805555555555556,0
632352,1.1666666666666667,0
632398,1.1944444444444444,0
632399,1.277777777777778,0
632435,1.388888888888889,0
632515,6.24,0
632556,1.4305555555555554,0
632638,1.777777777777778,0
632720,1.6944444444444444,0
632793,0.986111111111111,0
632826,1.1666666666666667,0
632981,0.8888888888888888,0
633135,0.875,0
633140,1.2777777777777777,0
633202,1.1666666666666667,0
633299,1.1666666666666667,0
633330,1.5555555555555556,0
633458,0.8888888888888888,0
633627,1.2916666666666667,0
633631,1.125,0
633640,0.8333333333333334,0
633734,1.722222222222222,1
633749,1.0555555555555556,0
633787,1.3333333333333333,0
633861,1.0,0
633910,0.611111111111111,0
633938,0.6666666666666666,0
633992,1.0,0
633999,1.0694444444444444,0
634181,1.5833333333333333,0
634185,1.4305555555555554,0
634269,1.2222222222222223,1
634386,1.152777777777778,0
634392,1.0833333333333333,0
634418,1.5,0
634423,0.875,0
634503,1.2222222222222223,0
634615,7.2,0
634727,1.8333333333333333,0
634807,0.9583333333333334,0
634850,1.3333333333333333,0
634900,1.75,0
634916,1.513888888888889,0
635084,1.3472222222222223,0
635162,1.1111111111111112,1
635225,1.25,0
635249,1.5,0
635302,2.08,0
635334,1.1527777777777777,0
635509,0.75,0
635517,0.611111111111111,0
635531,1.3333333333333333,0
635616,1.25,0
635715,1.4305555555555556,0
635719,1.1805555555555556,0
635907,0.15277777777777776,0
636000,1.486111111111111,0
636012,1.2916666666666667,0
636017,1.0,0
636045,1.3333333333333333,0
636177,0.9444444444444443,0
636213,1.2638888888888888,0
636293,1.3333333333333333,0
636413,1.0,0
636505,1.0,0
636673,0.75,0
636749,1.611111111111111,0
636753,1.25,0
636813,1.1666666666666667,0
636965,1.6111111111111114,0
637151,1.222222222222222,0
637249,1.111111111111111,0
637396,1.597222222222222,0
637532,1.9166666666666667,0
637580,1.763888888888889,0
637641,1.763888888888889,0
637655,1.4166666666666667,0
637687,1.5833333333333333,0
637721,1.513888888888889,0
637760,1.5416666666666667,0
637765,1.0,0
637986,1.388888888888889,0
638004,1.3333333333333333,0
638152,1.25,0
638162,1.4444444444444444,0
638207,1.277777777777778,0
638237,1.611111111111111,0
638253,1.1666666666666667,0
638368,0.9166666666666666,0
638389,1.0,0
638469,8.16,0
638495,1.0,0
638506,1.1666666666666667,0
638602,1.5,0
638618,1.5,0
638685,1.4583333333333333,0
638732,1.2222222222222223,0
638733,1.25,0
638804,1.5555555555555556,0
639117,1.75,0
639145,1.5,0
639258,1.388888888888889,1
639419,1.3333333333333333,0
639510,1.6666666666666667,0
639613,1.3333333333333333,0
639701,1.111111111111111,0
639705,1.5,0
639807,1.25,0
640009,0.7777777777777778,0
640082,1.0,0
640110,1.0,0
640116,1.5555555555555556,0
640238,1.6666666666666667,0
640244,1.3194444444444444,0
640285,1.125,0
640418,1.25,0
640555,1.0694444444444444,0
640588,1.277777777777778,0
640614,1.4305555555555556,0
640831,1.5833333333333333,0
640833,1.1666666666666667,0
641039,1.1666666666666667,0
641050,1.4444444444444444,0
641103,2.111111111111111,0
641123,0.888888888888889,0
641159,1.25,0
641160,1.2222222222222223,0
641164,1.5,0
641189,1.4166666666666667,0
641327,1.222222222222222,0
641384,1.2638888888888888,0
641448,1.722222222222222,0
641586,1.125,0
641612,5.92,0
641642,1.388888888888889,0
641704,0.888888888888889,0
641734,1.7916666666666667,0
641869,1.3333333333333333,0
641879,1.75,0
641884,1.125,0
641970,1.1666666666666667,0
641997,0.8611111111111112,0
642000,1.7083333333333333,0
642002,1.0,0
642043,0.9722222222222222,0
642102,1.8333333333333333,0
642109,1.25,0
642313,1.3333333333333333,1
642323,1.0,0
642401,1.1805555555555556,1
642449,1.2916666666666667,0
642485,0.8888888888888888,0
642738,0.763888888888889,0
642808,1.0,0
642901,1.25,0
642976,8.0,0
643026,1.2916666666666667,0
643059,1.8333333333333333,0
643117,1.1111111111111112,0
643225,1.0,0
643300,1.361111111111111,0
643362,1.0,1
643364,0.875,0
643476,6.32,0
643480,1.1111111111111112,0
643507,1.361111111111111,0
643605,1.4305555555555554,0
643669,0.75,0
643705,1.1666666666666667,0
643854,1.4444444444444444,0
643912,1.0555555555555556,0
644014,1.513888888888889,0
644017,1.25,0
644163,1.222222222222222,0
644251,0.8333333333333334,0
644265,1.5833333333333333,0
644374,1.388888888888889,0
644390,1.0,0
644417,1.5555555555555556,1
644434,0.9444444444444445,0
644551,1.75,0
644630,1.4166666666666667,0
644652,1.9166666666666667,0
644769,1.1666666666666667,0
644786,1.7777777777777777,0
644865,1.0,0
644893,1.6111111111111114,1
644938,1.4444444444444446,0
644945,1.0833333333333333,0
645057,1.4166666666666667,0
645072,0.9583333333333334,0
645081,1.9444444444444444,0
645114,0.6944444444444445,0
645145,1.375,0
645147,0.7777777777777777,0
645244,1.277777777777778,0
645265,0.625,0
645280,1.5,0
645450,0.888888888888889,0
645566,1.1805555555555556,0
645600,1.6111111111111114,0
645653,1.3194444444444444,0
645688,0.9722222222222222,0
645712,1.6666666666666667,0
645895,1.5555555555555556,0
645919,4.32,0
645927,0.888888888888889,0
645986,1.25,0
646022,1.3333333333333333,0
646038,1.0833333333333333,0
646137,1.388888888888889,0
646168,1.0,0
646178,2.236111111111111,0
646187,1.0,0
646189,1.5833333333333333,0
646198,1.1666666666666667,1
646225,1.0694444444444444,0
646277,1.3333333333333333,0
646359,1.1805555555555556,0
646399,0.625,0
646502,0.8333333333333334,0
646519,1.0416666666666667,0
646935,1.6527777777777777,0
647005,0.75,1
647133,1.388888888888889,0
647214,2.0,0
647491,1.25,0
647658,6.08,0
647672,1.3333333333333333,0
647684,1.513888888888889,0
647726,1.5277777777777777,0
647791,1.2222222222222223,0
647894,1.1111111111111112,0
647956,0.7777777777777777,0
648043,1.4722222222222223,0
648077,1.25,0
648365,1.25,0
648380,0.8333333333333334,0
648432,1.027777777777778,0
648455,1.5,0
648533,1.3333333333333333,0
648575,2.0,0
648586,1.6666666666666667,0
648596,1.3333333333333333,0
648648,0.9583333333333334,0
648653,1.388888888888889,0
648924,1.3472222222222223,0
649052,1.0,0
649054,1.25,0
649089,8.64,0
649104,1.5833333333333333,0
649194,1.2222222222222223,0
649321,1.5,0
649422,1.222222222222222,0
649442,1.4444444444444444,0
649487,1.4444444444444444,1
649656,1.5833333333333333,0
649680,0.6944444444444445,0
649770,0.7777777777777778,0
649802,1.0555555555555556,0
649855,1.0833333333333333,0
649961,1.5,0
649972,0.8333333333333334,1
649994,1.111111111111111,0
650290,1.2222222222222223,1
650358,1.222222222222222,0
650377,1.777777777777778,0
650420,1.4305555555555556,0
650445,1.6111111111111114,0
650466,1.25,0
650486,1.5,0
650529,1.8333333333333333,0
650553,1.3333333333333333,0
650621,1.5,0
650657,1.7777777777777777,0
650704,1.6666666666666667,0
650721,0.8888888888888888,0
650870,1.0,0
651006,1.1666666666666667,0
651020,1.361111111111111,0
651097,1.5,0
651250,1.1666666666666667,0
651281,1.611111111111111,0
651377,1.6527777777777777,0
651605,1.5555555555555554,0
651622,1.2777777777777777,0
651645,1.28,0
651694,1.513888888888889,0
651740,1.222222222222222,0
651835,1.7777777777777777,0
651959,1.3333333333333333,0
652034,1.6805555555555556,0
652047,1.1111111111111112,0
652194,1.2638888888888888,0
652212,1.25,0
652291,1.638888888888889,0
652370,1.361111111111111,0
652374,1.388888888888889,0
652394,1.6666666666666667,0
652498,1.4166666666666667,0
652501,1.3472222222222223,0
652518,1.75,0
652614,1.4444444444444444,0
652642,0.75,0
652741,4.640000000000001,0
652756,0.7777777777777778,0
652790,1.0,0
652816,1.5833333333333333,0
652862,1.9027777777777777,0
653015,0.8333333333333334,0
653070,1.4166666666666667,0
653081,1.6944444444444444,0
653191,1.263888888888889,0
653259,1.2222222222222223,0
653304,6.0,0
653337,1.4166666666666667,0
653340,1.5,0
653354,1.375,0
653400,1.1944444444444444,0
653441,1.0,0
653539,1.5,0
653542,1.3333333333333333,0
653572,1.5833333333333333,0
653636,1.2916666666666667,0
653637,1.388888888888889,0
653698,1.513888888888889,0
653851,1.1111111111111112,0
653973,1.1111111111111112,0
654073,1.611111111111111,0
654086,1.5277777777777777,0
654122,1.9444444444444446,0
654187,1.1666666666666667,0
654225,1.75,1
654288,1.4444444444444444,0
654389,3.6799999999999997,0
654433,1.3333333333333333,1
654540,6.720000000000001,0
654578,1.4444444444444444,0
654748,1.2222222222222223,1
654751,1.25,0
654817,1.027777777777778,0
654890,1.3472222222222223,0
654941,1.3333333333333333,0
655044,0.875,0
655082,1.152777777777778,0
655325,1.4166666666666667,0
655453,1.4166666666666667,0
655480,1.1111111111111112,0
655715,1.25,0
655721,9.6,0
655743,1.486111111111111,0
655892,1.1666666666666667,0
655957,1.513888888888889,0
656027,4.4,0
656036,0.15277777777777776,1
656288,1.3333333333333333,0
656360,1.5,0
656415,1.3333333333333333,0
656572,1.1666666666666667,0
656639,1.5,0
656942,1.4444444444444444,0
657116,1.8333333333333333,0
657118,1.5555555555555556,0
657339,1.4305555555555556,0
657492,0.9305555555555557,0
657668,1.8333333333333333,0
657730,0.3055555555555555,1
657748,1.5,0
657842,2.56,0
657865,1.1666666666666667,0
658175,1.0555555555555556,0
658310,1.1111111111111112,0
658330,1.0833333333333333,0
658407,1.5555555555555556,1
658546,1.277777777777778,0
658861,1.222222222222222,0
658996,1.3333333333333333,0
659011,1.9444444444444444,0
659112,1.5555555555555556,0
659147,1.0833333333333333,0
659205,1.3472222222222223,0
659251,1.25,0
659400,1.2777777777777777,0
659419,1.2916666666666667,0
659481,1.5555555555555554,0
659536,1.8194444444444444,0
659607,1.513888888888889,0
659637,1.5,0
659767,1.4166666666666667,0
659781,1.25,0
659882,1.1666666666666667,1
659967,1.8333333333333333,0
660030,1.3333333333333333,0
660047,1.5833333333333333,0
660119,1.75,0
660178,1.4444444444444444,0
660197,0.9444444444444445,0
660294,1.361111111111111,0
660376,1.0694444444444444,0
660395,1.6666666666666667,0
660436,1.3333333333333333,0
660457,1.375,0
660554,0.8888888888888888,0
660684,1.4166666666666667,0
660768,1.5833333333333333,0
660922,1.0,0
660958,1.486111111111111,0
661035,0.6666666666666666,0
661050,1.5833333333333333,0
661054,0.9444444444444443,0
661069,0.5555555555555555,1
661088,1.388888888888889,0
661118,1.7222222222222223,0
661150,1.7083333333333333,0
661193,1.152777777777778,0
661274,1.0833333333333333,0
661321,1.4583333333333333,0
661411,1.388888888888889,0
661451,1.3194444444444444,0
661469,1.6666666666666667,0
661487,1.8194444444444444,0
661502,1.8333333333333333,0
661587,0.9722222222222223,0
661708,0.6666666666666666,0
661744,1.027777777777778,0
662022,1.7222222222222223,0
662045,5.92,0
662164,1.4583333333333333,0
662166,1.3472222222222223,0
662209,1.25,0
662268,1.1666666666666667,0
662272,0.7777777777777778,0
662380,1.361111111111111,0
662406,1.361111111111111,0
662521,1.2083333333333333,0
662594,1.125,0
662665,1.6666666666666667,0
662750,1.3333333333333333,0
662848,1.625,0
662880,1.5833333333333333,0
662934,6.4,0
662936,1.0555555555555556,0
662973,1.0,0
663062,1.5833333333333333,0
663067,2.0833333333333335,0
663133,1.3333333333333333,0
663150,2.1666666666666665,0
663213,2.56,0
663270,1.3333333333333333,0
663343,1.6666666666666667,0
663382,1.1111111111111112,0
663402,1.2916666666666667,0
663416,1.3472222222222223,0
663422,1.4166666666666667,0
663513,1.6666666666666667,0
663514,1.4166666666666667,0
663521,1.0,0
663573,5.68,0
663719,1.5833333333333333,0
663757,1.1666666666666667,1
663918,1.3194444444444444,0
664008,0.5555555555555555,0
664034,1.5,1
664052,1.8333333333333333,0
664054,1.486111111111111,0
664062,1.2638888888888888,0
664084,1.6111111111111114,0
664112,1.4444444444444444,0
664277,1.25,0
664379,1.4583333333333333,0
664493,1.4444444444444444,0
664666,1.5416666666666667,0
664684,5.4399999999999995,0
664705,1.097222222222222,0
664737,1.25,0
664759,0.9722222222222222,0
664771,1.1111111111111112,0
664799,1.4583333333333333,0
664856,1.5416666666666667,0
665024,1.277777777777778,0
665100,1.152777777777778,0
665467,0.75,0
665548,1.0555555555555556,0
665646,1.0,0
665679,1.1666666666666667,0
665701,1.0,0
665890,1.4166666666666667,0
666189,1.92,0
666222,1.25,0
666301,1.5833333333333333,0
666337,1.111111111111111,0
666381,1.5,0
666417,1.1111111111111112,0
666473,1.388888888888889,0
666504,1.611111111111111,0
666556,1.25,0
666572,0.9166666666666666,0
666597,1.1944444444444444,0
666608,1.5,0
666667,1.111111111111111,0
666680,0.7777777777777777,0
666702,0.8333333333333334,1
666761,0.15277777777777776,1
666877,1.277777777777778,0
666878,1.1666666666666667,0
666933,1.4305555555555556,0
666952,1.0,0
667041,1.5555555555555554,0
667117,0.888888888888889,0
667262,1.4166666666666667,0
667275,0.875,0
667293,1.1111111111111112,0
667314,1.75,1
667341,1.0833333333333333,0
667517,1.52,0
667615,0.6805555555555555,0
667634,1.4166666666666667,0
667692,1.5833333333333333,0
667767,1.5833333333333333,0
667781,1.222222222222222,0
667860,0.75,0
667901,1.388888888888889,0
667974,1.4444444444444444,0
668000,1.4166666666666667,0
668020,1.3333333333333333,0
668136,1.5277777777777777,0
668213,0.9722222222222222,0
668235,2.56,0
668253,1.0,0
668510,1.4166666666666667,0
668576,1.5416666666666667,0
668599,1.6944444444444444,0
668624,1.1111111111111112,0
668692,1.1666666666666667,0
668843,1.0694444444444444,0
668865,1.375,0
668959,1.486111111111111,0
668968,1.7600000000000002,0
668970,2.56,0
669065,1.25,0
669066,1.3333333333333333,0
669222,1.3472222222222223,0
669368,1.1944444444444444,0
669373,1.4166666666666667,0
669501,1.1666666666666667,0
669810,1.2777777777777777,0
669812,1.6666666666666667,0
669890,1.0555555555555556,0
669894,1.75,0
669978,1.5,0
670000,1.4166666666666667,0
670002,1.125,0
670040,0.8888888888888888,0
670131,0.875,0
670210,1.4166666666666667,0
670215,1.0,0
670289,0.7777777777777778,0
670294,1.4305555555555554,0
670371,1.0,0
670430,1.3333333333333333,0
670606,1.5,0
670666,1.3333333333333333,0
670751,2.0833333333333335,0
670817,1.5416666666666667,0
670836,0.625,1
670939,6.720000000000001,0
670985,1.4583333333333333,0
671077,1.1666666666666667,0
671115,1.5972222222222223,0
671119,1.888888888888889,0
671173,1.0694444444444444,0
671368,1.6111111111111114,0
671383,1.375,0
671528,1.111111111111111,0
671534,1.722222222222222,0
671628,1.5416666666666667,0
671639,1.75,0
671764,6.0,0
671803,1.1666666666666667,0
671849,1.1111111111111112,0
671911,0.9861111111111112,0
671928,1.1111111111111112,0
671933,1.4166666666666667,0
672039,1.5,0
672089,1.4166666666666667,0
672170,0.888888888888889,0
672236,1.5555555555555554,0
672308,1.4444444444444444,0
672336,1.4166666666666667,0
672395,0.6805555555555555,0
672430,1.5,0
672431,1.2222222222222223,0
672570,1.7777777777777777,0
672600,1.3333333333333333,0
672649,3.84,0
672781,1.2222222222222223,0
672893,1.111111111111111,0
672904,1.6666666666666667,0
673054,1.5833333333333333,0
673192,1.8333333333333333,0
673301,1.5416666666666667,0
673399,1.4166666666666667,0
673401,0.9305555555555555,0
673424,1.2777777777777777,0
673492,4.0,0
673934,0.9444444444444443,0
674118,1.4444444444444446,0
674281,1.2638888888888888,0
674327,1.5,0
674394,1.4305555555555556,0
674462,1.9027777777777777,0
674497,1.1111111111111112,0
674637,5.92,0
674689,0.9166666666666666,0
674738,1.1111111111111112,1
674781,1.25,0
674805,1.5833333333333333,0
674876,0.5555555555555556,0
674933,4.640000000000001,0
675057,1.388888888888889,0
675104,1.222222222222222,0
675106,1.25,0
675204,1.6666666666666667,0
675243,1.4583333333333333,0
675385,1.4166666666666667,0
675405,1.25,0
675409,1.638888888888889,0
675442,1.0833333333333333,0
675457,1.3333333333333333,0
675506,1.28,0
675516,1.5833333333333333,0
675535,1.388888888888889,0
675538,1.222222222222222,0
675541,1.125,0
675616,1.25,0
675651,1.0416666666666667,0
675848,1.8055555555555556,0
675879,7.2,0
675936,1.4166666666666667,0
675956,1.5833333333333333,0
676203,1.25,0
676289,1.5,0
676371,0.2777777777777778,0
676376,1.4305555555555554,0
676406,1.5555555555555554,0
676408,0.7777777777777778,0
676409,1.5416666666666667,0
676585,0.625,0
676622,1.5,0
676639,1.2083333333333333,0
676669,1.888888888888889,0
676873,2.0,0
676877,1.3333333333333333,0
676941,1.4166666666666667,0
677045,1.3333333333333333,0
677141,1.1944444444444444,0
677174,1.4166666666666667,0
677213,1.486111111111111,0
677217,1.5833333333333333,0
677218,1.1666666666666667,1
677322,1.597222222222222,1
677329,1.3194444444444444,0
677335,4.32,0
677404,1.0555555555555556,0
677435,1.6111111111111114,0
677513,1.0555555555555556,0
677527,1.1944444444444444,0
677560,1.1666666666666667,0
677606,1.638888888888889,0
677695,1.6666666666666667,0
677704,1.1111111111111112,0
677717,1.0,0
677751,1.4444444444444446,0
677963,1.0,0
677976,1.0,1
678205,1.375,0
678217,0.3055555555555555,0
678243,1.8194444444444444,0
678341,1.4444444444444446,0
678454,1.888888888888889,0
678460,1.0555555555555556,0
678493,1.277777777777778,0
678514,1.111111111111111,0
678603,0.9166666666666666,0
678616,2.1666666666666665,0
678722,1.1666666666666667,0
678786,1.7222222222222223,0
678837,1.1111111111111112,0
678925,1.0694444444444444,0
678967,1.6666666666666667,0
679075,1.2916666666666667,0
679253,0.875,0
679311,1.4166666666666667,0
679414,0.611111111111111,0
679437,1.0694444444444444,0
679485,1.3194444444444444,0
679531,1.0694444444444444,1
679607,1.3333333333333333,0
679609,1.4166666666666667,0
679623,1.513888888888889,0
679638,1.6944444444444444,0
679859,1.222222222222222,0
679908,1.0555555555555556,0
680181,1.388888888888889,0
680379,1.2083333333333333,0
680444,1.4166666666666667,0
680445,1.1666666666666667,0
680565,1.1666666666666667,0
680569,1.6666666666666667,0
680581,1.222222222222222,0
680738,0.9722222222222222,0
680839,1.277777777777778,0
680886,1.8055555555555556,0
680945,1.2,0
681032,1.1111111111111112,0
681250,1.5,0
681270,1.6666666666666667,0
681309,1.5277777777777777,0
681328,0.75,0
681399,1.5833333333333333,0
681593,0.3055555555555555,0
681649,1.5,0
681722,1.75,0
681785,1.4305555555555556,0
681822,1.5,0
681887,1.8333333333333333,0
681921,1.3055555555555556,0
681984,1.6666666666666667,0
682103,1.4166666666666667,0
682194,1.2638888888888888,0
682288,1.4583333333333333,0
682308,1.222222222222222,0
682356,1.0,0
682419,1.1666666666666667,0
682521,1.111111111111111,1
682528,2.125,0
682571,1.1666666666666667,1
682654,1.625,1
682707,1.0694444444444444,0
682709,0.875,0
682813,1.1111111111111112,0
682819,1.638888888888889,0
682826,1.8333333333333333,0
682840,0.9166666666666666,0
682979,1.2777777777777777,0
683126,1.388888888888889,0
683239,0.875,1
683288,0.5555555555555556,1
683356,1.5555555555555556,0
683361,1.277777777777778,0
683470,1.5,0
683485,1.4305555555555556,0
683487,1.6111111111111114,0
683503,1.611111111111111,0
683660,1.7777777777777777,0
683699,1.5,0
683751,1.6805555555555556,0
683791,1.6805555555555556,0
683838,0.5833333333333334,0
683901,1.3333333333333333,0
683909,0.32,0
683910,1.5555555555555556,0
683920,1.111111111111111,0
684022,1.2916666666666667,0
684123,1.277777777777778,0
684133,1.222222222222222,0
684155,1.1666666666666667,0
684201,1.5972222222222223,0
684305,1.1666666666666667,0
684371,1.8333333333333333,0
684386,1.0,0
684491,1.486111111111111,0
684691,1.75,0
684776,0.9166666666666666,0
684826,1.5833333333333333,0
684881,1.1527777777777777,0
684889,0.875,0
684934,0.9166666666666666,1
685171,0.9722222222222222,0
685208,1.0555555555555556,0
685314,1.3333333333333333,0
685346,1.388888888888889,0
685375,1.0555555555555556,0
685408,1.722222222222222,0
685518,1.1666666666666667,1
685533,1.7222222222222223,0
685546,1.0,0
685608,1.25,0
685683,1.0,0
685720,1.277777777777778,0
685792,0.3055555555555555,1
685982,0.7916666666666666,0
686031,1.2916666666666667,0
686044,1.7222222222222223,0
686059,1.6666666666666667,0
686196,1.375,0
686220,1.7222222222222223,0
686223,6.4,0
686224,1.277777777777778,0
686232,0.8333333333333334,0
686371,1.92,0
686397,5.12,0
686471,0.875,0
686509,0.32,0
686555,1.125,0
686561,4.8,0
686709,1.2222222222222223,0
686728,6.0,0
686769,0.75,0
686783,1.25,0
686838,1.4166666666666667,0
687170,0.7777777777777778,0
687186,1.4305555555555554,0
687199,1.1527777777777777,0
687262,1.4444444444444444,0
687401,1.5416666666666667,0
687412,1.25,0
687463,1.3333333333333333,0
687525,2.0,0
687533,1.7083333333333333,0
687589,1.3333333333333333,0
687639,0.9583333333333334,0
687748,0.625,0
687820,1.3333333333333333,0
687895,1.3333333333333333,0
687962,1.1666666666666667,0
688058,1.3333333333333333,0
688139,1.28,0
688168,1.5,0
688178,1.1666666666666667,0
688319,1.2916666666666667,0
688410,1.3055555555555556,0
688524,1.2222222222222223,0
688533,1.5,0
688557,1.125,0
688627,1.4166666666666667,0
688691,1.111111111111111,0
688748,0.75,1
688820,1.0,0
688891,7.359999999999999,0
689000,1.2638888888888888,0
689112,1.0555555555555556,0
689275,1.25,0
689353,1.277777777777778,0
689389,0.7916666666666666,0
689440,1.222222222222222,0
689459,1.3333333333333333,0
689477,1.5833333333333333,0
689818,1.3888888888888886,0
689839,6.720000000000001,0
689909,1.0,0
689912,1.4444444444444444,0
689981,1.5972222222222223,0
690029,0.9722222222222223,0
690191,2.4799999999999995,0
690199,1.25,0
690494,1.1666666666666667,0
690554,1.277777777777778,0
690563,0.7777777777777777,0
690637,1.0,0
690641,0.75,0
690671,1.152777777777778,0
690776,0.6944444444444445,0
690797,1.2916666666666667,0
690862,1.4166666666666667,0
690866,1.3333333333333333,0
690890,1.5416666666666667,0
690916,1.222222222222222,0
690969,1.0555555555555556,0
690970,1.0,0
690971,0.888888888888889,0
691077,5.840000000000001,0
691220,1.111111111111111,0
691262,1.388888888888889,0
691332,1.28,0
691520,1.25,0
691542,1.3333333333333333,0
691626,5.12,0
691645,8.32,0
691700,1.5,0
691761,1.0833333333333333,0
691909,1.5,0
692096,1.2638888888888888,0
692129,1.125,0
692151,1.3333333333333333,0
692252,1.1666666666666667,0
692275,0.875,0
692304,1.3055555555555556,0
692328,1.277777777777778,0
692535,1.4166666666666667,0
692628,1.44,0
692671,1.5,0
692685,1.1111111111111112,0
692729,1.222222222222222,0
692856,0.32,0
692992,1.1805555555555556,0
693045,0.4583333333333333,0
693133,1.2777777777777777,0
693138,1.5,0
693196,1.75,0
693212,1.1666666666666667,0
693238,1.6666666666666667,0
693256,1.5,0
693295,0.8333333333333334,0
693372,1.25,0
693494,0.6944444444444445,0
693528,0.27777777777777773,0
693608,1.25,0
693625,2.055555555555556,0
693659,1.736111111111111,0
693665,1.388888888888889,0
693791,1.2916666666666667,0
693852,1.5694444444444444,0
693913,1.0,0
693922,1.5,0
694021,2.56,0
694158,1.3472222222222223,0
694168,1.125,1
694241,1.4444444444444444,0
694388,1.0555555555555556,0
694472,1.3611111111111114,0
694497,1.5,0
694512,1.25,0
694723,1.1666666666666667,0
694743,1.0,0
694757,1.4166666666666667,0
694828,1.6527777777777777,0
694915,0.9166666666666666,0
694942,1.4444444444444444,0
695076,1.277777777777778,0
695107,1.1527777777777777,0
695162,1.0,1
695250,1.3333333333333333,0
695342,0.625,0
695428,1.125,0
695529,2.0,0
695624,1.5,0
695686,1.027777777777778,0
695855,1.5416666666666667,0
695878,1.5,0
695965,3.84,0
695978,1.5,0
695987,0.9722222222222222,0
696090,1.4444444444444446,0
696096,1.25,0
696199,1.5833333333333333,0
696329,1.5,0
696431,1.75,0
696444,1.111111111111111,0
696486,1.75,0
696502,1.5555555555555556,0
696504,0.9166666666666666,0
696577,0.96,0
696609,1.513888888888889,0
696826,0.8333333333333334,0
696864,1.5416666666666667,0
696897,0.64,0
697029,1.638888888888889,0
697091,1.0694444444444444,0
697162,5.92,0
697169,1.4444444444444444,0
697272,0.75,0
697356,1.3333333333333333,0
697393,0.9166666666666666,1
697477,0.8472222222222222,0
697680,1.4583333333333333,0
697766,1.4166666666666667,0
697837,1.3888888888888886,0
697905,1.5,0
698072,1.0,0
698122,1.2222222222222223,0
698242,1.486111111111111,0
698390,1.2222222222222223,0
698395,1.5555555555555556,0
698443,1.4444444444444444,0
698505,1.597222222222222,0
698510,1.277777777777778,0
698546,0.7777777777777778,0
698573,2.069444444444444,0
698647,1.111111111111111,0
698932,0.75,1
698988,1.222222222222222,0
699194,3.84,0
699243,1.5833333333333333,0
699281,1.125,1
699343,1.5,0
699397,1.3472222222222223,0
699511,1.5555555555555556,0
699739,1.263888888888889,0
699750,1.2916666666666667,0
699751,0.9444444444444443,0
699875,1.388888888888889,0
699962,1.361111111111111,0
700096,1.513888888888889,0
700145,1.6111111111111114,0
700207,1.7083333333333333,0
700225,1.75,0
700245,1.6944444444444444,0
700260,1.125,0
700276,1.3333333333333333,0
700286,0.9722222222222223,0
700335,1.5555555555555556,0
700343,1.222222222222222,0
700430,1.5,0
700474,0.15277777777777776,0
700497,0.8333333333333334,0
700566,4.640000000000001,0
700650,1.2916666666666667,1
700705,1.2638888888888888,0
700731,1.5555555555555556,1
700748,1.4722222222222223,0
700770,1.5,0
700871,1.5,0
700918,1.4166666666666667,0
700924,1.3333333333333333,0
701012,4.8,0
701036,1.0694444444444444,0
701216,1.0694444444444444,0
701223,1.3333333333333333,0
701235,0.875,0
701308,1.2638888888888888,0
701391,0.6944444444444443,0
701485,1.5833333333333333,0
701617,1.1666666666666667,0
701622,1.6666666666666667,0
701645,4.640000000000001,0
701792,1.0,1
701803,1.5,0
701954,1.1666666666666667,0
702005,4.96,0
702048,1.3333333333333333,0
702147,1.222222222222222,0
702161,0.4583333333333333,0
702257,1.4166666666666667,0
702269,1.361111111111111,0
702284,1.125,0
702327,1.0833333333333333,0
702406,1.513888888888889,0
702478,1.9305555555555556,0
702482,0.9166666666666666,0
702493,1.5,1
702522,1.5,0
702528,1.75,0
702542,1.3333333333333333,0
702588,1.0,0
702677,1.4583333333333333,0
702686,7.840000000000001,0
702746,1.5555555555555556,0
702800,1.638888888888889,0
702809,1.0,0
702863,1.75,0
702868,1.2916666666666667,0
702884,1.3194444444444444,0
702915,1.5833333333333333,0
703104,0.9861111111111112,0
703109,1.4305555555555556,0
703249,0.4583333333333333,0
703374,0.7777777777777778,0
703505,1.388888888888889,0
703507,1.5555555555555556,0
703621,0.8333333333333334,0
703711,1.75,0
703804,1.0,0
703852,1.375,1
703937,1.361111111111111,0
704074,1.3333333333333333,0
704112,0.8333333333333334,0
704149,1.0694444444444444,0
704150,1.0416666666666667,0
704267,1.1666666666666667,0
704270,1.888888888888889,0
704423,1.5,0
704559,1.1666666666666667,0
704600,1.8333333333333333,0
704603,1.0555555555555556,0
704607,0.7777777777777778,1
704709,1.4444444444444444,0
704835,1.0972222222222223,0
704967,1.611111111111111,0
704968,1.5833333333333333,0
705006,1.611111111111111,0
705020,1.388888888888889,0
705113,1.222222222222222,0
705196,1.5,0
705243,1.2916666666666667,0
705262,1.5,0
705353,1.2916666666666667,0
705453,1.0833333333333333,0
705496,1.513888888888889,0
705589,1.5,0
705641,1.2777777777777777,0
705806,8.959999999999999,0
705911,1.4166666666666667,0
705980,1.388888888888889,0
706007,1.3333333333333333,0
706106,1.3194444444444444,0
706125,1.125,0
706497,1.4166666666666667,0
706510,1.1111111111111112,0
706792,0.9166666666666666,0
706820,1.763888888888889,0
706884,1.5555555555555554,1
706918,1.5,0
706962,1.8472222222222223,0
707017,1.222222222222222,0
707023,1.0555555555555556,0
707042,1.2638888888888888,0
707114,1.25,0
707146,1.5833333333333333,0
707152,0.4166666666666667,0
707273,1.0694444444444444,1
707276,0.875,0
707424,0.875,0
707470,1.611111111111111,0
707513,1.138888888888889,0
707557,1.75,0
707588,1.2222222222222223,0
707592,3.8400000000000007,0
707698,0.8333333333333334,0
707699,1.75,0
707716,1.1805555555555556,0
707754,1.3472222222222223,0
707869,1.1666666666666667,0
707967,0.9861111111111112,0
707974,0.875,0
708020,1.361111111111111,0
708160,1.638888888888889,0
708210,0.8333333333333334,0
708230,1.388888888888889,0
708258,1.6805555555555556,0
708271,1.486111111111111,0
708337,1.1666666666666667,0
708343,1.5,0
708360,1.3333333333333333,0
708373,1.2638888888888888,0
708458,5.92,0
708519,1.7916666666666667,0
708539,0.9444444444444443,0
708566,1.0694444444444444,0
708634,1.777777777777778,0
708654,1.4444444444444444,0
708692,1.4027777777777777,0
708807,1.388888888888889,0
708892,1.222222222222222,0
708933,1.28,0
708982,1.4583333333333333,0
709059,1.28,0
709123,1.25,0
709238,1.4444444444444444,0
709279,1.3194444444444444,0
709385,1.0833333333333333,0
709415,1.1111111111111112,0
709472,1.4583333333333333,0
709479,1.25,1
709499,1.3333333333333333,0
709550,1.611111111111111,0
709566,1.6805555555555556,0
709595,1.7222222222222223,0
709656,5.279999999999999,0
709659,1.611111111111111,0
709724,1.7083333333333333,0
709726,1.125,0
709747,1.2916666666666667,0
709920,1.5555555555555556,0
709948,1.3333333333333333,0
709982,1.8333333333333333,0
710005,0.8888888888888888,0
710029,0.6666666666666666,0
710053,2.0555555555555554,0
710069,1.611111111111111,0
710115,1.2777777777777777,0
710255,1.5,0
710364,1.4305555555555556,0
710515,1.28,0
710598,4.64,0
711214,1.3333333333333333,0
711248,1.5,0
711263,0.611111111111111,0
711363,1.92,0
711490,1.25,0
711500,1.28,0
711510,1.25,0
711541,1.7222222222222223,0
711552,1.1666666666666667,0
711565,1.3333333333333333,0
711567,1.513888888888889,0
711571,0.8333333333333334,1
711577,0.611111111111111,0
711625,1.388888888888889,0
711680,1.0,0
711795,1.5694444444444444,0
711823,1.5416666666666667,0
711853,1.2,0
711864,1.0,0
711874,1.513888888888889,0
712026,1.7222222222222223,0
712062,1.1111111111111112,0
712114,3.8400000000000007,0
712130,1.6805555555555556,0
712236,1.125,0
712248,1.1666666666666667,0
712362,1.0,0
712426,2.0,0
712521,1.9444444444444444,0
712584,8.8,0
712590,1.9200000000000004,0
712605,1.5416666666666667,0
712636,0.9166666666666666,1
713039,0.625,0
713085,1.4166666666666667,0
713094,1.5,0
713132,1.222222222222222,0
713236,0.888888888888889,0
713257,1.0,0
713299,6.4,0
713329,1.4305555555555554,0
713406,1.8399999999999999,0
713423,1.1666666666666667,0
713465,1.5,0
713520,0.15277777777777776,1
713580,1.4166666666666667,0
713636,1.3472222222222223,0
713831,1.1111111111111112,0
713853,1.5972222222222223,0
713981,1.125,1
713998,1.0555555555555556,0
714121,1.361111111111111,0
714163,6.08,0
714206,1.2638888888888888,0
714270,1.75,0
714316,6.4,0
714379,0.8888888888888888,0
714536,1.2916666666666667,0
714555,1.25,0
714757,1.1666666666666667,0
714825,1.8333333333333333,0
714939,1.25,0
714944,0.5,0
714962,1.222222222222222,0
715015,0.9444444444444443,0
715184,0.7777777777777778,0
715255,0.9722222222222222,0
715271,1.2083333333333333,0
715300,1.3194444444444444,0
715369,0.9305555555555557,0
715462,1.763888888888889,0
715514,1.625,0
715555,0.5555555555555556,1
715640,1.9444444444444446,0
715645,1.4166666666666667,0
715668,0.3055555555555555,1
715678,1.0694444444444444,0
715689,1.5416666666666667,0
715764,1.125,0
715792,1.2222222222222223,1
715817,1.1944444444444444,0
715947,1.513888888888889,0
716019,0.15277777777777776,0
716068,1.1666666666666667,0
716197,5.12,0
716236,1.111111111111111,1
716294,1.0,0
716360,1.222222222222222,0
716362,1.4305555555555556,0
716393,1.6805555555555556,0
716533,1.6805555555555556,0
716548,1.6527777777777777,0
716589,0.75,0
716690,1.513888888888889,0
716750,1.25,0
716785,1.3194444444444444,0
716812,1.5,0
716863,1.486111111111111,0
716932,1.125,0
716948,1.8333333333333333,0
716961,1.5,0
717026,1.5416666666666667,0
717100,1.888888888888889,0
717150,1.027777777777778,0
717229,1.0,0
717232,1.9444444444444444,0
717308,1.5277777777777777,1
717407,1.3333333333333333,0
717459,1.0555555555555556,0
717521,1.3333333333333333,0
717565,1.75,0
717632,1.1666666666666667,0
717660,1.277777777777778,0
717700,2.0,0
717762,1.375,0
717780,1.513888888888889,0
717806,1.25,0
717891,1.0,0
718029,1.6666666666666667,0
718031,1.6666666666666667,0
718227,0.8888888888888888,0
718409,1.6666666666666667,0
718491,1.111111111111111,0
718516,1.125,0
718655,2.56,0
718745,1.7083333333333333,0
718752,1.7083333333333333,0
718764,1.6666666666666667,0
718887,0.8888888888888888,0
718922,1.763888888888889,0
718962,1.513888888888889,0
718972,1.388888888888889,0
719135,1.0555555555555556,0
719192,1.25,0
719213,1.5,0
719242,1.263888888888889,0
719383,1.6666666666666667,0
719673,1.388888888888889,0
719706,1.3333333333333333,0
719736,1.388888888888889,0
719824,1.3888888888888886,0
720007,1.5833333333333333,0
720079,1.125,0
720197,1.2222222222222223,0
720300,1.6666666666666667,1
720465,1.4444444444444444,0
720514,1.5,0
720557,1.5416666666666667,0
720626,0.48,0
720765,1.222222222222222,0
720939,1.6527777777777777,0
721088,1.1666666666666667,0
721225,1.4444444444444444,0
721300,0.6805555555555555,0
721366,6.720000000000001,0
721372,1.0,0
721377,1.5833333333333333,0
721406,0.9722222222222222,0
721423,1.5416666666666667,0
721437,1.111111111111111,0
721438,0.9166666666666666,0
721456,0.6944444444444445,0
721494,0.8888888888888888,0
721664,1.111111111111111,0
721688,1.0416666666666667,0
721707,1.75,0
721713,0.8888888888888888,0
721786,0.9722222222222222,0
721973,1.6666666666666667,0
721984,1.4583333333333333,0
722003,1.388888888888889,0
722089,1.6111111111111114,0
722120,1.361111111111111,0
722169,1.027777777777778,0
722324,1.277777777777778,0
722368,1.3055555555555556,0
722399,1.152777777777778,0
722518,1.25,0
722538,1.6666666666666667,0
722566,1.3333333333333333,0
722629,1.7916666666666667,0
722976,1.0694444444444444,0
722988,1.5694444444444444,0
723015,1.1666666666666667,0
723055,1.388888888888889,0
723061,1.1666666666666667,0
723091,1.8472222222222223,0
723112,1.9027777777777777,0
723186,0.875,0
723298,1.1666666666666667,0
723347,1.8888888888888886,0
723457,2.3200000000000003,0
723476,1.6111111111111114,0
723591,1.638888888888889,0
723672,1.1666666666666667,0
723691,1.3194444444444444,0
723707,0.3055555555555555,0
723820,1.8333333333333333,0
723912,6.159999999999999,0
723968,1.277777777777778,0
723978,1.1666666666666667,0
724028,1.1111111111111112,0
724033,1.0555555555555556,0
724071,0.32,0
724139,1.3333333333333333,0
724168,1.125,0
724222,1.1388888888888888,0
724272,1.0833333333333333,0
724378,0.875,0
724414,1.3611111111111114,0
724424,1.0,0
724435,1.388888888888889,0
724626,1.2638888888888888,0
724660,1.638888888888889,0
724720,1.625,0
724723,1.027777777777778,0
724781,0.5555555555555555,0
724818,1.388888888888889,0
724979,1.1666666666666667,1
724987,1.5833333333333333,0
724989,1.736111111111111,0
725086,1.611111111111111,0
725100,1.277777777777778,0
725120,1.2222222222222223,0
725129,1.25,0
725182,1.3333333333333333,0
725294,1.4166666666666667,0
725326,1.597222222222222,0
725413,1.125,0
725510,1.3055555555555556,0
725575,1.3333333333333333,0
725705,1.611111111111111,0
725795,1.2916666666666667,0
725807,1.3472222222222223,0
725835,2.111111111111111,0
726065,1.4444444444444444,0
726139,1.6666666666666667,0
726268,0.6666666666666666,0
726309,0.611111111111111,0
726499,1.513888888888889,0
726544,0.875,0
726684,1.4166666666666667,0
726688,1.3472222222222223,0
726701,1.027777777777778,0
726732,1.5,1
726735,1.0,0
726848,1.388888888888889,0
726873,1.4305555555555554,0
726932,1.9305555555555556,0
727053,0.6111111111111112,1
727091,6.08,0
727095,1.388888888888889,0
727175,1.25,0
727348,1.75,0
727415,1.5,0
727428,1.4583333333333333,0
727446,1.4444444444444444,0
727497,0.763888888888889,0
727507,0.5555555555555555,0
727573,1.513888888888889,0
727595,1.0,0
727648,1.722222222222222,0
727847,1.0833333333333333,0
727873,1.4583333333333333,0
728021,1.5833333333333333,0
728043,1.6805555555555556,0
728085,0.9166666666666666,0
728135,0.8888888888888888,1
728228,1.777777777777778,0
728302,1.861111111111111,0
728316,0.875,1
728486,1.5833333333333333,0
728563,0.6944444444444445,0
728568,1.375,0
728586,0.96,0
728655,1.5,0
728679,0.875,0
728748,0.875,0
728818,1.5,1
728837,1.25,0
729084,1.6666666666666667,0
729094,1.3333333333333333,0
729154,1.125,0
729161,1.125,0
729173,1.1666666666666667,0
729205,1.0833333333333333,0
729394,1.152777777777778,0
729518,1.611111111111111,0
729537,0.7777777777777778,0
729561,2.4799999999999995,0
729581,1.5833333333333333,0
729677,1.4305555555555556,0
729762,0.64,0
729805,1.4166666666666667,1
730088,1.4166666666666667,0
730214,1.5,0
730246,1.5555555555555556,0
730370,3.28,0
730388,1.0555555555555556,0
730641,1.7222222222222223,0
730715,0.9444444444444445,0
730726,0.875,0
730737,1.611111111111111,0
730742,1.4583333333333333,0
730748,0.7777777777777778,1
730771,0.7777777777777778,0
731001,0.7777777777777778,0
731160,1.111111111111111,0
731238,1.5555555555555556,0
731494,1.2638888888888888,0
731510,1.3333333333333333,0
731540,1.3333333333333333,0
731593,1.1666666666666667,0
731696,1.1805555555555556,0
731819,1.2916666666666667,0
731958,0.64,0
732009,1.0555555555555556,0
732013,0.9444444444444443,0
732081,0.9166666666666666,0
732113,1.5,0
732144,1.6666666666666667,0
732213,1.0416666666666667,0
732231,1.1111111111111112,0
732304,6.08,0
732362,1.5833333333333333,0
732368,1.3333333333333333,0
732488,1.0833333333333333,0
732524,1.2083333333333333,0
732602,0.9722222222222222,0
732606,1.0,0
732694,1.5833333333333333,0
732808,1.75,0
732813,1.0555555555555556,0
732863,1.027777777777778,0
733046,1.388888888888889,0
733096,1.25,0
733181,1.4444444444444444,0
733226,1.0,1
733324,1.0,0
733350,1.5277777777777777,0
733370,1.611111111111111,0
733497,4.96,0
733582,1.611111111111111,0
733603,1.5833333333333333,0
733608,1.3333333333333333,0
733627,1.4166666666666667,0
733658,1.0555555555555556,0
733693,1.7083333333333333,0
733746,1.125,0
733889,1.1111111111111112,0
733903,1.1666666666666667,0
733906,1.5833333333333333,0
734035,1.4166666666666667,0
734077,1.5555555555555554,0
734192,1.25,0
734224,6.08,0
734226,0.8333333333333334,1
734307,1.3333333333333333,0
734458,0.7777777777777778,0
734459,1.222222222222222,0
734490,1.4166666666666667,0
734556,0.8333333333333334,1
734647,6.24,0
734727,1.1527777777777777,0
734752,0.9722222222222222,0
734791,1.44,0
734801,1.2222222222222223,0
734824,1.5416666666666667,0
734838,1.4583333333333333,1
734880,1.638888888888889,0
734938,1.111111111111111,1
734952,1.6111111111111114,0
735000,2.6399999999999997,0
735038,1.4166666666666667,0
735263,1.5,0
735266,1.888888888888889,0
735304,0.8333333333333334,0
735341,1.5833333333333333,0
735515,0.9583333333333334,0
735605,0.32,0
735627,1.6805555555555556,0
735666,1.8472222222222223,0
735676,1.111111111111111,0
735770,1.25,0
735790,1.8472222222222223,0
735846,1.5555555555555556,0
735964,1.4583333333333333,0
735966,1.1111111111111112,0
736109,1.75,0
736389,1.5555555555555556,0
736414,1.3333333333333333,0
736459,1.1111111111111112,0
736504,1.0,0
736518,1.1111111111111112,0
736615,0.9166666666666666,1
736646,1.125,0
736685,1.875,0
736829,0.8333333333333334,0
736970,1.222222222222222,0
737221,0.9722222222222223,1
737474,1.1666666666666667,0
737477,1.1805555555555556,0
737509,1.5,0
737519,1.611111111111111,0
737534,1.5,0
737542,1.3333333333333333,0
737604,1.0,0
737755,1.5833333333333333,0
737756,1.5833333333333333,0
737764,1.3194444444444444,0
737791,0.8333333333333334,0
737842,1.1666666666666667,0
737906,1.8055555555555556,0
737940,1.6666666666666667,0
737949,1.0,0
738005,1.6111111111111114,0
738096,1.3333333333333333,0
738141,1.5833333333333333,0
738204,1.7083333333333333,0
738279,1.5,0
738320,1.25,0
738332,1.6666666666666667,0
738427,2.194444444444444,0
738431,1.375,0
738432,1.722222222222222,0
738435,1.0694444444444444,0
738459,0.888888888888889,0
738467,1.6527777777777777,0
738473,1.5833333333333333,1
738597,1.4583333333333333,0
738651,0.875,0
738652,1.8333333333333333,0
738732,1.0,0
738874,0.375,0
739005,1.777777777777778,0
739021,0.9444444444444443,0
739084,1.375,0
739138,1.638888888888889,0
739284,1.111111111111111,0
739345,1.3333333333333333,0
739352,0.8888888888888888,0
739513,4.8,0
739617,1.0,0
739704,1.222222222222222,1
739781,1.125,0
739808,1.6666666666666667,0
739820,1.4166666666666667,0
739933,0.9444444444444443,0
740025,1.736111111111111,0
740063,1.486111111111111,0
740083,0.8611111111111112,0
740090,1.111111111111111,0
740105,1.388888888888889,0
740422,1.736111111111111,0
740577,1.4583333333333333,1
740603,1.388888888888889,0
740608,1.125,0
740703,1.1666666666666667,0
740754,1.4444444444444444,0
740762,1.5,0
740763,1.3333333333333333,0
740814,1.1111111111111112,0
740992,1.75,0
741031,1.75,0
741138,1.0833333333333333,0
741313,1.152777777777778,0
741421,1.0694444444444444,0
741422,1.2916666666666667,0
741428,1.7777777777777777,0
741483,1.0,0
741677,1.2916666666666667,0
741700,1.0,0
741801,1.277777777777778,0
741842,1.25,0
741892,1.5833333333333333,0
742002,1.3333333333333333,0
742009,1.1111111111111112,0
742062,1.5555555555555556,0
742064,0.625,0
742281,1.5555555555555556,0
742319,1.6666666666666667,0
742493,0.9583333333333334,0
742509,1.8333333333333333,0
742612,1.5833333333333333,0
742669,1.5,0
742732,1.5833333333333333,0
742749,1.763888888888889,0
742822,1.1944444444444444,0
742854,1.3333333333333333,0
742886,1.0833333333333333,0
743001,1.1666666666666667,0
743018,1.0833333333333333,0
743121,1.0833333333333333,0
743241,1.3333333333333333,0
743256,1.2638888888888888,0
743263,1.3333333333333333,0
743510,1.0694444444444444,0
743610,1.4583333333333333,0
743734,1.75,0
743766,6.88,0
743768,1.4444444444444444,0
743798,1.6666666666666667,0
743835,1.9444444444444444,0
743849,1.111111111111111,0
743879,1.3194444444444444,0
744117,1.277777777777778,0
744135,1.0833333333333333,0
744138,1.3472222222222223,0
744181,0.7777777777777778,0
744204,1.8333333333333333,0
744234,0.7777777777777778,0
744320,4.8,0
744406,7.5200000000000005,0
744528,1.722222222222222,0
744567,1.777777777777778,0
744608,1.111111111111111,0
744612,1.2222222222222223,0
744675,1.611111111111111,0
744698,2.48,0
744711,6.720000000000001,0
744778,0.5555555555555556,0
744789,6.08,0
744860,1.0,1
745290,1.4305555555555556,0
745354,6.159999999999999,0
745383,3.8400000000000007,0
745420,1.513888888888889,0
745600,1.5833333333333333,1
745636,1.0694444444444444,0
745668,1.4444444444444444,0
745729,1.986111111111111,0
745738,1.5833333333333333,0
745769,1.1111111111111112,0
745792,1.277777777777778,0
745811,1.0,0
745830,1.4166666666666667,0
745901,8.0,0
745908,1.4166666666666667,0
745920,1.5,0
746031,1.611111111111111,0
746060,1.5,0
746061,1.8333333333333333,0
746171,0.2777777777777778,0
746296,1.388888888888889,0
746402,1.1666666666666667,0
746502,4.640000000000001,0
746520,1.5555555555555556,0
746536,1.3472222222222223,0
746554,1.5,0
746677,0.9583333333333334,0
746772,1.7777777777777777,0
746807,1.1666666666666667,0
746837,0.9583333333333334,0
747187,1.0,0
747304,1.4444444444444444,0
747315,1.9166666666666667,0
747339,1.2222222222222223,0
747395,1.4444444444444444,1
747509,1.375,0
747571,1.8055555555555556,0
747578,1.5833333333333333,0
747604,0.763888888888889,0
747609,1.0694444444444444,0
747668,1.277777777777778,0
747681,1.513888888888889,0
747704,1.277777777777778,0
747759,1.722222222222222,0
747926,1.0,0
747939,1.1111111111111112,0
747993,1.125,0
748019,1.222222222222222,0
748033,1.28,0
748055,1.5,0
748198,1.1666666666666667,0
748286,0.7638888888888888,1
748299,1.388888888888889,0
748586,0.6944444444444445,0
748635,1.9166666666666667,0
748649,2.0,0
748682,1.388888888888889,0
748701,1.2916666666666667,0
748717,2.88,0
748810,1.486111111111111,0
748831,0.9722222222222223,1
748890,1.75,0
749033,1.388888888888889,0
749212,1.0,0
749328,1.1111111111111112,0
749430,1.361111111111111,0
749441,1.1666666666666667,0
749459,1.1944444444444444,0
749566,1.28,0
749684,1.5833333333333333,0
749705,0.8333333333333334,0
749801,0.9583333333333334,0
749817,1.125,0
749827,1.3333333333333333,0
749883,1.3472222222222223,0
749972,6.88,0
750130,1.5,0
750152,1.1666666666666667,0
750162,0.611111111111111,0
750171,1.125,0
750199,1.9583333333333333,0
750280,1.4166666666666667,0
750300,1.4305555555555556,0
750324,1.6666666666666667,0
750384,0.9722222222222222,0
750454,0.875,0
750457,0.9166666666666666,0
750649,2.0,0
750665,1.1666666666666667,0
750688,1.5,0
750710,1.5,0
750739,1.1111111111111112,0
750776,0.9722222222222223,1
750862,1.277777777777778,0
750955,1.0694444444444444,0
750974,1.25,0
751223,0.9166666666666666,0
751351,0.7777777777777778,0
751594,0.6944444444444443,0
751602,0.875,0
751612,1.277777777777778,0
751628,1.5,0
751664,1.5,0
751718,0.7222222222222223,0
751779,1.4305555555555554,0
751820,1.5,0
751823,1.125,0
751824,1.6666666666666667,0
751829,1.4444444444444444,0
751990,1.388888888888889,0
752047,1.6800000000000002,0
752107,1.486111111111111,0
752140,1.0555555555555556,0
752217,1.0833333333333333,0
752259,1.5,0
752274,1.0555555555555556,0
752331,1.2222222222222223,0
752462,1.361111111111111,0
752548,1.4444444444444444,0
752580,1.25,0
752609,1.513888888888889,1
752663,1.5555555555555556,0
752688,1.1666666666666667,0
752704,1.375,0
752729,1.777777777777778,0
752826,1.513888888888889,0
752874,1.25,0
753038,0.9444444444444443,0
753089,1.5555555555555556,0
753141,3.04,0
753149,0.875,0
753219,1.3333333333333333,0
753306,0.5555555555555555,1
753452,1.5416666666666667,0
753456,1.486111111111111,0
753473,1.9166666666666667,0
753533,1.625,0
753637,1.2916666666666667,0
753814,1.8472222222222223,0
753887,1.2916666666666667,0
753987,1.611111111111111,0
753994,1.7222222222222223,0
754042,0.5555555555555555,0
754175,0.9722222222222222,0
754264,1.6666666666666667,0
754292,1.4444444444444444,0
754338,1.4166666666666667,0
754416,1.388888888888889,0
754436,1.4166666666666667,0
754517,1.25,0
754539,1.222222222222222,0
754599,1.375,0
754774,1.5833333333333333,0
755014,1.527777777777778,0
755070,1.125,0
755073,1.5,0
755082,1.6111111111111114,0
755276,1.4444444444444444,0
755290,1.3472222222222223,0
755337,1.3333333333333333,0
755362,1.388888888888889,0
755367,1.0555555555555556,0
755374,1.1666666666666667,0
755406,1.0,0
755533,1.5,0
755538,1.3333333333333333,0
755668,1.125,0
755759,1.5833333333333333,0
755867,0.9166666666666666,0
755977,1.125,0
756065,1.125,0
756317,1.4583333333333333,0
756341,1.1666666666666667,0
756355,1.75,0
756481,1.5555555555555556,0
756496,1.75,0
756515,1.3472222222222223,0
756543,1.5416666666666667,0
756636,0.611111111111111,1
756646,1.1666666666666667,0
756668,1.6666666666666667,0
756791,2.069444444444444,0
756833,1.4583333333333333,0
756862,1.1111111111111112,0
756867,1.388888888888889,0
756891,1.0555555555555556,0
756892,1.0694444444444444,0
756907,1.736111111111111,0
756928,1.4444444444444444,0
756929,1.4166666666666667,0
756967,0.888888888888889,0
757010,0.9305555555555555,0
757041,1.388888888888889,0
757047,1.0833333333333333,0
757270,0.9166666666666666,1
757387,1.0833333333333333,0
757420,1.7777777777777777,0
757446,1.3333333333333333,0
757547,1.6666666666666667,0
757634,1.5,0
757691,1.4444444444444444,0
757696,0.5555555555555555,0
757834,1.3194444444444444,0
757879,1.8333333333333333,0
757885,1.25,0
757938,1.4444444444444444,0
758113,1.1944444444444444,0
758210,0.6805555555555555,0
758262,0.8333333333333334,0
758372,1.125,0
758389,1.513888888888889,0
758432,1.375,0
758695,1.6666666666666667,0
758738,0.8333333333333334,0
758789,1.097222222222222,0
758840,0.9722222222222222,0
758927,1.0,0
759017,1.25,0
759093,1.027777777777778,0
759223,0.7777777777777778,0
759311,1.4583333333333333,0
759322,1.5,0
759370,0.8611111111111112,0
759417,1.222222222222222,1
759518,0.625,0
759551,1.527777777777778,0
759603,3.2,0
759785,1.3333333333333333,0
759847,1.4166666666666667,0
759899,1.5833333333333333,0
759991,1.6666666666666667,0
760061,1.513888888888889,0
760111,0.9722222222222222,0
760155,2.2399999999999998,0
760158,4.32,0
760166,2.0833333333333335,0
760176,1.7222222222222223,0
760196,1.222222222222222,0
760424,6.24,0
760508,1.2916666666666667,0
760614,1.222222222222222,0
760645,1.6805555555555556,0
760672,0.9722222222222222,0
760835,1.486111111111111,0
760842,1.25,0
760876,1.5,0
760975,1.0,0
761015,0.888888888888889,0
761114,0.9166666666666666,0
761150,1.388888888888889,1
761240,1.9444444444444444,0
761403,1.5,0
761423,1.5,0
761459,1.5833333333333333,0
761510,0.625,0
761613,1.4444444444444446,0
761674,1.75,0
761694,0.8333333333333334,0
761966,0.7777777777777778,0
762044,0.8333333333333334,0
762072,1.388888888888889,0
762255,0.625,0
762259,1.222222222222222,0
762272,1.0,0
762355,1.7222222222222223,0
762389,1.5833333333333333,0
762485,1.3333333333333333,0
762671,0.9722222222222222,0
762681,1.5833333333333333,0
762715,1.3333333333333333,0
762951,1.6666666666666667,0
763000,1.5833333333333333,1
763061,1.388888888888889,1
763071,1.2916666666666667,0
763084,1.3888888888888886,0
763113,1.5833333333333333,0
763132,1.4305555555555556,0
763177,1.1666666666666667,0
763183,1.3333333333333333,0
763241,1.1944444444444444,0
763248,6.4,0
763341,1.722222222222222,0
763403,1.4166666666666667,0
763406,1.6111111111111114,0
763520,1.222222222222222,0
763591,1.486111111111111,0
763615,1.1666666666666667,0
763621,1.486111111111111,1
763702,1.3194444444444444,0
763761,1.7083333333333333,0
763797,1.2916666666666667,0
764167,1.3333333333333333,0
764305,1.361111111111111,0
764513,1.7777777777777777,0
764555,1.3888888888888886,0
764578,1.222222222222222,0
764595,1.1666666666666667,0
764634,1.2222222222222223,0
764703,1.0,0
764869,1.375,0
764889,1.5833333333333333,0
764896,1.4305555555555554,0
764980,1.0,0
765079,1.3333333333333333,0
765127,0.5555555555555556,0
765202,1.5416666666666667,0
765252,1.4444444444444444,0
765261,1.111111111111111,0
765293,1.0694444444444444,0
765323,1.75,0
765338,1.25,0
765408,0.2777777777777778,0
765428,1.2777777777777777,0
765481,1.375,0
765518,1.4166666666666667,0
765655,0.15277777777777776,0
765747,0.5833333333333334,0
765793,0.6666666666666666,0
765877,1.6666666666666667,0
765924,1.4166666666666667,0
765955,0.5833333333333334,0
765989,1.5,0
766024,1.2916666666666667,0
766335,5.279999999999999,0
766355,5.12,0
766530,1.1666666666666667,0
766562,0.9166666666666666,0
766733,0.9722222222222222,0
766775,1.0694444444444444,0
766777,1.0,0
766861,0.96,0
766886,0.8333333333333334,0
766927,1.3194444444444444,0
766969,0.8333333333333334,0
767006,1.611111111111111,0
767058,1.5972222222222223,0
767089,1.277777777777778,0
767331,1.2638888888888888,0
767366,0.8888888888888888,1
767385,1.6666666666666667,0
767416,1.9166666666666667,0
767428,1.1111111111111112,0
767507,1.2083333333333333,0
767534,1.25,0
767648,1.611111111111111,0
767672,1.75,0
767752,1.8333333333333333,0
767767,2.6399999999999997,0
767857,0.4583333333333333,0
767894,1.4305555555555554,0
767907,1.7222222222222223,0
767908,1.0555555555555556,0
768010,1.5833333333333333,0
768012,1.097222222222222,0
768030,1.4305555555555556,0
768072,1.4166666666666667,0
768113,1.7916666666666667,0
768255,1.5555555555555556,0
768313,0.3055555555555555,0
768354,1.5,0
768365,4.720000000000001,0
768415,1.2916666666666667,0
768518,1.4166666666666667,0
768748,1.5,0
768996,1.5,0
769023,2.0277777777777777,1
769030,1.2222222222222223,0
769346,1.0,0
769361,1.75,0
769521,1.277777777777778,0
769560,1.5,0
769669,1.625,0
769709,1.3333333333333333,0
769731,1.5,0
769763,1.1666666666666667,0
769891,1.4444444444444446,0
769976,1.125,1
770094,1.25,0
770327,1.3472222222222223,0
770362,1.2916666666666667,1
770452,1.125,0
770591,1.0,0
770634,1.6666666666666667,0
770727,1.6666666666666667,1
770968,0.6666666666666666,0
771035,1.1666666666666667,0
771056,1.4166666666666667,0
771259,0.875,0
771285,1.2916666666666667,0
771307,1.5,0
771353,1.4583333333333333,1
771667,1.8333333333333333,0
771713,1.4166666666666667,0
771757,1.8333333333333333,0
771872,3.5200000000000005,0
771901,1.4166666666666667,0
771932,0.15277777777777776,1
771943,1.4722222222222223,0
771960,1.5555555555555556,0
772019,0.8333333333333334,0
772025,2.56,0
772081,0.4583333333333333,0
772152,1.2916666666666667,0
772181,1.125,0
772194,1.5,0
772237,1.0833333333333333,0
772362,1.1111111111111112,0
772370,1.3333333333333333,0
772381,1.4166666666666667,0
772395,1.125,0
772397,1.25,0
772437,0.9583333333333334,0
772438,1.3333333333333333,0
772484,1.25,0
772532,6.159999999999999,0
772628,1.0,0
772827,1.0694444444444444,0
772834,1.222222222222222,0
772952,1.0,0
772960,1.5,0
773012,1.6666666666666667,0
773112,1.4444444444444444,0
773219,1.0,0
773261,1.3888888888888886,0
773290,1.375,0
773293,1.7777777777777777,0
773364,1.6666666666666667,0
773390,1.513888888888889,0
773397,1.486111111111111,0
773418,1.7083333333333333,0
773546,1.1388888888888888,0
773571,0.2777777777777778,1
773598,1.222222222222222,0
773648,1.5972222222222223,0
773739,2.88,0
773805,1.5416666666666667,0
773844,1.0694444444444444,0
773865,1.4166666666666667,0
773943,1.1666666666666667,0
773973,1.277777777777778,0
773986,1.25,0
774103,1.4444444444444444,0
774226,1.0,0
774234,1.1805555555555556,0
774272,1.3194444444444444,0
774275,1.125,0
774321,1.597222222222222,0
774326,1.1666666666666667,0
774386,4.8,0
774724,1.6666666666666667,0
775160,1.7083333333333333,0
775170,1.8333333333333333,0
775176,1.0,0
775185,1.75,0
775193,1.7083333333333333,0
775304,0.875,0
775440,1.5,0
775520,0.3055555555555555,1
775573,1.0833333333333333,0
775639,1.888888888888889,0
775724,6.0,0
775768,1.3333333333333333,0
776139,1.3611111111111114,0
776153,1.0,1
776187,1.5,0
776317,2.4,0
776443,1.388888888888889,0
776453,1.222222222222222,0
776464,1.736111111111111,0
776547,1.4583333333333333,0
776613,1.7222222222222223,0
776736,1.5,0
776782,0.3055555555555555,0
776795,1.3333333333333333,0
776931,1.125,0
776956,0.9600000000000002,0
777108,1.75,0
777118,1.5833333333333333,0
777171,1.125,0
777197,1.222222222222222,0
777231,1.4166666666666667,0
777300,1.5555555555555556,0
777351,0.6666666666666666,0
777418,1.5,0
777514,0.9583333333333334,0
777531,1.125,0
777540,1.3333333333333333,0
777549,1.4166666666666667,0
777561,1.5555555555555556,0
777714,1.5833333333333333,0
777871,1.1111111111111112,0
777875,1.8055555555555556,0
777931,1.222222222222222,0
777990,0.7777777777777778,0
778027,0.4583333333333333,0
778030,1.4166666666666667,0
778031,1.75,0
778066,1.222222222222222,0
778168,1.4444444444444444,0
778310,1.25,0
778317,1.0555555555555556,0
778393,1.3333333333333333,0
778426,1.2777777777777777,0
778590,1.625,0
778865,1.7083333333333333,0
778920,1.2083333333333333,0
778952,1.4444444444444446,0
779046,1.7083333333333333,0
779066,1.4444444444444444,0
779082,4.959999999999999,0
779085,1.5833333333333333,0
779106,1.4444444444444444,0
779159,1.1666666666666667,0
779171,1.777777777777778,0
779184,1.3333333333333333,0
779211,0.875,1
779247,1.5277777777777777,0
779291,1.6666666666666667,0
779412,1.3333333333333333,0
779427,1.125,0
779434,1.5416666666666667,0
779435,1.2,0
779573,1.263888888888889,0
779679,1.6944444444444444,0
779882,1.5416666666666667,0
779929,0.875,0
779977,1.4305555555555556,0
780140,1.6666666666666667,0
780150,1.3333333333333333,0
780236,1.4166666666666667,0
780298,1.222222222222222,0
780423,1.611111111111111,0
780428,1.388888888888889,0
780504,1.3194444444444444,0
780728,1.1666666666666667,0
780944,1.0,0
780973,1.5833333333333333,0
781052,1.1527777777777777,0
781062,1.4583333333333333,0
781110,1.2916666666666667,0
781187,1.1666666666666667,0
781219,1.0694444444444444,0
781347,1.5,0
781354,1.1944444444444444,0
781355,1.25,0
781463,1.361111111111111,0
781480,0.6666666666666666,0
781495,1.0555555555555556,0
781519,1.4583333333333333,0
781570,1.1666666666666667,0
781621,1.222222222222222,0
781647,1.5555555555555554,0
781777,1.2916666666666667,0
781924,1.0833333333333333,0
781963,0.5555555555555556,0
781970,1.4583333333333333,0
782100,1.5,0
782124,1.5833333333333333,0
782241,1.263888888888889,0
782282,1.5833333333333333,0
782284,6.08,1
782329,1.6666666666666667,0
782393,1.6,0
782485,1.5277777777777777,0
782515,1.5416666666666667,0
782549,1.4444444444444444,0
782596,1.3611111111111114,0
782654,1.5833333333333333,0
782719,1.1666666666666667,0
782818,1.5833333333333333,0
783145,0.9166666666666666,0
783255,1.125,0
783300,1.486111111111111,0
783363,1.2916666666666667,0
783604,1.388888888888889,0
783610,1.3333333333333333,1
783789,1.5833333333333333,0
783791,0.9166666666666666,0
783928,1.5833333333333333,0
784113,1.888888888888889,0
784185,1.263888888888889,0
784271,0.625,0
784356,0.9999999999999999,0
784380,0.9166666666666666,0
784490,1.5,0
784537,1.8055555555555556,0
784570,1.3333333333333333,0
784608,1.6666666666666667,0
784710,6.720000000000001,0
784782,1.0555555555555556,0
784804,0.9722222222222222,0
784838,1.9166666666666667,0
784847,1.0,0
784945,1.5416666666666667,0
784946,1.5555555555555556,0
784962,1.1666666666666667,0
785076,1.1111111111111112,0
785114,3.84,0
785185,1.388888888888889,0
785223,1.5833333333333333,0
785398,1.486111111111111,0
785738,1.6666666666666667,0
785826,1.0833333333333333,0
785836,1.5,0
785992,1.25,0
786255,0.888888888888889,0
786287,5.6,0
786391,1.5555555555555556,0
786442,1.4583333333333333,0
786525,1.0555555555555556,0
786613,1.5555555555555556,0
786624,1.3333333333333333,0
786703,1.5555555555555556,0
786709,1.5,0
786710,1.4722222222222223,0
786827,1.25,0
786966,0.5555555555555555,1
787001,1.638888888888889,0
787086,0.7777777777777778,0
787276,1.2777777777777777,0
787416,1.2777777777777777,0
787472,1.8333333333333333,0
787525,1.986111111111111,0
787548,1.5972222222222223,0
787606,2.0,0
787625,1.513888888888889,0
787660,1.2916666666666667,0
787763,1.25,0
787833,0.75,0
787875,1.5833333333333333,0
788001,1.375,0
788091,1.0,0
788159,1.4305555555555556,0
788217,2.56,0
788292,1.0,0
788325,0.6666666666666666,0
788332,1.0,0
788354,1.375,0
788407,0.5,0
788460,1.5833333333333333,1
788515,0.9722222222222222,0
788759,1.027777777777778,0
788870,1.0833333333333333,0
788947,1.5277777777777777,0
788997,0.875,0
789001,1.5833333333333333,0
789004,1.2916666666666667,0
789052,1.486111111111111,0
789120,1.4444444444444446,0
789148,1.4166666666666667,0
789149,1.5555555555555556,0
789190,0.75,0
789206,0.888888888888889,0
789288,0.4166666666666667,1
789303,1.4722222222222223,0
789421,1.3333333333333333,0
789444,1.611111111111111,0
789573,0.8888888888888888,0
789624,1.0,0
789797,0.9444444444444443,0
789826,1.5833333333333333,0
789859,1.8333333333333333,0
789892,0.8888888888888888,0
789932,6.0,0
790008,0.9722222222222222,0
790089,1.111111111111111,0
790094,1.222222222222222,0
790123,1.4583333333333333,0
790165,1.3333333333333333,0
790178,1.8055555555555556,0
790240,1.361111111111111,0
790287,1.25,1
790303,1.1666666666666667,0
790341,1.9166666666666667,0
790346,0.15277777777777776,0
790450,1.5,0
790475,1.44,0
790649,1.25,0
790734,1.5416666666666667,0
790813,1.5555555555555556,0
791132,1.638888888888889,0
791202,1.2916666666666667,0
791280,1.1666666666666667,0
791282,2.56,0
791342,1.3333333333333333,0
791355,1.3333333333333333,0
791466,1.361111111111111,0
791678,1.1666666666666667,0
791765,1.222222222222222,0
791809,1.125,0
791852,1.0,0
791978,0.9166666666666666,0
792086,1.0,0
792103,2.3200000000000003,0
792229,0.72,0
792332,1.3333333333333333,0
792361,1.5555555555555556,0
792383,1.513888888888889,0
792418,1.0555555555555556,0
792514,1.1944444444444444,0
792695,1.4166666666666667,0
792698,1.5,0
792707,1.486111111111111,0
792795,1.125,0
792873,1.4166666666666667,0
792898,1.4166666666666667,0
792915,1.513888888888889,0
793094,1.6666666666666667,0
793125,1.5,0
793126,2.0,0
793134,1.8888888888888886,0
793154,1.6666666666666667,0
793178,1.1666666666666667,0
793285,0.7777777777777777,0
793318,1.25,0
793328,1.125,0
793384,1.611111111111111,0
793423,1.4166666666666667,0
793473,0.9583333333333334,0
793549,1.6944444444444444,0
793618,1.513888888888889,0
793619,1.0,0
793645,1.1666666666666667,0
793662,1.5555555555555556,0
793742,0.75,1
793761,1.8055555555555556,0
793838,1.4166666666666667,0
793892,0.96,0
793904,1.75,0
793980,1.75,1
793995,1.5833333333333333,0
794024,1.3472222222222223,0
794136,1.5833333333333333,0
794202,0.875,0
794248,1.28,0
794286,0.986111111111111,0
794348,0.9722222222222222,1
794480,1.4583333333333333,0
794496,3.84,0
794502,1.125,0
794523,0.9722222222222222,0
794552,1.222222222222222,0
794602,1.375,0
794677,1.5,0
794723,1.7777777777777777,0
794752,1.277777777777778,0
794784,1.4444444444444444,0
794863,1.5555555555555554,0
794951,1.2,0
795084,1.1666666666666667,0
795129,0.6805555555555555,0
795230,0.9444444444444445,0
795283,1.5833333333333333,0
795446,1.2777777777777777,0
795468,1.25,0
795486,1.5833333333333333,0
795492,1.6666666666666667,0
795512,2.0833333333333335,0
795820,0.8333333333333334,0
795840,0.48,1
796099,1.222222222222222,0
796104,1.3333333333333333,0
796213,0.8888888888888888,0
796281,1.5833333333333333,0
796347,1.4166666666666667,0
796484,1.4166666666666667,0
796508,0.9166666666666666,0
796541,1.6666666666666667,0
796627,0.48,0
796670,1.75,0
796692,1.375,0
796900,1.5833333333333333,0
796990,1.25,0
797078,1.1805555555555556,0
797158,1.2777777777777777,0
797187,0.611111111111111,1
797216,1.3611111111111114,0
797326,6.4,0
797675,1.25,1
797685,1.4166666666666667,0
797704,6.720000000000001,0
797714,1.4444444444444444,0
797845,2.0277777777777777,0
797897,1.4444444444444444,0
797902,3.3600000000000003,0
797991,1.722222222222222,0
798029,5.12,0
798216,1.1111111111111112,0
798248,1.222222222222222,0
798279,0.875,0
798351,1.388888888888889,0
798375,1.8333333333333333,0
798433,1.0,0
798525,1.4166666666666667,0
798533,0.986111111111111,0
798662,1.0555555555555556,0
798672,1.6805555555555556,0
798708,0.763888888888889,0
798752,1.1666666666666667,0
798814,1.5555555555555556,0
798817,1.0,0
798832,0.8333333333333334,0
798854,1.0,0
798871,0.9444444444444445,0
798881,0.9583333333333334,0
798954,1.8333333333333333,0
799148,1.0694444444444444,0
799157,1.0,0
799399,4.56,0
799437,1.6805555555555556,0
799510,1.486111111111111,0
799630,1.0555555555555556,0
799655,1.111111111111111,0
799690,1.0694444444444444,0
799781,1.4166666666666667,0
799857,1.486111111111111,0
799919,1.1111111111111112,0
799967,1.125,0
799992,1.486111111111111,0
800016,1.1666666666666667,0
800075,1.75,0
800094,1.8055555555555556,0
800137,1.6666666666666667,0
800220,7.5200000000000005,0
800268,0.5,0
800357,1.75,0
800433,1.277777777777778,0
800450,1.7222222222222223,0
800481,1.0833333333333333,0
800499,0.72,0
800571,1.3333333333333333,0
800610,0.9444444444444443,0
800726,1.5833333333333333,0
800800,1.5555555555555556,0
800831,0.9722222222222222,0
800878,1.9027777777777777,0
800923,1.6666666666666667,0
801146,1.4583333333333333,0
801176,1.0555555555555556,0
801227,1.3333333333333333,0
801338,1.527777777777778,0
801368,1.4166666666666667,0
801391,1.5833333333333333,0
801483,1.6666666666666667,0
801738,6.08,0
801788,1.25,0
801821,1.125,0
801882,1.25,0
802002,1.25,0
802084,0.15277777777777776,0
802196,1.5833333333333333,0
802200,1.25,0
802206,1.2222222222222223,0
802305,1.222222222222222,0
802316,1.0555555555555556,0
802336,0.8333333333333334,0
802425,1.5555555555555556,0
802452,1.4583333333333333,0
802470,1.3333333333333333,0
802478,1.8333333333333333,0
802535,0.64,0
802556,1.3333333333333333,0
802621,1.9166666666666667,0
802645,1.111111111111111,0
802797,1.5833333333333333,0
802860,1.4027777777777777,0
802870,1.4444444444444444,0
803150,1.1666666666666667,0
803234,1.25,0
803407,1.5416666666666667,0
803529,1.3333333333333333,0
803586,1.1111111111111112,1
803587,1.4583333333333333,0
803656,1.5416666666666667,0
803747,1.222222222222222,0
803796,0.9166666666666666,0
803830,0.875,0
803844,1.25,0
803956,1.3333333333333333,0
803976,1.1666666666666667,0
804137,1.4166666666666667,0
804259,0.8333333333333334,0
804328,1.1666666666666667,0
804368,1.1666666666666667,0
804402,1.1666666666666667,0
804438,1.4444444444444446,0
804521,1.0,0
804534,1.625,0
804536,1.4444444444444446,0
804557,1.7222222222222223,0
804710,1.6666666666666667,0
804770,3.84,0
804784,0.75,0
804816,0.6944444444444445,1
804930,1.4166666666666667,0
805008,1.6666666666666667,0
805013,1.3333333333333333,0
805110,5.92,0
805140,1.6805555555555556,0
805159,1.6666666666666667,0
805170,1.0,0
805226,1.1944444444444444,0
805377,0.7777777777777778,0
805431,1.0833333333333333,0
805574,0.9444444444444443,0
805598,5.76,0
805816,1.513888888888889,0
805890,1.111111111111111,0
805932,1.0,0
805977,1.277777777777778,0
806008,0.9444444444444445,0
806030,0.611111111111111,0
806157,0.2777777777777778,0
806168,1.1666666666666667,0
806196,6.720000000000001,0
806283,1.5,0
806348,1.3333333333333333,1
806598,1.75,0
806639,1.3333333333333333,0
806815,1.5833333333333333,0
806839,1.0,0
806850,2.3200000000000003,0
806859,0.7777777777777778,0
806995,1.0694444444444444,0
807134,1.125,0
807152,1.25,0
807211,1.1666666666666667,0
807256,1.5833333333333333,0
807289,1.4444444444444446,0
807297,1.4444444444444444,0
807553,1.1111111111111112,0
807570,1.3333333333333333,0
807589,2.194444444444444,0
807681,1.5972222222222223,0
807769,0.875,0
807902,1.222222222222222,0
808005,1.111111111111111,0
808096,1.75,0
808206,1.6666666666666667,0
808353,1.722222222222222,0
808392,1.0416666666666667,0
808399,5.12,0
808498,1.3333333333333333,0
808524,1.3333333333333333,0
808721,1.6666666666666667,0
808920,1.5,0
809016,2.0,0
809024,1.75,0
809107,1.1111111111111112,0
809207,1.277777777777778,0
809216,1.2777777777777777,0
809218,1.6666666666666667,0
809299,1.1666666666666667,0
809404,1.5,0
809449,1.5,0
809587,1.2777777777777777,0
809728,0.7777777777777778,0
809733,1.5,0
810028,1.4444444444444444,0
810071,1.361111111111111,0
810100,1.5555555555555556,0
810257,1.4444444444444444,0
810338,1.111111111111111,0
810448,1.125,0
810482,1.3472222222222223,0
810503,4.959999999999999,0
810517,0.4583333333333333,1
810581,1.2638888888888888,0
810621,1.25,0
810668,7.040000000000001,0
810693,1.125,0
810755,1.6111111111111114,0
810833,1.1805555555555556,0
810899,1.5,0
810990,1.6527777777777777,0
811139,1.4444444444444446,0
811162,1.222222222222222,0
811289,1.2916666666666667,0
811333,1.1944444444444444,0
811335,1.1805555555555556,0
811471,1.611111111111111,0
811567,1.7777777777777777,0
811569,3.28,0
811619,1.3333333333333333,0
811684,0.5555555555555556,0
811802,1.8333333333333333,0
812042,1.3333333333333333,0
812057,1.4583333333333333,0
812149,1.5,0
812152,1.5972222222222223,0
812248,1.1666666666666667,0
812282,1.277777777777778,0
812373,1.3333333333333333,0
812417,0.9583333333333334,0
812513,1.222222222222222,0
812599,1.1944444444444444,0
812804,0.6666666666666666,0
812894,1.1666666666666667,0
812899,1.4166666666666667,0
813320,1.6666666666666667,0
813439,1.5,0
813455,8.48,0
813520,1.4583333333333333,0
813567,1.25,0
813620,1.5,0
813652,1.3472222222222223,0
813681,1.222222222222222,0
813725,1.111111111111111,0
813931,1.0,0
814067,1.5833333333333333,0
814112,1.3888888888888886,0
814236,1.0833333333333333,0
814490,1.5,0
814653,0.9583333333333334,0
814698,1.0694444444444444,0
814703,1.4583333333333333,0
814748,1.1666666666666667,0
815207,3.12,0
815328,0.875,0
815344,0.75,0
815541,1.1666666666666667,0
815584,3.6799999999999997,0
815626,1.5,0
815643,1.5,0
815718,1.4583333333333333,0
815789,1.4583333333333333,0
815796,1.486111111111111,0
815804,1.4166666666666667,0
815834,1.1111111111111112,0
815841,4.32,0
815850,1.513888888888889,0
816110,1.25,0
816122,1.5555555555555556,1
816196,1.1666666666666667,0
816323,1.75,0
816420,1.611111111111111,0
816593,1.4166666666666667,0
816608,2.0972222222222223,0
816705,1.7916666666666667,0
816763,1.388888888888889,0
816937,0.8888888888888888,0
816983,1.1805555555555556,0
817066,1.222222222222222,0
817069,1.2,0
817070,1.3472222222222223,0
817074,0.8888888888888888,0
817102,1.75,0
817136,1.388888888888889,0
817158,1.4305555555555554,0
817168,1.2083333333333333,0
817245,1.3333333333333333,1
817288,0.625,0
817375,1.25,0
817456,1.5555555555555556,0
817520,1.0833333333333333,0
817527,1.7083333333333333,0
817573,1.6666666666666667,0
817609,1.111111111111111,0
817613,1.277777777777778,0
817714,1.486111111111111,0
817744,1.4166666666666667,0
817822,1.0555555555555556,0
817851,1.4166666666666667,0
817932,0.3055555555555555,0
818077,1.1666666666666667,0
818114,0.9722222222222222,0
818271,1.1666666666666667,0
818454,1.0,0
818484,1.5,0
818567,1.2222222222222223,0
818597,1.25,0
818616,1.6666666666666667,0
818864,1.3333333333333333,0
818870,1.4583333333333333,0
818881,5.840000000000001,0
818940,1.0555555555555556,0
818995,1.6666666666666667,0
819055,1.4583333333333333,0
819077,1.75,0
819149,1.0833333333333333,0
819255,0.15277777777777776,0
819267,1.388888888888889,0
819315,0.9166666666666666,0
819375,1.125,0
819497,1.2638888888888888,0
819521,7.68,0
819569,1.3333333333333333,0
819592,1.486111111111111,0
819664,1.388888888888889,0
819718,1.1944444444444444,0
819765,1.5555555555555556,0
819809,1.0833333333333333,0
819842,1.5,0
819924,1.5,0
819969,1.8333333333333333,0
820164,1.0833333333333333,0
820204,1.4583333333333333,0
820223,1.763888888888889,0
820341,1.777777777777778,0
820370,0.7777777777777778,0
820406,0.8333333333333334,0
820454,1.388888888888889,0
820501,1.6805555555555556,0
820541,1.4166666666666667,0
820542,1.25,0
821010,1.4166666666666667,0
821043,1.3333333333333333,0
821117,1.5833333333333333,0
821137,1.5833333333333333,0
821202,1.3472222222222223,0
821216,1.6666666666666667,0
821296,1.1944444444444444,0
821314,1.3333333333333333,0
821325,0.9166666666666666,0
821379,1.5,1
821404,0.888888888888889,0
821462,1.0,0
821515,0.96,0
821739,1.4305555555555554,0
821820,1.0694444444444444,0
821918,1.9722222222222223,0
821944,0.611111111111111,1
822051,1.3055555555555556,0
822066,0.75,0
822102,1.1666666666666667,0
822122,1.277777777777778,0
822205,1.0,0
822211,1.1666666666666667,0
822305,1.5833333333333333,0
822507,1.2916666666666667,0
822555,1.3333333333333333,0
822696,1.125,0
822723,1.0,1
822727,2.0833333333333335,1
822765,1.3333333333333333,0
822811,1.361111111111111,1
822901,1.0,0
822956,0.9166666666666666,0
822995,1.277777777777778,0
823048,0.611111111111111,0
823112,1.777777777777778,0
823113,0.7777777777777778,0
823208,1.513888888888889,0
823257,1.111111111111111,1
823319,0.875,0
823436,0.9166666666666666,1
823453,1.5555555555555556,0
823567,1.0555555555555556,0
823590,1.25,0
823628,1.375,0
823665,1.388888888888889,0
823740,1.3472222222222223,0
823761,1.5555555555555554,0
823768,1.388888888888889,0
823789,1.8888888888888886,0
823816,1.9305555555555556,0
823986,1.388888888888889,0
823998,1.0833333333333333,0
824133,1.0,0
824163,1.5555555555555556,0
824259,1.1666666666666667,0
824315,0.7777777777777778,0
824351,0.9166666666666666,0
824360,0.888888888888889,0
824414,1.0,0
824462,1.25,0
824486,0.6944444444444445,0
824610,1.152777777777778,0
824668,0.4444444444444444,0
824712,2.0277777777777777,0
824906,1.4166666666666667,0
824917,1.5,0
824990,1.1666666666666667,0
825165,1.361111111111111,0
825217,1.25,0
825239,1.222222222222222,0
825254,1.5555555555555556,0
825315,1.222222222222222,0
825333,0.75,0
825336,0.9166666666666666,0
825464,2.32,0
825465,1.5833333333333333,0
825484,1.5555555555555556,0
825490,1.6527777777777777,0
825517,1.1111111111111112,0
825569,1.3611111111111114,0
825593,1.5833333333333333,0
825809,1.28,0
826113,2.48,0
826136,1.6666666666666667,0
826149,1.0555555555555556,0
826166,1.125,0
826271,0.6944444444444443,1
826304,1.1666666666666667,0
826589,1.4444444444444444,0
827147,1.1666666666666667,0
827164,0.9166666666666666,0
827172,1.4166666666666667,0
827190,1.222222222222222,0
827194,3.84,0
827215,0.75,0
827275,0.763888888888889,0
827288,1.6800000000000002,0
827309,1.1666666666666667,1
827334,1.5833333333333333,0
827339,1.5833333333333333,0
827546,1.486111111111111,0
827668,0.7638888888888888,1
827731,1.25,0
827790,1.7600000000000002,0
827819,1.3472222222222223,0
828076,1.3333333333333333,0
828109,6.720000000000001,0
828136,1.5,0
828182,1.5833333333333333,0
828232,1.5,0
828353,1.25,0
828481,1.4583333333333333,0
828643,1.3333333333333333,0
828731,1.4166666666666667,0
828735,1.027777777777778,0
828776,1.5,0
828816,1.3472222222222223,0
828817,1.513888888888889,0
828895,1.25,0
828918,1.125,0
828924,0.75,0
828959,1.3333333333333333,0
828967,1.5,0
828988,1.8055555555555556,0
829003,1.875,0
829162,1.5,0
829263,1.4166666666666667,0
829291,1.111111111111111,0
829505,1.375,0
829588,0.7777777777777777,0
829627,0.9166666666666666,0
829663,1.5555555555555554,0
829684,1.388888888888889,0
829861,1.6111111111111114,0
829886,1.0555555555555556,0
830024,1.5833333333333333,0
830171,1.888888888888889,0
830223,1.6666666666666667,0
830385,0.9166666666666666,0
830446,1.375,0
830503,1.5,0
830564,1.1666666666666667,0
830673,1.0694444444444444,0
830743,1.125,0
830777,1.1111111111111112,0
830811,1.4166666666666667,0
830818,0.9166666666666666,0
830931,1.25,0
830975,1.8333333333333333,0
831035,1.5972222222222223,0
831087,1.6666666666666667,0
831180,1.6666666666666667,0
831253,1.0138888888888888,0
831404,1.2777777777777777,0
831424,1.2777777777777777,0
831442,1.5,0
831693,1.0,0
831696,1.9166666666666667,0
831797,5.279999999999999,0
831812,1.111111111111111,1
831829,1.25,0
831854,1.6800000000000002,0
831860,1.111111111111111,0
831928,1.111111111111111,1
831948,1.0,0
831964,0.8333333333333334,0
832046,0.15277777777777776,0
832062,1.5,0
832301,1.25,0
832367,1.277777777777778,0
832431,1.2638888888888888,0
832566,1.222222222222222,0
832597,1.6666666666666667,0
832625,2.0,0
832663,1.611111111111111,0
832665,0.8333333333333334,0
832745,1.388888888888889,0
832864,1.0555555555555556,0
832921,1.1111111111111112,0
832983,2.4,0
833024,1.125,0
833052,1.5,0
833148,0.9722222222222223,1
833197,1.0694444444444444,0
833221,0.763888888888889,0
833233,1.3888888888888886,0
833305,1.2638888888888888,0
833317,1.9166666666666667,0
833322,1.3333333333333333,0
833397,1.4444444444444444,0
833436,1.5833333333333333,0
833569,1.4166666666666667,0
833576,1.25,0
833627,1.0555555555555556,1
833679,1.5555555555555556,0
833683,1.7777777777777777,0
833701,1.3333333333333333,0
833704,1.097222222222222,0
833728,1.875,0
833765,1.3333333333333333,0
833783,1.597222222222222,0
833793,1.6527777777777777,0
833801,1.513888888888889,0
833844,1.2916666666666667,0
833891,1.6666666666666667,0
833998,1.222222222222222,0
834063,0.3055555555555555,1
834066,1.0,0
834081,1.75,0
834120,1.75,0
834270,1.4166666666666667,0
834286,1.6666666666666667,0
834304,1.5,0
834306,1.1666666666666667,0
834453,1.1666666666666667,0
834523,1.5416666666666667,0
834544,1.1666666666666667,0
834550,1.4583333333333333,0
834571,1.7083333333333333,0
834576,1.5,0
834615,1.6666666666666667,0
834726,6.720000000000001,0
834733,1.3333333333333333,0
834760,1.0,0
834799,1.25,0
834943,1.0555555555555556,0
835009,1.0833333333333333,0
835062,1.0833333333333333,0
835149,1.388888888888889,0
835240,1.2222222222222223,0
835377,1.5833333333333333,0
835440,0.6666666666666666,1
835484,1.0833333333333333,0
835491,1.388888888888889,0
835508,1.4444444444444446,0
835566,0.4583333333333333,1
835683,1.513888888888889,0
835693,1.4166666666666667,0
835760,1.75,0
835764,1.5833333333333333,0
835779,0.8333333333333334,0
835785,1.5833333333333333,0
835796,1.1944444444444444,0
835920,1.7600000000000002,0
835973,1.4166666666666667,0
836112,1.4166666666666667,0
836226,6.720000000000001,0
836343,1.6666666666666667,0
836374,1.388888888888889,0
836405,1.513888888888889,0
836443,1.097222222222222,0
836475,1.25,0
836486,1.0555555555555556,0
836523,1.2916666666666667,0
836550,1.486111111111111,0
836622,1.125,0
836665,1.2638888888888888,0
836706,1.222222222222222,0
836713,0.9583333333333334,0
836720,5.76,0
836964,1.6666666666666667,0
837175,1.6666666666666667,0
837215,0.6944444444444445,0
837237,1.4583333333333333,0
837269,1.2222222222222223,0
837360,0.5833333333333334,0
837517,1.1944444444444444,0
837526,1.0,0
837580,1.0694444444444444,0
837628,1.4305555555555556,0
837641,1.4166666666666667,0
837646,0.9722222222222222,1
837733,1.1527777777777777,0
837810,1.5833333333333333,0
837833,1.3333333333333333,0
837932,1.4305555555555556,0
838008,1.513888888888889,0
838032,0.5833333333333334,0
838160,1.5833333333333333,0
838232,1.0833333333333333,0
838270,1.8333333333333333,0
838283,1.7222222222222223,0
838482,0.7777777777777778,0
838553,0.7777777777777778,1
838584,1.0555555555555556,0
838634,1.3611111111111114,0
838650,0.9444444444444445,0
838657,1.152777777777778,0
838771,0.7777777777777778,0
838784,1.0,1
838845,1.0694444444444444,1
838881,1.6666666666666667,0
838885,1.4444444444444444,0
838938,1.0833333333333333,0
838993,1.388888888888889,1
839115,1.2916666666666667,0
839132,2.7199999999999998,0
839263,1.513888888888889,0
839295,0.7777777777777778,0
839328,1.3611111111111114,0
839356,1.25,0
839362,1.0,0
839412,1.1666666666666667,0
839461,0.8888888888888888,0
839494,1.28,0
839527,1.513888888888889,0
839579,1.0694444444444444,0
839659,1.2638888888888888,0
839694,1.1666666666666667,0
839748,1.5833333333333333,0
839967,1.277777777777778,0
840008,6.4,0
840021,1.097222222222222,0
840038,1.1111111111111112,0
840059,1.3333333333333333,0
840071,1.1111111111111112,0
840120,0.9583333333333334,0
840135,1.25,0
840184,5.12,0
840262,1.3333333333333333,0
840326,1.75,0
840376,1.1666666666666667,0
840481,1.6944444444444444,0
840515,1.0,0
840667,1.3333333333333333,0
840741,1.888888888888889,1
840866,1.8333333333333333,0
840882,0.9722222222222222,0
840984,1.5833333333333333,0
841204,1.5833333333333333,0
841219,2.0,0
841249,1.9305555555555556,0
841369,1.222222222222222,0
841373,1.3888888888888886,0
841437,1.4305555555555554,0
841456,0.875,0
841631,0.5833333333333334,0
841636,1.4305555555555554,0
841674,4.96,0
841677,0.8333333333333334,0
841916,1.0833333333333333,0
841948,1.222222222222222,0
842049,0.875,0
842054,1.4722222222222223,0
842066,1.5,0
842210,0.8333333333333334,0
842236,0.9166666666666666,0
842279,1.3333333333333333,0
842390,1.2916666666666667,0
842405,1.0555555555555556,0
842527,1.125,0
842582,0.9444444444444445,0
842641,0.763888888888889,0
842770,1.5833333333333333,0
842793,0.763888888888889,0
842855,1.5833333333333333,0
842959,1.277777777777778,0
842982,1.5555555555555556,0
843037,0.9166666666666666,0
843101,1.25,0
843158,8.0,0
843212,1.25,0
843233,1.763888888888889,0
843642,1.3333333333333333,0
843665,1.111111111111111,0
843672,0.611111111111111,0
843836,1.1111111111111112,0
843919,1.4444444444444444,1
843972,2.222222222222222,0
844125,1.5833333333333333,0
844152,1.4166666666666667,0
844193,1.1944444444444444,0
844222,0.4583333333333333,1
844348,1.5,0
844479,1.4166666666666667,0
844540,1.277777777777778,0
844556,1.0,0
844582,1.5416666666666667,0
844641,1.625,0
844677,0.8333333333333334,0
844749,2.0833333333333335,0
844834,6.24,0
844959,1.1666666666666667,0
845041,1.1805555555555556,0
845061,1.6666666666666667,0
845176,1.1666666666666667,0
845180,1.0694444444444444,0
845227,1.5972222222222223,0
845273,1.1666666666666667,0
845275,1.4583333333333333,0
845319,1.388888888888889,0
845435,1.3333333333333333,0
845488,0.9722222222222222,0
845580,1.0555555555555556,0
845684,1.1666666666666667,0
845699,1.5833333333333333,0
845782,1.5555555555555556,0
845807,1.4166666666666667,0
845819,1.6666666666666667,0
845864,1.611111111111111,0
845945,1.1666666666666667,0
845947,1.388888888888889,0
845994,1.0,0
846046,1.0694444444444444,0
846055,1.5,0
846119,1.152777777777778,0
846125,1.5694444444444444,0
846194,1.6805555555555556,0
846243,1.0555555555555556,0
846277,1.25,0
846291,1.8055555555555556,0
846313,1.6805555555555556,0
846374,1.25,0
846458,0.9861111111111112,0
846515,0.9722222222222222,0
846732,1.5,0
846796,1.5,0
846864,1.6111111111111114,0
846950,1.4444444444444444,0
846953,1.4166666666666667,0
847136,1.5,0
847183,1.3333333333333333,0
847312,0.32,0
847357,1.6666666666666667,0
847359,1.1666666666666667,0
847502,1.1111111111111112,1
847559,1.3194444444444444,0
847579,1.5416666666666667,0
847601,4.88,0
847609,1.5833333333333333,0
847724,1.5833333333333333,0
847771,1.1111111111111112,0
847772,1.388888888888889,0
848003,1.2916666666666667,0
848159,1.861111111111111,0
848185,1.277777777777778,0
848248,1.4305555555555554,0
848250,1.3333333333333333,0
848562,1.777777777777778,0
848615,0.8888888888888888,0
848632,1.4166666666666667,0
848694,1.5833333333333333,1
848736,1.4444444444444444,0
848804,1.9027777777777777,0
848973,1.0833333333333333,0
848998,1.222222222222222,0
849105,2.16,0
849178,1.4166666666666667,0
849298,1.4305555555555556,0
849330,1.3333333333333333,0
849415,1.5972222222222223,0
849425,1.8472222222222223,0
849510,1.125,0
849549,1.611111111111111,0
849587,1.6666666666666667,0
849589,1.611111111111111,0
849705,1.5,0
849884,0.75,0
850034,1.5416666666666667,0
850092,1.0,0
850123,0.4583333333333333,0
850170,1.3333333333333333,1
850245,1.152777777777778,0
850359,1.5,0
850414,1.3333333333333333,0
850418,1.5833333333333333,0
850694,1.152777777777778,0
850721,1.3194444444444444,0
850821,0.7777777777777778,0
850828,1.1111111111111112,0
850953,1.0694444444444444,0
851130,1.8333333333333333,0
851231,1.5,0
851255,1.4166666666666667,0
851390,6.4,0
851421,1.1805555555555556,0
851499,6.4,0
851549,1.0,0
851562,1.4444444444444446,0
851563,1.111111111111111,0
851830,1.1111111111111112,0
851836,1.4444444444444444,0
851871,1.5,0
851901,1.0972222222222223,0
851931,1.8472222222222223,0
851981,0.8333333333333334,0
851982,1.1666666666666667,0
851986,0.75,0
852006,1.2916666666666667,0
852094,1.3333333333333333,0
852253,1.1666666666666667,0
852310,1.1805555555555556,0
852323,1.0,0
852392,0.8333333333333334,0
852394,1.388888888888889,0
852520,1.222222222222222,0
852571,1.5,0
852573,1.1666666666666667,0
852597,1.25,0
852855,1.5,0
852863,1.5,0
852995,1.4166666666666667,0
853039,1.111111111111111,0
853272,1.5,0
853417,1.361111111111111,0
853421,0.9722222222222222,0
853438,1.5555555555555556,0
853540,1.3333333333333333,0
853565,0.6944444444444445,1
853603,1.5555555555555556,0
853608,1.6111111111111114,0
853641,1.2916666666666667,0
853704,1.5833333333333333,0
853826,1.7777777777777777,0
853871,1.3333333333333333,0
853894,1.5,0
853957,1.277777777777778,0
854077,1.375,0
854243,1.3194444444444444,0
854249,1.1944444444444444,0
854610,1.8333333333333333,0
854704,1.375,0
854709,1.388888888888889,0
854812,1.486111111111111,0
854831,1.0694444444444444,0
854884,1.2,0
854902,1.527777777777778,0
854969,2.56,0
854998,1.8194444444444444,0
855007,1.2222222222222223,0
855026,1.8333333333333333,0
855050,1.0,0
855190,3.84,0
855198,0.9583333333333334,0
855261,1.9722222222222223,0
855372,1.5833333333333333,0
855381,1.6805555555555556,1
855383,1.3194444444444444,0
855384,0.9166666666666666,0
855394,1.222222222222222,0
855400,1.875,0
855451,0.9305555555555555,0
855506,1.1944444444444444,0
855530,1.4166666666666667,0
855559,1.4444444444444444,0
855602,2.4,0
855635,1.1666666666666667,0
855721,1.222222222222222,0
855883,1.0555555555555556,0
855922,1.4166666666666667,0
855998,1.0,0
856074,1.25,0
856229,3.84,0
856348,1.486111111111111,0
856364,1.6666666666666667,0
856406,1.125,0
856502,1.4583333333333333,0
856609,5.04,0
856654,1.3333333333333333,0
856667,0.9166666666666666,0
856705,1.027777777777778,0
856782,1.5416666666666667,0
856818,0.3055555555555555,0
856830,1.3333333333333333,0
856942,1.2777777777777777,0
857159,1.4166666666666667,0
857161,1.3333333333333333,1
857247,1.4166666666666667,0
857292,1.8333333333333333,0
857353,1.25,0
857481,2.194444444444444,0
857497,1.5,0
857516,1.2222222222222223,0
857538,2.0,0
857619,1.3333333333333333,0
857629,1.5694444444444444,0
857682,1.5,0
857708,1.6666666666666667,0
857814,1.2916666666666667,0
857878,4.640000000000001,0
857912,6.159999999999999,0
857914,1.3333333333333333,0
857942,1.0833333333333333,0
857946,1.0,0
857971,0.9166666666666666,0
858013,1.0,0
858106,1.111111111111111,0
858196,1.9444444444444444,0
858266,1.513888888888889,0
858294,0.9166666666666666,0
858341,1.2222222222222223,0
858352,1.75,0
858417,1.6666666666666667,0
858445,1.111111111111111,0
858453,1.1666666666666667,0
858557,1.3055555555555556,0
858563,1.1944444444444444,0
858626,1.5555555555555554,0
858667,1.2638888888888888,0
858669,1.4166666666666667,0
858674,1.3333333333333333,0
858802,1.4444444444444444,0
858817,1.0694444444444444,0
858957,1.0833333333333333,0
858961,1.2222222222222223,0
859176,1.375,0
859258,1.222222222222222,0
859343,0.8333333333333334,1
859508,0.7777777777777778,0
859516,1.486111111111111,0
859549,1.2083333333333333,0
859553,1.486111111111111,0
859730,1.4444444444444446,0
859821,1.8888888888888886,0
859871,0.5,0
859957,1.125,0
859972,1.0833333333333333,0
860017,1.6666666666666667,0
860032,0.8333333333333334,0
860099,0.7777777777777778,0
860172,1.222222222222222,0
860206,1.2916666666666667,0
860602,1.888888888888889,0
860657,0.9583333333333334,0
860684,1.9166666666666667,0
860724,1.1666666666666667,0
860809,1.5,0
860848,1.361111111111111,0
860980,1.1666666666666667,0
861058,0.9444444444444443,0
861079,1.0694444444444444,0
861095,1.5833333333333333,0
861162,1.25,0
861191,1.5833333333333333,0
861330,0.9166666666666666,0
861336,1.736111111111111,0
861415,1.2638888888888888,0
861470,1.222222222222222,0
861558,1.5,0
861669,1.361111111111111,0
861696,1.152777777777778,0
861700,1.222222222222222,0
861877,1.5833333333333333,0
861879,1.222222222222222,1
861924,1.277777777777778,0
862096,1.3333333333333333,0
862100,1.0833333333333333,0
862159,1.6666666666666667,0
862212,1.5555555555555556,0
862258,1.277777777777778,0
862576,1.0,0
862659,1.6666666666666667,1
862932,1.5,0
862979,3.6799999999999997,0
863019,1.1666666666666667,0
863035,1.0,0
863070,1.527777777777778,0
863093,0.15277777777777776,0
863108,1.277777777777778,0
863122,0.3055555555555555,0
863219,1.5,0
863223,1.25,0
863259,1.75,0
863262,1.3333333333333333,0
863349,0.8333333333333334,0
863384,1.4166666666666667,0
863432,1.361111111111111,0
863459,1.1666666666666667,0
863516,1.6666666666666667,0
863599,1.2222222222222223,0
863626,1.3888888888888886,0
863744,1.222222222222222,0
863751,1.472222222222222,0
863809,0.7777777777777778,0
863884,1.3055555555555556,0
864084,1.0833333333333333,0
864128,0.9444444444444443,0
864161,0.8333333333333334,0
864288,1.722222222222222,0
864318,1.5,0
864327,0.6666666666666666,0
864456,1.222222222222222,0
864485,1.4166666666666667,0
864806,0.9166666666666666,0
864967,1.5833333333333333,0
865066,0.8888888888888888,0
865198,0.875,0
865401,1.8333333333333333,0
865406,1.3333333333333333,0
865429,0.9861111111111112,0
865654,0.15277777777777776,1
865727,0.48,0
865737,1.0138888888888888,0
865759,1.1111111111111112,0
865803,1.0,0
865855,1.25,0
865977,1.5555555555555554,0
866073,1.7777777777777777,0
866168,1.513888888888889,0
866242,0.9166666666666666,0
866295,1.513888888888889,1
866302,1.5972222222222223,0
866307,1.388888888888889,0
866403,1.3194444444444444,0
866455,1.2777777777777777,0
866501,0.3055555555555555,0
866604,1.4166666666666667,0
866606,1.236111111111111,0
866701,1.25,0
866983,1.125,0
866995,0.7777777777777778,0
867056,1.125,0
867070,0.8333333333333334,0
867112,1.5833333333333333,0
867289,1.25,0
867301,1.152777777777778,0
867327,1.5,0
867446,1.4583333333333333,0
867472,1.3194444444444444,0
867532,0.75,0
867624,1.3333333333333333,0
867757,1.527777777777778,0
867780,1.25,0
867801,1.111111111111111,0
867833,1.4166666666666667,0
867840,0.75,0
868037,1.6666666666666667,0
868152,1.4027777777777777,0
868154,1.097222222222222,0
868161,0.9166666666666666,0
868230,1.3333333333333333,0
868250,1.1666666666666667,0
868568,1.388888888888889,0
868659,0.4583333333333333,0
868719,1.3194444444444444,0
868744,1.1666666666666667,0
868767,1.4166666666666667,0
868830,1.125,1
868912,1.1111111111111112,0
868926,1.5833333333333333,0
869116,1.4583333333333333,0
869133,1.5833333333333333,0
869164,1.0833333333333333,0
869190,1.597222222222222,0
869226,1.3333333333333333,0
869265,0.9444444444444443,0
869276,1.5277777777777777,0
869283,0.9166666666666666,0
869284,1.097222222222222,0
869471,1.2083333333333333,0
869504,1.1666666666666667,0
869672,6.4,0
869743,0.4583333333333333,1
869799,1.527777777777778,0
869804,1.5833333333333333,0
869971,1.0,0
870022,1.75,0
870039,1.1666666666666667,0
870045,1.388888888888889,0
870120,1.3611111111111114,0
870169,5.12,0
870203,1.9305555555555556,0
870522,1.4166666666666667,0
870574,1.0833333333333333,0
870687,0.9861111111111112,0
870764,1.611111111111111,0
870857,1.625,0
870998,1.3333333333333333,0
871022,3.7600000000000002,0
871045,1.1666666666666667,0
871074,1.4305555555555556,0
871094,1.361111111111111,0
871124,1.361111111111111,0
871145,1.5833333333333333,0
871188,0.625,0
871203,1.0694444444444444,0
871206,1.3194444444444444,0
871219,1.4166666666666667,0
871287,1.6527777777777777,0
871380,6.24,0
871445,1.0833333333333333,0
871606,1.2916666666666667,0
871627,1.3333333333333333,0
871972,1.4166666666666667,0
871980,1.9166666666666667,0
872069,0.75,1
872079,1.0,0
872234,1.25,0
872335,1.2916666666666667,0
872676,0.875,0
872774,1.5,0
872814,1.4166666666666667,0
872932,1.2916666666666667,0
872946,1.5555555555555556,0
873022,0.75,1
873045,1.8333333333333333,0
873116,1.5,0
873169,1.8333333333333333,0
873177,1.611111111111111,0
873180,0.8750000000000001,0
873297,1.1111111111111112,1
873415,1.361111111111111,0
873436,1.8333333333333333,0
873458,1.3333333333333333,0
873468,1.3333333333333333,0
873488,1.5,0
873498,1.3333333333333333,0
873551,2.48,0
873579,1.722222222222222,0
873886,1.5833333333333333,0
873945,1.2777777777777777,0
873965,0.9722222222222222,1
873977,0.9166666666666666,0
874035,0.7777777777777778,0
874044,1.5,0
874104,1.8055555555555556,0
874161,3.3600000000000003,0
874184,1.5555555555555554,0
874267,1.4166666666666667,0
874336,1.25,0
874374,1.1666666666666667,0
874415,0.8333333333333334,0
874589,1.2916666666666667,1
874612,0.15277777777777776,1
874614,1.25,0
874780,1.4166666666666667,0
874842,1.5833333333333333,0
874876,6.24,0
874939,1.5972222222222223,0
874984,1.5555555555555556,0
875086,0.875,0
875232,0.9166666666666666,1
875473,0.9722222222222222,0
875483,1.4166666666666667,0
875485,1.6111111111111114,1
875560,8.16,0
875657,1.3333333333333333,0
875707,1.4166666666666667,0
875796,0.5555555555555555,0
875819,6.720000000000001,0
876006,2.1527777777777777,0
876057,1.1666666666666667,0
876062,1.263888888888889,0
876083,1.1666666666666667,0
876207,1.263888888888889,0
876232,1.222222222222222,0
876254,1.611111111111111,0
876269,1.7222222222222223,0
876319,1.6666666666666667,0
876326,1.0833333333333333,0
876409,1.2638888888888888,0
876426,0.9444444444444443,0
876538,1.513888888888889,0
876569,1.513888888888889,0
876755,0.875,0
876757,0.9722222222222222,0
876850,1.3333333333333333,0
877008,5.12,0
877101,1.6805555555555556,0
877124,1.3333333333333333,0
877242,1.4166666666666667,0
877251,1.486111111111111,0
877352,0.4166666666666667,1
877384,1.75,0
877419,1.6527777777777777,1
877488,1.0833333333333333,0
877595,1.5,0
877603,1.611111111111111,0
877609,1.8333333333333333,0
877630,1.6111111111111114,0
877654,1.222222222222222,0
877730,1.4166666666666667,0
877945,1.3333333333333333,0
878240,1.0833333333333333,0
878281,1.4305555555555556,0
878284,0.4583333333333333,0
878388,1.3472222222222223,0
878510,0.8888888888888888,1
878568,1.0,0
878575,1.861111111111111,0
878582,1.6666666666666667,0
878633,1.3888888888888886,0
878653,1.3611111111111114,0
878909,1.5833333333333333,0
879036,1.75,0
879177,1.486111111111111,0
879185,1.8472222222222223,0
879265,1.111111111111111,0
879462,1.1944444444444444,0
879506,1.0,0
879542,1.6944444444444444,0
879601,1.4444444444444446,0
879787,1.8333333333333333,0
879844,1.375,0
879892,0.9166666666666666,0
879904,1.9722222222222223,0
879964,4.8,0
880033,1.4166666666666667,0
880065,1.3333333333333333,0
880205,0.9722222222222222,0
880406,1.3333333333333333,0
880436,1.3333333333333333,0
880505,1.25,0
880619,1.0,0
880681,6.720000000000001,0
880709,0.2777777777777778,0
880740,1.722222222222222,0
880805,2.56,0
880849,1.7777777777777777,0
880948,1.5,0
881000,0.625,0
881001,1.2916666666666667,0
881156,0.4583333333333333,0
881157,1.527777777777778,0
881198,1.3333333333333333,0
881304,1.0555555555555556,0
881362,1.388888888888889,0
881413,1.6666666666666667,0
881584,5.279999999999999,0
881628,1.0,1
881749,1.75,0
881818,1.7777777777777777,0
881828,1.388888888888889,0
881846,1.2222222222222223,0
881943,1.1666666666666667,0
881983,1.75,0
882025,1.4305555555555556,0
882044,1.4166666666666667,0
882353,1.125,0
882409,1.222222222222222,0
882466,1.6666666666666667,0
882544,0.9583333333333334,0
882590,1.5,0
882718,1.4166666666666667,0
882725,1.2638888888888888,0
882911,1.222222222222222,0
883002,1.5694444444444444,0
883055,1.1666666666666667,0
883065,0.75,0
883155,1.3333333333333333,0
883174,1.2916666666666667,0
883212,1.1111111111111112,0
883230,1.0,0
883255,1.375,0
883376,9.6,0
883468,1.875,1
883489,1.486111111111111,0
883505,1.611111111111111,0
883574,1.125,0
883660,1.875,0
883702,1.125,0
883755,1.4166666666666667,0
883773,1.125,0
883816,1.75,0
883841,1.4583333333333333,0
883852,1.222222222222222,0
883963,1.3333333333333333,0
883968,1.0833333333333333,0
884040,1.527777777777778,0
884062,1.5555555555555556,0
884088,1.222222222222222,0
884089,1.2638888888888888,0
884433,1.25,0
884505,1.1805555555555556,0
884522,0.9166666666666666,0
884691,1.5555555555555556,0
884708,1.388888888888889,0
884844,1.388888888888889,0
884875,1.0,0
884909,2.0972222222222223,0
885007,1.5833333333333333,0
885176,0.2777777777777778,0
885274,1.5555555555555556,0
885474,1.5972222222222223,0
885480,1.152777777777778,0
885497,3.84,0
885682,1.0,0
885723,2.0416666666666665,0
885739,1.097222222222222,0
885763,1.2777777777777777,0
885848,1.388888888888889,0
885871,1.4166666666666667,0
885888,1.5972222222222223,0
885933,0.6666666666666666,0
886086,1.75,0
886127,1.763888888888889,0
886299,0.7777777777777778,0
886439,1.611111111111111,0
886677,1.736111111111111,0
886764,1.388888888888889,0
886876,1.3333333333333333,0
887117,1.0,0
887209,1.486111111111111,0
887228,1.861111111111111,0
887266,1.3333333333333333,0
887328,1.777777777777778,0
887464,0.9722222222222222,0
887511,1.4166666666666667,0
887609,3.5200000000000005,0
887730,1.8333333333333333,0
887748,1.736111111111111,0
887892,1.5,0
887995,1.25,0
888049,1.1944444444444444,0
888115,1.25,0
888131,1.222222222222222,0
888291,0.8333333333333334,0
888297,1.4166666666666667,0
888357,1.597222222222222,0
888417,0.625,0
888430,0.763888888888889,0
888506,1.097222222222222,0
888649,1.2638888888888888,0
889061,1.222222222222222,0
889501,0.888888888888889,1
889569,1.6666666666666667,0
889671,1.25,0
889687,1.6666666666666667,0
889697,1.3333333333333333,0
889786,0.9583333333333334,0
889796,1.6666666666666667,0
890051,1.4166666666666667,0
890232,0.4166666666666667,1
890395,1.611111111111111,0
890404,0.6666666666666666,0
890437,1.8333333333333333,0
890447,1.388888888888889,0
890543,1.4444444444444444,0
890595,1.7222222222222223,0
890617,1.361111111111111,0
890646,1.1666666666666667,0
890673,0.7777777777777777,0
890702,1.125,0
890753,1.25,0
890936,1.5833333333333333,0
891012,1.1666666666666667,0
891046,1.6,0
891097,1.6666666666666667,0
891128,1.3333333333333333,0
891179,1.875,0
891237,1.277777777777778,0
891335,1.388888888888889,0
891413,1.5555555555555556,0
891604,1.3333333333333333,0
891647,1.5555555555555556,0
891696,1.2916666666666667,0
891727,1.4166666666666667,0
891790,1.5,0
891810,1.111111111111111,0
891903,1.0,0
891931,0.96,0
892022,1.763888888888889,0
892068,1.2916666666666667,0
892079,1.5,0
892199,1.4166666666666667,0
892219,1.9166666666666667,0
892258,1.9722222222222223,0
892502,1.222222222222222,0
892616,1.6666666666666667,0
892632,1.0833333333333333,0
892701,1.125,0
892723,0.888888888888889,0
892797,1.9166666666666667,0
892967,0.875,0
892994,1.3472222222222223,0
893040,1.4444444444444444,0
893057,1.0694444444444444,0
893120,0.15277777777777776,0
893266,0.9444444444444443,0
893294,1.888888888888889,0
893375,1.861111111111111,0
893427,1.388888888888889,0
893549,1.611111111111111,0
893574,0.9722222222222222,0
893632,1.2083333333333333,0
893661,1.5,0
893725,0.8333333333333334,0
893771,1.2916666666666667,0
893789,1.3611111111111114,0
893863,1.5833333333333333,0
893866,7.5200000000000005,0
894041,1.125,0
894048,1.125,0
894099,0.8888888888888888,0
894111,1.5,0
894175,0.5833333333333334,0
894322,0.9722222222222222,0
894340,1.625,0
894436,1.75,0
894448,1.1944444444444444,0
894466,1.0,0
894478,1.4444444444444444,0
894532,6.4,0
894608,1.8194444444444444,0
894620,1.222222222222222,0
894691,0.9999999999999999,0
894788,1.7777777777777777,0
894799,1.5,0
894919,1.0833333333333333,0
895085,1.5555555555555556,0
895185,2.0,0
895267,1.6666666666666667,0
895346,1.0,0
895433,1.6527777777777777,0
895451,1.888888888888889,0
895537,1.222222222222222,0
895544,1.3472222222222223,0
895560,1.6805555555555556,0
895601,1.2916666666666667,0
895651,1.3333333333333333,0
895684,1.5,0
895725,0.7222222222222223,0
895878,1.5833333333333333,0
895921,1.611111111111111,0
895972,1.4166666666666667,0
896075,1.2916666666666667,0
896095,1.111111111111111,0
896283,7.68,0
896331,1.638888888888889,0
896372,1.8333333333333333,0
896651,0.4166666666666667,0
896790,1.152777777777778,0
896792,1.2638888888888888,0
896853,0.3055555555555555,0
896861,1.2222222222222223,0
896947,1.4166666666666667,0
896951,1.0555555555555556,0
897229,1.3472222222222223,0
897293,1.6111111111111114,0
897387,1.5972222222222223,0
897545,0.611111111111111,0
897673,1.388888888888889,1
897716,1.25,0
897772,1.0833333333333333,0
897835,1.3333333333333333,0
897904,1.0694444444444444,0
898000,1.9166666666666667,0
898122,1.28,0
898149,1.5833333333333333,0
898162,1.3333333333333333,0
898229,1.388888888888889,0
898417,1.4166666666666667,0
898423,2.0555555555555554,0
898427,6.0,0
898437,1.388888888888889,0
898438,1.2222222222222223,0
898495,1.0,0
898514,0.375,0
898552,1.4305555555555556,0
898630,1.3333333333333333,0
898698,1.125,0
898787,1.222222222222222,0
898788,1.3333333333333333,0
899009,1.3333333333333333,0
899287,1.111111111111111,0
899509,1.1666666666666667,0
899592,1.2222222222222223,0
899825,1.4583333333333333,0
899871,1.8333333333333333,0
899883,0.875,0
899958,1.75,0
900083,1.0,0
900133,1.5,0
900151,1.5833333333333333,0
900325,0.3055555555555555,1
900359,0.8888888888888888,0
900460,1.1666666666666667,0
900501,1.4444444444444444,0
900505,1.388888888888889,0
900726,0.763888888888889,0
900753,1.0,1
900795,1.0694444444444444,0
900853,1.625,0
900894,1.388888888888889,0
901002,1.8399999999999999,0
901049,1.4583333333333333,1
901231,1.1666666666666667,0
901442,1.5,0
901520,1.0833333333333333,0
901550,1.6805555555555556,0
901578,1.111111111111111,0
901690,1.375,0
901747,1.1944444444444444,0
901758,1.4583333333333333,0
901775,1.6111111111111114,0
901780,1.138888888888889,0
901819,1.5555555555555556,0
901857,1.0,0
901954,1.1666666666666667,0
901978,1.0,0
901987,1.4166666666666667,0
902015,1.1666666666666667,0
902040,1.152777777777778,0
902083,1.5277777777777777,0
902148,1.513888888888889,0
902192,0.8333333333333334,0
902241,0.7777777777777778,0
902277,1.44,0
902298,1.25,0
902515,1.5,0
902555,0.9999999999999999,0
902562,1.5833333333333333,0
902608,1.888888888888889,0
902679,1.0,0
902690,1.1666666666666667,0
902693,1.486111111111111,0
902852,1.5833333333333333,0
902966,1.1666666666666667,0
903006,1.375,0
903146,1.7083333333333333,0
903209,1.4166666666666667,0
903290,1.4444444444444444,0
903327,1.4583333333333333,0
903359,1.0,0
903379,1.7222222222222223,0
903496,1.0,0
903534,1.0694444444444444,0
903641,6.08,0
903648,1.0833333333333333,0
903797,1.222222222222222,0
904114,1.0694444444444444,0
904283,1.097222222222222,0
904304,1.25,0
904367,1.5,0
904378,1.486111111111111,0
904397,1.5,1
904501,0.9722222222222222,0
904602,0.8611111111111112,0
904669,1.25,0
904693,1.388888888888889,0
904704,1.3611111111111114,0
904736,1.2222222222222223,0
904741,1.0972222222222223,0
904805,1.2083333333333333,0
904920,1.111111111111111,0
904992,1.28,0
905180,2.0416666666666665,0
905213,1.625,0
905320,1.5,0
905360,3.6799999999999997,0
905478,1.4166666666666667,0
905569,0.6666666666666666,0
905634,1.6944444444444444,0
905787,1.222222222222222,0
905806,1.25,0
905854,1.6666666666666667,0
905907,1.7916666666666667,0
905909,1.3333333333333333,0
906158,1.4444444444444444,0
906178,0.625,0
906262,1.513888888888889,0
906267,1.8472222222222223,0
906274,1.0,1
906316,1.1666666666666667,0
906346,1.9444444444444444,0
906396,1.2083333333333333,0
906428,2.72,0
906468,1.25,0
906564,0.3055555555555555,1
906615,1.277777777777778,0
906623,1.6666666666666667,0
906715,1.2,0
906780,1.1111111111111112,0
906826,1.513888888888889,0
906836,1.388888888888889,0
906848,1.263888888888889,0
906852,1.152777777777778,0
906946,0.8333333333333334,0
907025,1.7222222222222223,0
907038,1.0,0
907077,1.6666666666666667,1
907157,0.875,0
907209,1.3333333333333333,0
907252,1.0694444444444444,0
907324,0.875,0
907544,1.4444444444444444,0
907636,1.4166666666666667,0
907858,1.3472222222222223,0
907934,1.4444444444444444,0
907950,1.2638888888888888,0
908120,1.1944444444444444,0
908123,1.75,0
908246,0.5833333333333334,0
908301,1.0,0
908374,1.5277777777777777,0
908404,1.027777777777778,0
908519,1.361111111111111,0
908580,1.263888888888889,0
908643,1.4444444444444444,0
908728,1.0,0
908729,1.5833333333333333,0
908759,1.5833333333333333,0
908844,1.152777777777778,0
908882,0.763888888888889,0
909020,1.5833333333333333,0
909068,6.4,0
909075,3.6799999999999997,0
909134,1.8055555555555556,0
909238,4.64,0
909242,1.5694444444444444,0
909260,1.875,0
909262,1.25,1
909328,1.0,0
909385,1.0,0
909476,1.6666666666666667,0
909483,1.4444444444444444,0
909503,1.25,0
909543,1.4583333333333333,0
909677,1.6666666666666667,0
909727,9.6,0
909800,1.125,0
909845,1.1527777777777777,0
910056,1.8055555555555556,0
910142,1.4166666666666667,0
910157,0.4444444444444444,0
910391,0.7222222222222223,0
910492,0.75,1
910576,1.0,0
910645,0.6944444444444445,0
910716,0.7777777777777777,0
910875,1.277777777777778,0
910969,1.0,0
911003,1.611111111111111,0
911089,1.0833333333333333,0
911372,1.388888888888889,0
911503,1.5555555555555554,0
911525,1.0833333333333333,0
911585,1.4166666666666667,0
911655,1.4166666666666667,0
911663,0.8333333333333334,0
911668,1.0,0
911744,3.84,0
911812,1.2916666666666667,0
911852,1.6666666666666667,1
911906,1.097222222222222,0
911920,2.0,0
911971,1.7083333333333333,0
912064,1.388888888888889,0
912128,1.5,0
912252,0.8888888888888888,0
912293,1.5833333333333333,0
912352,0.3055555555555555,0
912396,1.4305555555555554,0
912420,1.097222222222222,0
912539,1.027777777777778,0
912588,1.5555555555555556,0
912633,6.720000000000001,0
912712,1.222222222222222,0
912757,1.5833333333333333,0
912797,1.4583333333333333,0
912864,1.2777777777777777,0
912939,1.4583333333333333,0
912957,1.0694444444444444,0
913060,1.125,0
913233,1.0694444444444444,0
913340,2.222222222222222,0
913449,1.7083333333333333,0
913522,1.5555555555555556,0
913571,1.6666666666666667,0
913721,1.3194444444444444,0
913866,1.2916666666666667,0
913895,1.986111111111111,0
913949,1.2916666666666667,0
913981,1.513888888888889,0
914044,1.3333333333333333,0
914088,1.361111111111111,0
914152,1.6666666666666667,0
914316,1.2916666666666667,0
914368,1.5,0
914609,1.2638888888888888,0
914799,6.4,0
914937,1.1805555555555556,0
915147,1.513888888888889,0
915156,1.125,0
915194,1.4444444444444444,0
915198,1.4166666666666667,0
915243,1.4166666666666667,1
915286,1.2916666666666667,0
915439,1.3333333333333333,0
915571,1.1666666666666667,0
915638,0.8888888888888888,0
915846,1.3333333333333333,0
915902,1.111111111111111,0
915933,1.1111111111111112,0
915948,1.1666666666666667,0
916000,1.25,0
916020,1.3333333333333333,0
916131,1.4444444444444444,0
916269,1.25,0
916300,1.2083333333333333,0
916358,1.4444444444444444,0
916478,5.76,0
916594,1.0555555555555556,0
916851,1.388888888888889,0
916880,1.7083333333333333,0
917191,1.875,0
917192,1.888888888888889,0
917352,1.0694444444444444,0
917423,1.3333333333333333,0
917610,1.3333333333333333,0
917630,1.4166666666666667,0
917725,1.5555555555555556,0
917779,1.0833333333333333,0
917798,1.222222222222222,0
917870,1.125,0
917972,1.0555555555555556,0
917983,1.4166666666666667,0
917998,1.0,0
918017,1.3333333333333333,1
918021,1.7777777777777777,0
918042,1.263888888888889,0
918048,1.388888888888889,0
918053,1.3333333333333333,0
918112,1.5833333333333333,0
918163,1.5277777777777777,0
918272,1.6666666666666667,0
918341,1.3472222222222223,0
918478,1.25,0
918479,1.5555555555555556,0
918564,1.25,0
918631,1.6666666666666667,0
918756,1.25,0
918807,1.611111111111111,0
918984,1.3333333333333333,0
919117,1.2222222222222223,0
919285,1.5,0
919329,0.9861111111111112,0
919338,1.5,0
919340,1.0,0
919437,1.027777777777778,0
919557,1.625,0
919668,1.2916666666666667,0
919748,1.9444444444444444,0
919818,1.763888888888889,0
919823,1.388888888888889,0
919832,4.24,0
919888,1.44,0
919889,1.3194444444444444,0
919894,1.513888888888889,0
919922,1.486111111111111,1
919951,1.9166666666666667,0
920100,0.5833333333333334,0
920118,1.222222222222222,0
920145,1.6805555555555556,0
920162,1.8333333333333333,0
920175,1.5833333333333333,0
920211,6.32,0
920321,1.6666666666666667,0
920326,1.9200000000000004,0
920545,1.5833333333333333,0
920637,0.9166666666666666,0
920657,1.6666666666666667,0
920716,3.84,0
920792,1.5555555555555556,0
920840,1.1666666666666667,0
920954,8.0,0
920966,1.1111111111111112,0
921059,1.0,0
921102,0.75,0
921130,1.5,0
921278,1.4166666666666667,0
921298,0.9166666666666666,0
921357,1.6666666666666667,0
921375,1.388888888888889,0
921403,0.9722222222222223,1
921489,1.611111111111111,0
921530,0.75,1
921563,1.75,0
921705,1.75,0
921776,1.2,0
921777,1.4166666666666667,0
921886,1.222222222222222,0
921899,1.097222222222222,0
922000,1.2777777777777777,0
922047,1.0833333333333333,0
922161,1.5277777777777777,0
922188,0.9166666666666666,0
922206,1.277777777777778,0
922210,1.0833333333333333,0
922351,1.4166666666666667,0
922388,1.3333333333333333,0
922484,1.777777777777778,0
922614,1.28,0
922634,1.638888888888889,0
922786,1.1666666666666667,0
922815,1.9166666666666667,0
922926,1.3333333333333333,0
923041,1.2222222222222223,0
923062,1.5555555555555556,0
923108,1.3333333333333333,0
923164,0.875,0
923201,1.4583333333333333,0
923234,1.1666666666666667,0
923268,1.28,0
923293,1.6666666666666667,0
923333,1.0,0
923336,1.4166666666666667,0
923406,1.1666666666666667,0
923527,1.7222222222222223,0
923560,0.9583333333333334,0
923680,1.388888888888889,0
923761,0.888888888888889,0
923799,1.125,0
923959,1.388888888888889,0
924037,0.9583333333333334,0
924056,1.7916666666666667,0
924089,0.75,0
924132,1.5,0
924153,1.222222222222222,0
924173,1.3333333333333333,0
924268,2.3200000000000003,0
924469,0.9583333333333334,0
924489,1.527777777777778,0
924493,1.1805555555555556,0
924630,0.75,0
924634,1.75,0
924643,1.3194444444444444,0
924719,1.1944444444444444,0
924724,6.08,0
924787,1.9166666666666667,0
924793,1.5833333333333333,0
924794,1.5,0
924878,4.8,0
924936,1.361111111111111,0
925254,1.7083333333333333,0
925340,1.1805555555555556,0
925353,1.3611111111111114,0
925385,1.5555555555555556,0
925413,1.763888888888889,0
925433,1.7083333333333333,0
925504,1.5,0
925573,1.1666666666666667,0
925609,0.875,0
925767,4.96,0
925819,1.75,0
925850,5.12,0
925978,1.388888888888889,0
926083,0.9444444444444445,0
926106,0.9583333333333334,0
926129,1.3055555555555556,0
926175,1.2638888888888888,0
926250,1.4305555555555554,0
926277,1.0,0
926300,1.722222222222222,0
926451,1.75,0
926494,1.0,0
926609,1.6805555555555556,0
926611,1.5,0
926961,1.611111111111111,0
927026,1.3333333333333333,0
927202,1.5972222222222223,0
927305,1.25,0
927339,1.6666666666666667,0
927401,1.222222222222222,0
927446,1.125,0
927676,1.0555555555555556,0
927703,1.736111111111111,0
927721,0.9166666666666666,0
927848,1.222222222222222,0
927887,1.5,0
927937,0.48,0
927943,1.3333333333333333,0
927975,0.6944444444444443,0
928082,0.6666666666666666,0
928116,0.7777777777777778,0
928153,1.4583333333333333,0
928238,1.5833333333333333,0
928291,1.3333333333333333,0
928292,1.0833333333333333,0
928294,1.3333333333333333,0
928354,1.5416666666666667,0
928438,1.9200000000000004,0
928644,1.4305555555555554,0
928734,1.28,0
928804,1.0555555555555556,0
928868,1.5,0
928916,1.5,0
928922,1.0833333333333333,0
928942,0.64,0
928957,1.25,0
928964,1.5,0
929009,1.3194444444444444,0
929097,1.875,0
929282,1.4166666666666667,0
929302,1.2083333333333333,0
929410,1.1944444444444444,0
929451,1.25,0
929701,1.986111111111111,0
929712,0.6944444444444445,1
929728,1.1666666666666667,0
929880,1.5277777777777777,0
929885,1.5833333333333333,0
929913,1.1666666666666667,0
929980,1.1666666666666667,0
930089,7.5200000000000005,0
930209,1.388888888888889,0
930325,1.388888888888889,0
930489,0.9166666666666666,0
930502,1.2916666666666667,0
930562,1.5,0
930584,1.4166666666666667,0
930718,1.5833333333333333,0
930774,1.0,0
930848,1.361111111111111,0
930893,1.388888888888889,0
930900,1.111111111111111,0
930921,1.388888888888889,0
931054,0.9166666666666666,0
931097,1.4166666666666667,0
931135,1.9305555555555556,0
931183,2.0833333333333335,0
931244,1.4166666666666667,0
931247,1.625,1
931537,0.763888888888889,0
931622,0.9722222222222222,0
931657,1.125,0
931914,1.7916666666666667,0
932233,6.720000000000001,0
932249,1.25,0
932270,1.5,0
932363,0.5555555555555556,0
932405,1.5,0
932453,1.625,0
932513,1.3333333333333333,0
932526,0.9305555555555555,0
932572,1.5833333333333333,0
932623,1.486111111111111,0
932745,1.125,0
932748,1.25,1
932823,1.1666666666666667,0
932973,1.75,0
933053,3.84,0
933187,1.486111111111111,0
933208,1.0555555555555556,0
933233,1.736111111111111,0
933552,0.9166666666666666,0
933642,0.9444444444444443,0
933656,1.3333333333333333,0
933682,0.611111111111111,0
933707,1.6805555555555556,0
933807,1.3194444444444444,0
933848,1.1666666666666667,0
933968,1.75,0
934134,1.0,0
934212,0.9166666666666666,0
934235,1.5,0
934267,1.3611111111111114,0
934280,1.2222222222222223,0
934529,0.5555555555555555,1
934604,1.597222222222222,0
934893,1.5,0
934912,0.8333333333333334,0
935068,1.5833333333333333,0
935110,1.125,0
935161,1.4583333333333333,0
935235,1.4027777777777777,0
935253,1.4444444444444444,0
935274,1.2638888888888888,0
935328,1.4166666666666667,0
935420,1.5833333333333333,0
935504,1.222222222222222,0
935570,1.277777777777778,0
935738,1.7916666666666667,0
935876,1.9305555555555556,0
936088,6.32,0
936211,1.4305555555555556,0
936214,1.2222222222222223,0
936273,1.3333333333333333,0
936305,1.1111111111111112,0
936319,1.5277777777777777,0
936440,1.1111111111111112,0
936547,1.125,0
936570,1.2638888888888888,0
936612,0.875,1
936723,1.5,1
936761,4.88,0
937030,2.0277777777777777,0
937065,1.4166666666666667,0
937071,6.720000000000001,0
937127,1.2916666666666667,0
937163,1.1666666666666667,0
937228,1.3333333333333333,0
937250,1.388888888888889,0
937312,1.2222222222222223,0
937385,1.125,0
937418,1.25,0
937430,1.222222222222222,0
937476,1.4166666666666667,0
937484,1.25,1
937512,1.4583333333333333,0
937638,1.25,0
937645,1.527777777777778,0
937662,1.25,0
937742,0.9166666666666666,0
937788,1.6666666666666667,0
937862,1.4166666666666667,0
937911,1.7083333333333333,0
937922,1.388888888888889,0
937946,1.0694444444444444,0
937956,0.7777777777777778,0
938031,1.3333333333333333,0
938093,6.08,0
938323,1.6666666666666667,0
938324,1.125,0
938482,0.3055555555555555,1
938516,1.277777777777778,0
938603,1.5,0
938628,1.3194444444444444,0
938636,0.8333333333333334,0
938822,1.4166666666666667,0
938873,1.3333333333333333,0
938914,1.3333333333333333,0
938981,2.56,0
939094,0.7916666666666666,0
939098,1.3333333333333333,0
939103,1.6666666666666667,0
939238,0.8888888888888888,0
939319,1.8333333333333333,0
939399,0.9722222222222222,0
939428,1.5,0
939431,0.9600000000000002,0
939466,1.4444444444444444,0
939485,1.5833333333333333,0
939562,1.5833333333333333,0
939571,1.375,0
939683,1.3472222222222223,0
939741,1.097222222222222,0
939752,1.4305555555555556,0
939766,1.1666666666666667,0
939856,0.8333333333333334,0
939932,1.6666666666666667,0
939961,1.3611111111111114,0
939992,1.0,0
940187,3.84,0
940200,5.12,0
940213,1.75,0
940249,1.486111111111111,0
940256,1.6666666666666667,0
940711,1.3333333333333333,0
940760,1.3472222222222223,0
940796,1.5,0
940822,1.4166666666666667,0
941064,0.625,0
941092,1.222222222222222,0
941109,1.222222222222222,0
941122,1.7222222222222223,1
941127,0.7777777777777778,0
941170,1.5972222222222223,0
941361,1.7222222222222223,0
941380,1.513888888888889,0
941545,1.44,0
941621,0.7777777777777778,1
941679,1.5833333333333333,0
941683,1.25,0
941719,1.222222222222222,1
941852,0.9444444444444443,0
941865,1.388888888888889,0
941882,1.0833333333333333,0
941984,1.4583333333333333,0
942017,0.8333333333333334,1
942191,3.8400000000000007,0
942355,0.9166666666666666,0
942413,1.6527777777777777,0
942535,1.111111111111111,0
942601,1.7222222222222223,0
942681,1.8333333333333333,0
942703,0.875,0
942779,1.4444444444444444,0
942819,1.111111111111111,0
942926,1.513888888888889,0
942984,1.222222222222222,0
943048,1.4583333333333333,0
943068,1.5555555555555554,0
943195,1.388888888888889,1
943211,1.4444444444444444,0
943236,0.3055555555555555,0
943380,8.48,0
943460,1.25,0
943553,1.1666666666666667,0
943602,5.12,0
943647,8.48,0
943756,1.4166666666666667,0
943775,1.277777777777778,0
943804,5.68,0
943997,0.875,0
944035,1.25,0
944093,1.3888888888888886,0
944124,1.2916666666666667,0
944243,5.04,0
944261,1.5,0
944355,1.2222222222222223,0
944454,0.75,0
944491,0.4583333333333333,1
944506,1.0694444444444444,0
944541,1.527777777777778,0
944636,1.25,0
944702,0.7777777777777778,0
944750,1.8888888888888886,0
944810,1.75,0
944821,1.0,0
944855,1.2777777777777777,0
944980,1.5277777777777777,0
945014,1.1666666666666667,0
945015,1.25,0
945037,1.25,0
945064,1.4027777777777777,0
945091,1.75,0
945133,1.1527777777777777,0
945166,1.4305555555555554,0
945199,1.375,0
945379,0.5,0
945430,1.4166666666666667,0
945455,0.7638888888888888,1
945479,1.513888888888889,0
945485,1.152777777777778,0
945703,4.64,0
945761,0.7777777777777778,1
945765,1.2916666666666667,0
945780,1.388888888888889,0
945834,2.4,0
945974,1.736111111111111,0
945996,1.6944444444444444,0
946001,1.361111111111111,0
946061,1.4444444444444444,0
946070,1.3333333333333333,0
946172,1.388888888888889,1
946258,1.5,0
946525,1.4166666666666667,0
946645,0.3055555555555555,1
946771,1.9166666666666667,0
946816,1.3472222222222223,0
946932,0.875,0
946998,1.0833333333333333,0
947001,1.1805555555555556,0
947026,1.6805555555555556,0
947099,0.75,0
947123,1.0,1
947158,1.3333333333333333,0
947234,1.375,0
947367,1.263888888888889,0
947408,1.6666666666666667,0
947467,1.3333333333333333,0
947497,1.5555555555555554,0
947620,0.7777777777777778,0
947635,0.7777777777777778,0
947641,0.9722222222222222,0
947679,6.720000000000001,0
947711,1.611111111111111,0
947750,3.5200000000000005,0
947763,0.763888888888889,0
947863,1.5,0
947868,1.388888888888889,0
947906,2.0,0
948053,1.4166666666666667,0
948117,1.1666666666666667,0
948145,1.0694444444444444,0
948325,1.1111111111111112,0
948404,0.9166666666666666,0
948489,1.6666666666666667,0
948576,0.8888888888888888,0
948591,1.1666666666666667,0
948616,1.6666666666666667,0
948658,1.0,0
948662,1.25,0
948693,1.75,0
948714,1.6111111111111114,0
948747,1.7777777777777777,0
948783,1.3888888888888886,0
948785,1.222222222222222,0
948815,1.0138888888888888,0
948825,1.3333333333333333,0
948831,1.25,0
948950,1.8333333333333333,0
949134,1.5,0
949175,1.5,0
949290,1.388888888888889,0
949406,1.3611111111111114,0
949821,0.8333333333333334,0
949829,1.3055555555555556,0
949890,1.0555555555555556,0
949952,1.3611111111111114,0
949974,1.25,0
950029,0.9166666666666666,0
950107,0.64,0
950193,1.5833333333333333,0
950213,1.0416666666666667,0
950216,2.32,0
950336,1.25,0
950356,1.75,0
950391,1.5,0
950393,1.375,0
950403,1.3333333333333333,0
950437,1.1666666666666667,0
950445,1.3194444444444444,0
950446,1.5,0
950467,3.44,0
950593,1.513888888888889,0
950660,1.1666666666666667,0
950707,1.25,0
950832,1.222222222222222,0
950914,1.513888888888889,0
950915,1.6666666666666667,0
950933,1.3333333333333333,0
950980,1.3333333333333333,0
951116,0.7777777777777778,0
951226,1.5,0
951353,2.4,0
951389,1.0555555555555556,0
951458,1.152777777777778,0
951546,1.222222222222222,0
951616,1.0555555555555556,0
951624,1.0555555555555556,0
951712,1.75,0
951719,1.5,0
951746,0.625,0
951781,1.5555555555555556,0
951879,6.4,0
951941,1.1666666666666667,0
951954,0.9722222222222222,0
952003,1.875,0
952026,1.1666666666666667,0
952077,1.0555555555555556,0
952093,0.8333333333333334,0
952222,0.9722222222222222,0
952322,1.6666666666666667,0
952326,1.0,0
952493,1.0555555555555556,0
952532,0.4166666666666667,0
952545,1.25,0
952573,0.5555555555555556,1
952582,4.32,0
952602,0.4583333333333333,0
952629,1.277777777777778,0
952641,1.25,0
952672,3.5200000000000005,0
952696,0.6666666666666666,0
952717,1.4444444444444444,0
952730,1.6666666666666667,0
952911,0.625,0
952938,1.2916666666666667,0
952955,1.4583333333333333,0
952959,1.4305555555555554,0
953097,1.1111111111111112,0
953198,1.4166666666666667,0
953210,1.277777777777778,1
953281,1.1111111111111112,0
953341,1.3333333333333333,0
953420,0.4166666666666667,0
953431,1.2916666666666667,0
953448,3.7600000000000002,0
953614,0.9722222222222222,0
953673,1.388888888888889,0
953693,1.4444444444444444,0
953784,4.8,0
953795,1.513888888888889,0
953892,1.6666666666666667,0
953927,0.7777777777777778,0
954231,1.3472222222222223,0
954329,0.875,0
954424,1.125,0
954453,1.9166666666666667,0
954558,1.3194444444444444,0
954570,1.5833333333333333,0
954750,1.513888888888889,0
954836,1.9305555555555556,0
954952,1.3333333333333333,0
954973,1.388888888888889,0
955087,1.2222222222222223,0
955178,0.8333333333333334,0
955292,1.277777777777778,0
955424,1.4444444444444444,0
955448,0.875,0
955463,1.0,0
955479,2.111111111111111,0
955567,0.4166666666666667,0
955633,1.3333333333333333,0
955649,1.4444444444444444,0
955666,1.4166666666666667,0
955716,1.4583333333333333,0
955720,1.9166666666666667,0
955750,1.1944444444444444,0
955773,6.720000000000001,0
955991,1.1111111111111112,0
956005,1.7777777777777777,0
956071,1.4166666666666667,0
956144,1.4583333333333333,0
956191,1.6666666666666667,0
956402,1.1666666666666667,0
956438,1.388888888888889,0
956477,1.75,0
956558,1.5,0
956619,1.0,0
956843,1.222222222222222,0
956861,1.8333333333333333,1
956908,1.277777777777778,0
956946,1.111111111111111,0
957008,1.1666666666666667,0
957061,1.513888888888889,0
957127,1.0,0
957214,1.3194444444444444,0
957276,1.3333333333333333,1
957413,1.6666666666666667,0
957419,0.75,0
957452,1.277777777777778,0
957557,0.8750000000000001,0
957571,1.222222222222222,0
957572,1.3472222222222223,0
957628,1.277777777777778,0
957686,1.3472222222222223,0
957764,1.125,0
957881,1.736111111111111,0
957901,0.6944444444444445,0
957912,5.76,0
958005,1.611111111111111,0
958026,1.0833333333333333,0
958059,1.6666666666666667,0
958143,1.111111111111111,0
958224,1.5972222222222223,0
958243,2.0833333333333335,0
958274,1.4166666666666667,0
958299,1.3055555555555556,0
958472,1.2222222222222223,0
958491,1.3333333333333333,0
958544,0.8333333333333334,0
958687,1.1666666666666667,0
958709,1.25,0
958767,1.2916666666666667,0
958791,1.875,0
958800,1.4444444444444444,0
958915,3.6799999999999997,0
958923,1.4027777777777777,0
958931,1.888888888888889,0
958941,1.6,0
959044,1.4166666666666667,0
959059,0.875,0
959137,1.6944444444444444,0
959192,1.3888888888888886,0
959280,1.5833333333333333,0
959364,1.0,0
959402,1.4305555555555556,0
959478,1.2777777777777777,0
959514,2.6399999999999997,0
959673,1.6666666666666667,0
959728,1.1666666666666667,0
959793,1.3472222222222223,0
959821,1.4583333333333333,0
959977,7.2,0
960005,1.0833333333333333,0
960082,2.0,0
960195,1.0,0
960309,0.8333333333333334,0
960417,7.040000000000001,0
960441,1.3194444444444444,0
960629,1.222222222222222,0
960708,1.4583333333333333,0
960913,1.8333333333333333,0
960934,1.5555555555555556,0
961177,0.763888888888889,0
961218,1.3333333333333333,0
961331,1.7777777777777777,0
961427,1.277777777777778,0
961533,1.2222222222222223,0
961595,1.0,0
961639,1.7083333333333333,0
961682,0.5555555555555555,0
961837,1.3194444444444444,0
961961,0.875,0
961965,1.2222222222222223,0
961978,1.6666666666666667,0
962011,1.4583333333333333,0
962267,0.9722222222222222,0
962455,1.277777777777778,0
962566,0.6944444444444445,0
962637,1.5833333333333333,0
962657,1.4166666666666667,0
962661,0.9583333333333334,0
962730,1.3333333333333333,0
962801,1.25,0
962989,1.1666666666666667,0
963016,1.75,0
963036,1.3472222222222223,0
963067,1.25,0
963100,1.222222222222222,0
963170,0.5555555555555556,0
963410,1.4444444444444444,0
963464,1.2916666666666667,0
963473,1.5555555555555556,0
963487,1.0833333333333333,0
963502,1.4444444444444444,0
963523,1.361111111111111,0
963541,0.75,0
963595,1.1666666666666667,0
963619,5.92,0
963642,1.2777777777777777,0
963644,0.8888888888888888,0
963690,1.3333333333333333,0
963757,1.25,0
963814,1.361111111111111,0
963985,1.5277777777777777,0
964047,0.7083333333333334,0
964151,0.875,0
964159,1.152777777777778,0
964744,0.7777777777777778,0
964789,1.5833333333333333,0
964791,0.5555555555555555,0
965012,1.486111111111111,0
965066,1.75,1
965079,1.222222222222222,0
965116,1.2222222222222223,0
965154,1.125,0
965254,4.64,0
965482,1.3194444444444444,0
965590,1.222222222222222,0
965605,0.7222222222222222,0
965674,1.3333333333333333,0
965688,1.3333333333333333,0
965698,1.4166666666666667,0
965751,0.875,0
965758,1.388888888888889,0
965948,1.1666666666666667,0
966059,1.611111111111111,0
966117,1.375,0
966142,1.125,0
966204,1.1111111111111112,0
966210,6.720000000000001,0
966227,0.4583333333333333,0
966285,1.2777777777777777,0
966372,1.5833333333333333,0
966389,1.8333333333333333,0
966391,0.8333333333333334,0
966512,1.3333333333333333,0
966580,1.597222222222222,0
966698,1.3333333333333333,1
966729,1.111111111111111,0
966797,1.3472222222222223,0
966891,1.0,0
966920,0.75,0
966953,0.8611111111111112,0
967017,1.5555555555555556,0
967032,1.0,0
967035,1.5833333333333333,0
967093,1.25,0
967150,1.1666666666666667,0
967241,1.097222222222222,0
967253,1.0,1
967298,1.9305555555555556,0
967300,7.68,0
967347,1.2916666666666667,0
967443,1.1111111111111112,0
967462,1.222222222222222,0
967490,1.3333333333333333,0
967500,2.56,0
967502,0.625,0
967628,1.5555555555555556,0
967637,1.3194444444444444,0
967693,0.6944444444444445,1
967772,1.6666666666666667,0
967838,1.3333333333333333,0
967883,1.1944444444444444,0
967904,2.0833333333333335,0
967966,1.5,0
968034,1.6944444444444444,0
968064,1.222222222222222,0
968090,1.486111111111111,0
968225,1.3333333333333333,0
968253,1.0,0
968312,1.25,0
968325,1.5833333333333333,0
968370,1.5833333333333333,0
968447,2.0,0
968450,1.3055555555555556,0
968484,0.9166666666666666,0
968497,1.25,0
968608,1.6805555555555556,0
968632,1.722222222222222,0
968638,1.2916666666666667,0
968666,1.5555555555555556,0
968671,1.1666666666666667,0
968764,4.88,0
968807,1.486111111111111,0
968828,0.27777777777777773,0
968943,0.75,0
969053,2.0,0
969092,1.7916666666666667,0
969165,0.96,0
969277,1.111111111111111,0
969313,1.4444444444444444,0
969318,1.3333333333333333,0
969342,1.222222222222222,0
969350,1.611111111111111,0
969360,1.5,0
969378,1.3194444444444444,0
969483,1.3333333333333333,0
969485,1.25,0
969500,1.027777777777778,0
969616,0.6111111111111112,0
969617,2.56,0
969626,1.388888888888889,0
969632,1.1666666666666667,0
969653,1.3333333333333333,1
969687,1.1111111111111112,0
969689,1.3333333333333333,0
969732,1.6111111111111114,0
969764,1.388888888888889,0
969810,1.1666666666666667,0
969913,1.6666666666666667,0
969924,1.1805555555555556,0
969933,1.2222222222222223,0
969938,0.875,0
970014,1.0,0
970092,1.1666666666666667,0
970102,1.5,0
970154,1.4166666666666667,0
970195,1.388888888888889,0
970351,3.84,0
970576,0.8333333333333334,0
970637,1.2222222222222223,0
970639,1.0833333333333333,0
970706,1.3472222222222223,0
970746,1.3194444444444444,0
970783,1.375,0
970964,0.9166666666666666,0
970976,1.4166666666666667,0
971097,1.2916666666666667,0
971107,1.8333333333333333,0
971142,1.5,0
971157,1.3333333333333333,0
971164,1.7222222222222223,0
971318,1.4305555555555556,0
971370,1.4305555555555556,0
971488,1.3333333333333333,0
971528,1.4305555555555554,0
971581,1.4583333333333333,0
971582,1.25,0
971599,1.4583333333333333,0
971609,1.0,0
971627,1.2916666666666667,0
971637,1.6666666666666667,0
971670,3.84,0
971987,1.6111111111111114,0
972121,1.3194444444444444,0
972129,0.9444444444444445,0
972157,1.3333333333333333,0
972298,1.513888888888889,0
972581,1.0694444444444444,0
972636,1.4166666666666667,0
972648,2.2399999999999998,0
972673,1.4305555555555554,0
972686,1.0833333333333333,0
972732,1.5,0
972787,1.0,0
972795,1.4583333333333333,0
972954,0.5555555555555556,0
972964,1.2222222222222223,0
972994,1.4166666666666667,0
973060,1.1666666666666667,1
973111,1.5,0
973112,1.2916666666666667,0
973168,1.6666666666666667,0
973357,1.75,0
973485,1.3611111111111114,0
973524,1.3194444444444444,0
973728,1.6805555555555556,0
973846,6.56,0
973860,1.125,0
973897,1.25,0
973921,1.388888888888889,0
973951,1.6666666666666667,0
974041,1.5,0
974114,1.027777777777778,0
974209,1.25,0
974265,3.84,0
974330,1.0833333333333333,0
974441,1.388888888888889,1
974500,1.875,0
974606,1.1666666666666667,0
974617,1.3333333333333333,0
974630,1.4166666666666667,0
974758,5.12,0
974777,2.0277777777777777,0
974829,1.5,0
974848,0.2777777777777778,0
974875,1.5416666666666667,0
975181,1.0,0
975199,1.5,0
975298,1.25,0
975309,1.6944444444444444,0
975387,1.388888888888889,0
975407,1.4166666666666667,0
975412,1.2916666666666667,0
975477,1.1111111111111112,0
975497,0.888888888888889,0
975614,1.5833333333333333,0
975749,1.5972222222222223,0
975767,1.5833333333333333,0
975846,1.8055555555555556,0
975918,1.1666666666666667,0
975944,1.1666666666666667,0
976007,1.111111111111111,0
976153,1.8055555555555556,0
976307,1.25,0
976423,1.5833333333333333,0
976489,1.1111111111111112,0
976513,1.513888888888889,0
976529,1.4166666666666667,0
976596,1.5833333333333333,0
976605,1.388888888888889,0
976623,1.611111111111111,0
976636,1.5,0
976695,1.3333333333333333,0
976700,1.1666666666666667,0
977037,0.611111111111111,0
977080,1.25,0
977178,1.4166666666666667,0
977244,1.1805555555555556,0
977274,1.7083333333333333,0
977303,1.25,0
977305,1.152777777777778,0
977363,1.5,1
977377,1.5,1
977523,1.7083333333333333,0
977550,1.0555555555555556,0
977693,4.720000000000001,0
977916,1.25,0
978048,0.75,0
978130,1.0,0
978349,1.125,0
978484,1.6666666666666667,0
978654,0.7777777777777777,0
978676,1.75,0
979010,1.6805555555555556,0
979053,1.5,0
979075,5.76,0
979115,0.8333333333333334,0
979135,3.6799999999999997,0
979262,1.25,0
979309,1.4583333333333333,0
979355,1.7083333333333333,0
979389,1.9166666666666667,0
979449,1.388888888888889,1
979467,1.25,0
979548,1.1666666666666667,0
979575,1.4444444444444444,0
979598,1.6527777777777777,0
979634,1.6666666666666667,0
979639,1.5972222222222223,0
979644,1.3333333333333333,0
979703,1.2777777777777777,0
979776,1.8055555555555556,0
979901,1.3333333333333333,0
979983,1.25,0
980198,0.9722222222222222,0
980338,1.222222222222222,0
980414,1.1666666666666667,0
980478,1.5833333333333333,0
980575,1.3333333333333333,0
980651,1.5833333333333333,0
980761,1.5,0
980788,6.56,0
980837,1.2222222222222223,0
980856,1.513888888888889,0
980915,1.2777777777777777,0
980935,0.7777777777777777,0
980952,1.1111111111111112,0
981091,1.5,0
981117,1.4583333333333333,0
981150,1.888888888888889,0
981160,1.513888888888889,0
981195,1.3333333333333333,0
981201,1.4444444444444444,0
981220,0.8333333333333334,1
981304,1.0833333333333333,0
981343,2.111111111111111,0
981395,1.5416666666666667,0
981427,2.0277777777777777,0
981434,1.0555555555555556,0
981508,0.75,0
981536,1.3888888888888886,0
981581,1.5416666666666667,0
981664,1.9027777777777777,0
981674,1.8333333333333333,0
981691,1.3333333333333333,0
981737,1.25,0
981848,1.6666666666666667,0
981851,1.4444444444444444,0
981920,1.4166666666666667,0
982017,1.5833333333333333,0
982059,1.1388888888888888,0
982096,1.3333333333333333,0
982202,1.0,0
982296,1.3333333333333333,0
982416,1.6666666666666667,0
982433,0.72,0
982446,1.222222222222222,0
982501,1.222222222222222,0
982508,0.9444444444444443,0
982528,0.7777777777777777,1
982535,1.3333333333333333,0
982542,0.8333333333333334,1
982578,1.5,0
982715,1.486111111111111,0
982969,0.625,0
983130,5.76,0
983242,1.4166666666666667,0
983393,0.9166666666666666,0
983416,7.68,0
983524,3.84,0
983551,1.388888888888889,0
983713,1.1111111111111112,0
983809,3.84,0
983822,1.722222222222222,0
983900,1.861111111111111,0
983968,1.75,0
984055,1.2,0
984086,1.222222222222222,0
984115,1.513888888888889,0
984290,1.5,0
984409,1.4166666666666667,0
984429,1.1944444444444444,0
984545,1.6666666666666667,0
984636,1.222222222222222,0
984798,1.5,0
984824,2.56,0
984878,1.25,0
985183,1.611111111111111,0
985211,1.1111111111111112,0
985266,0.888888888888889,0
985320,0.6944444444444445,1
985341,1.388888888888889,0
985374,1.0,0
985516,1.5,0
985707,0.9166666666666666,0
985765,1.5,0
985839,0.7638888888888888,0
986018,1.4444444444444444,0
986055,0.75,0
986086,1.2916666666666667,0
986143,0.9444444444444443,0
986208,1.125,0
986217,1.513888888888889,0
986288,1.5555555555555554,0
986421,1.222222222222222,0
986461,1.4166666666666667,0
986507,1.25,0
986551,1.722222222222222,0
986623,1.1666666666666667,0
986825,0.9722222222222222,0
987122,1.5833333333333333,0
987153,1.513888888888889,0
987171,1.0833333333333333,0
987205,1.4444444444444444,0
987221,1.4166666666666667,0
987347,1.388888888888889,0
987425,1.6527777777777777,0
987482,1.2638888888888888,0
987530,0.875,0
987612,1.222222222222222,0
987921,1.2777777777777777,0
987978,1.0,0
988043,1.5555555555555556,0
988149,0.9722222222222222,0
988178,1.5555555555555556,0
988249,1.361111111111111,0
988307,1.6666666666666667,0
988345,1.3472222222222223,0
988392,1.8333333333333333,0
988419,3.6799999999999997,0
988510,1.8333333333333333,0
988638,1.4166666666666667,0
988691,1.4444444444444444,0
988728,1.6,0
988921,0.7777777777777777,0
989048,1.9722222222222223,0
989134,1.1666666666666667,0
989148,1.2222222222222223,0
989154,1.5555555555555556,0
989256,0.9722222222222222,0
989262,1.1666666666666667,0
989406,3.84,0
989478,0.6944444444444443,0
989527,5.76,0
989528,1.611111111111111,0
989568,0.7777777777777778,0
989666,1.736111111111111,0
989746,1.1111111111111112,0
989802,1.5555555555555556,0
989816,1.4444444444444444,0
989986,1.1666666666666667,0
990077,1.4166666666666667,0
990204,1.5833333333333333,0
990218,1.4166666666666667,0
990268,1.0,0
990595,0.75,0
990598,1.3333333333333333,0
990905,1.763888888888889,0
990918,1.4166666666666667,0
990933,1.9444444444444444,0
990955,1.3333333333333333,0
991050,0.9166666666666666,0
991056,1.5833333333333333,0
991084,1.3333333333333333,0
991090,1.3194444444444444,0
991210,1.388888888888889,1
991230,1.5,0
991356,1.3611111111111114,0
991419,0.7777777777777778,0
991442,1.1111111111111112,1
991529,1.638888888888889,0
991568,0.8888888888888888,0
991638,1.611111111111111,0
991672,1.486111111111111,0
991893,1.388888888888889,0
991924,1.125,0
992002,0.9166666666666666,0
992028,1.4166666666666667,0
992065,1.25,1
992072,1.3333333333333333,0
992168,1.1805555555555556,0
992194,1.875,0
992268,1.5416666666666667,0
992476,1.486111111111111,0
992488,0.875,0
992524,0.763888888888889,0
992538,1.4444444444444444,0
992769,0.15277777777777776,0
992854,1.0555555555555556,0
992886,0.625,0
992930,1.25,0
992985,1.222222222222222,0
992986,1.8055555555555556,0
993054,1.75,0
993058,1.222222222222222,0
993170,6.720000000000001,0
993241,4.8,0
993266,1.5,0
993271,1.111111111111111,0
993328,1.75,0
993650,1.5,0
993986,1.097222222222222,0
994044,0.875,1
994225,1.2916666666666667,0
994285,1.0,0
994308,0.8888888888888888,0
994374,1.125,0
994377,2.0,0
994443,1.1666666666666667,0
994541,1.125,0
994571,1.1111111111111112,0
994609,1.3472222222222223,0
994676,1.6666666666666667,0
994679,1.0,1
994707,1.4166666666666667,0
994763,1.0,0
994877,1.388888888888889,0
994940,1.5,0
994993,1.0555555555555556,0
995091,0.5555555555555556,0
995128,1.875,0
995142,1.0,0
995333,1.4305555555555554,0
995527,1.3611111111111114,0
995662,1.5277777777777777,0
995695,0.9861111111111112,0
995734,1.611111111111111,0
995777,1.75,0
995877,0.875,0
996086,1.3333333333333333,0
996152,1.0694444444444444,0
996238,1.75,0
996254,1.3611111111111114,0
996333,1.6666666666666667,0
996349,1.4166666666666667,0
996488,1.25,0
996539,2.0277777777777777,0
996616,1.361111111111111,0
996639,1.3611111111111114,0
996686,1.0694444444444444,0
996745,1.4444444444444444,0
996794,0.875,0
996796,1.9166666666666667,0
996896,1.777777777777778,0
996900,1.1666666666666667,0
996989,1.8333333333333333,0
996997,1.4166666666666667,0
997121,0.875,0
997189,1.3194444444444444,0
997359,1.2222222222222223,0
997370,1.4444444444444444,1
997395,1.5833333333333333,0
997434,1.25,0
997439,1.5972222222222223,0
997478,1.222222222222222,0
997539,1.5,0
997599,1.6666666666666667,0
997654,1.388888888888889,0
997710,1.25,1
997741,1.2916666666666667,0
997945,1.763888888888889,0
997964,1.361111111111111,0
998072,1.3333333333333333,1
998078,1.0694444444444444,0
998085,1.027777777777778,0
998090,1.0,0
998112,1.5,0
998192,5.12,0
998465,1.8055555555555556,0
998507,1.4166666666666667,0
998580,1.3055555555555556,0
998776,0.8750000000000001,0
998820,1.25,0
998934,1.3611111111111114,0
998972,1.4444444444444444,1
999120,1.0,0
999272,1.6666666666666667,0
999498,1.222222222222222,0
999513,1.388888888888889,0
999524,1.75,0
999550,1.0555555555555556,0
999631,1.7222222222222223,0
999731,1.125,1
999788,0.75,1
999902,1.1666666666666667,0
999940,0.9722222222222223,0
999986,0.48,0
