loyalty_number,churned,churn_prob,risk_bucket,churn_pct,predicted_label
100018,0,0.00939725,Low (<25%),0.9,0
100102,0,0.008440218,Low (<25%),0.8,0
100140,0,0.004093729,Low (<25%),0.4,0
100214,0,0.028957577,Low (<25%),2.9,0
100272,0,0.0063046697,Low (<25%),0.6,0
100301,0,0.0013571668,Low (<25%),0.1,0
100364,0,0.05553494,Low (<25%),5.6,0
100380,0,0.0045390027,Low (<25%),0.5,0
100428,0,0.004167728,Low (<25%),0.4,0
100504,1,0.9783909,Critical (>75%),97.8,1
100550,0,0.008588819,Low (<25%),0.9,0
100585,0,0.020098403,Low (<25%),2.0,0
100590,0,0.004877229,Low (<25%),0.5,0
100642,0,0.00692996,Low (<25%),0.7,0
100644,0,0.0065631736,Low (<25%),0.7,0
100646,0,0.004375472,Low (<25%),0.4,0
100727,0,0.0016990005,Low (<25%),0.2,0
100737,0,0.01415803,Low (<25%),1.4,0
100753,0,0.0027483734,Low (<25%),0.3,0
100816,0,0.05368238,Low (<25%),5.4,0
100853,0,0.051334303,Low (<25%),5.1,0
100883,0,0.03514312,Low (<25%),3.5,0
100890,0,0.07389947,Low (<25%),7.4,0
101018,0,0.0035463097,Low (<25%),0.4,0
101148,0,0.0050790296,Low (<25%),0.5,0
101363,0,0.012963239,Low (<25%),1.3,0
101487,0,0.004158198,Low (<25%),0.4,0
101515,0,0.0559245,Low (<25%),5.6,0
101540,0,0.008481786,Low (<25%),0.8,0
101544,0,0.009036196,Low (<25%),0.9,0
101547,0,0.20957759,Low (<25%),21.0,0
101581,0,0.018010726,Low (<25%),1.8,0
101594,0,0.01313344,Low (<25%),1.3,0
101663,0,0.032046024,Low (<25%),3.2,0
101664,0,0.019551894,Low (<25%),2.0,0
101709,0,0.026880978,Low (<25%),2.7,0
101876,1,0.91859734,Critical (>75%),91.9,0
101895,0,0.47828734,Medium (25-50%),47.8,0
101902,0,0.0041415743,Low (<25%),0.4,0
101945,0,0.0021445132,Low (<25%),0.2,0
102168,0,0.036855686,Low (<25%),3.7,0
102184,0,0.016616132,Low (<25%),1.7,0
102207,0,0.011531421,Low (<25%),1.2,0
102299,0,0.00883464,Low (<25%),0.9,0
102311,0,0.002723792,Low (<25%),0.3,0
102376,0,0.05060928,Low (<25%),5.1,0
102464,0,0.0544654,Low (<25%),5.4,0
102726,0,0.08697867,Low (<25%),8.7,0
102730,0,0.024525877,Low (<25%),2.5,0
102788,0,0.0030968676,Low (<25%),0.3,0
102851,0,0.029704884,Low (<25%),3.0,0
102877,0,0.0026418085,Low (<25%),0.3,0
102982,0,0.21358041,Low (<25%),21.4,0
103151,0,0.08245887,Low (<25%),8.2,0
103217,0,0.028521787,Low (<25%),2.9,0
103304,0,0.012214632,Low (<25%),1.2,0
103340,0,0.0065454105,Low (<25%),0.7,0
103359,0,0.021807393,Low (<25%),2.2,0
103436,0,0.009901213,Low (<25%),1.0,0
103490,0,0.010466967,Low (<25%),1.0,0
103502,0,0.09253921,Low (<25%),9.3,0
103536,0,0.0003158811,Low (<25%),0.0,0
103699,0,0.05747703,Low (<25%),5.7,0
103731,0,0.004813694,Low (<25%),0.5,0
103823,0,0.0006624439,Low (<25%),0.1,0
103860,0,0.02321572,Low (<25%),2.3,0
103862,0,0.014561324,Low (<25%),1.5,0
103916,0,0.18844488,Low (<25%),18.8,0
103969,0,0.0034329484,Low (<25%),0.3,0
103970,0,0.0024614015,Low (<25%),0.2,0
104103,0,0.034200985,Low (<25%),3.4,0
104267,0,0.00040825538,Low (<25%),0.0,0
104353,0,0.024175445,Low (<25%),2.4,0
104431,0,0.018686898,Low (<25%),1.9,0
104541,0,0.021945382,Low (<25%),2.2,0
104586,0,0.008789397,Low (<25%),0.9,0
104673,0,0.0133813685,Low (<25%),1.3,0
104732,0,0.05063983,Low (<25%),5.1,0
104849,0,0.02659111,Low (<25%),2.7,0
104960,0,0.0051096915,Low (<25%),0.5,0
105063,0,0.0011558413,Low (<25%),0.1,0
105073,0,0.0031406826,Low (<25%),0.3,0
105074,0,0.031125411,Low (<25%),3.1,0
105214,0,0.011125621,Low (<25%),1.1,0
105335,0,0.040786732,Low (<25%),4.1,0
105552,0,0.009512093,Low (<25%),1.0,0
105688,0,0.007483091,Low (<25%),0.7,0
105712,0,0.0024422423,Low (<25%),0.2,0
105789,0,0.14470491,Low (<25%),14.5,0
105835,0,0.00081571104,Low (<25%),0.1,0
105841,0,0.0006615067,Low (<25%),0.1,0
105921,0,0.00088806124,Low (<25%),0.1,0
105932,0,0.05176083,Low (<25%),5.2,0
105992,0,0.035623822,Low (<25%),3.6,0
106001,0,0.0014758433,Low (<25%),0.1,0
106037,0,0.010104695,Low (<25%),1.0,0
106038,0,0.0021445611,Low (<25%),0.2,0
106046,0,0.00013483904,Low (<25%),0.0,0
106218,0,0.010237493,Low (<25%),1.0,0
106397,0,0.02707577,Low (<25%),2.7,0
106444,0,0.04452638,Low (<25%),4.5,0
106477,0,0.024871113,Low (<25%),2.5,0
106592,0,0.0033145957,Low (<25%),0.3,0
106637,0,0.008429398,Low (<25%),0.8,0
106689,0,0.4859505,Medium (25-50%),48.6,0
106754,0,0.005132667,Low (<25%),0.5,0
106757,0,0.017158903,Low (<25%),1.7,0
106776,0,0.0034165257,Low (<25%),0.3,0
106838,0,0.024272919,Low (<25%),2.4,0
106839,0,0.019591998,Low (<25%),2.0,0
106936,0,0.00068520755,Low (<25%),0.1,0
106946,0,0.0029603394,Low (<25%),0.3,0
106978,0,0.0060961205,Low (<25%),0.6,0
106979,0,0.0010793061,Low (<25%),0.1,0
107037,0,0.0014329487,Low (<25%),0.1,0
107067,0,0.005411623,Low (<25%),0.5,0
107119,0,0.01112506,Low (<25%),1.1,0
107141,0,0.0029941536,Low (<25%),0.3,0
107203,0,0.0031245232,Low (<25%),0.3,0
107212,0,0.016556492,Low (<25%),1.7,0
107296,0,0.051169958,Low (<25%),5.1,0
107385,0,0.018163554,Low (<25%),1.8,0
107420,0,0.050007265,Low (<25%),5.0,0
107461,0,0.14220499,Low (<25%),14.2,0
107466,0,0.013678499,Low (<25%),1.4,0
107487,0,0.29367974,Medium (25-50%),29.4,0
107519,0,0.0064202286,Low (<25%),0.6,0
107571,0,0.4342635,Medium (25-50%),43.4,0
107649,0,0.016627839,Low (<25%),1.7,0
107719,0,0.0066792495,Low (<25%),0.7,0
107730,0,0.016169628,Low (<25%),1.6,0
107902,0,0.114791624,Low (<25%),11.5,0
107993,0,0.0061925175,Low (<25%),0.6,0
108264,0,0.007257241,Low (<25%),0.7,0
108346,0,0.31689247,Medium (25-50%),31.7,0
108367,1,0.97295266,Critical (>75%),97.3,1
108381,0,0.010720603,Low (<25%),1.1,0
108430,0,0.0019783126,Low (<25%),0.2,0
108440,0,0.018152075,Low (<25%),1.8,0
108462,0,0.03218434,Low (<25%),3.2,0
108528,0,0.0054429984,Low (<25%),0.5,0
108625,0,0.010602944,Low (<25%),1.1,0
108666,0,0.02471139,Low (<25%),2.5,0
108857,1,0.92625844,Critical (>75%),92.6,0
108896,1,0.9910157,Critical (>75%),99.1,1
108907,0,0.0448045,Low (<25%),4.5,0
109022,0,0.03769231,Low (<25%),3.8,0
109023,0,0.00445281,Low (<25%),0.4,0
109203,0,0.010532992,Low (<25%),1.1,0
109478,0,0.005365265,Low (<25%),0.5,0
109495,0,0.023208454,Low (<25%),2.3,0
109517,0,0.033184472,Low (<25%),3.3,0
109552,0,0.02294405,Low (<25%),2.3,0
109612,0,0.4261025,Medium (25-50%),42.6,0
109660,0,0.012509135,Low (<25%),1.3,0
109767,0,0.018439665,Low (<25%),1.8,0
109840,0,0.19059248,Low (<25%),19.1,0
109896,0,0.034780424,Low (<25%),3.5,0
109903,0,0.017428588,Low (<25%),1.7,0
109956,1,0.98903465,Critical (>75%),98.9,1
110065,0,0.0019936773,Low (<25%),0.2,0
110099,0,0.023147922,Low (<25%),2.3,0
110142,0,0.00020666746,Low (<25%),0.0,0
110211,1,0.9709986,Critical (>75%),97.1,1
110262,0,0.00045328683,Low (<25%),0.0,0
110296,0,0.008272486,Low (<25%),0.8,0
110394,0,0.043425042,Low (<25%),4.3,0
110422,0,0.03837192,Low (<25%),3.8,0
110476,0,0.015175943,Low (<25%),1.5,0
110678,0,0.004875952,Low (<25%),0.5,0
110691,0,0.037164364,Low (<25%),3.7,0
110752,0,0.0025496217,Low (<25%),0.3,0
111022,0,0.0057743276,Low (<25%),0.6,0
111034,0,0.0025419428,Low (<25%),0.3,0
111171,0,0.008354254,Low (<25%),0.8,0
111176,0,0.018761013,Low (<25%),1.9,0
111255,0,0.00930043,Low (<25%),0.9,0
111286,0,0.0032006393,Low (<25%),0.3,0
111329,0,0.07613284,Low (<25%),7.6,0
111485,0,0.0039037035,Low (<25%),0.4,0
111507,0,0.0056326706,Low (<25%),0.6,0
111573,0,0.033626266,Low (<25%),3.4,0
111584,0,0.044542316,Low (<25%),4.5,0
111646,1,0.98681253,Critical (>75%),98.7,1
111788,0,0.005030141,Low (<25%),0.5,0
111899,1,0.9816821,Critical (>75%),98.2,1
111912,0,0.0019270923,Low (<25%),0.2,0
112026,0,0.0022315609,Low (<25%),0.2,0
112142,1,0.91090184,Critical (>75%),91.1,0
112226,0,0.0055110403,Low (<25%),0.6,0
112393,0,0.0023886473,Low (<25%),0.2,0
112522,0,0.0067983232,Low (<25%),0.7,0
112678,0,0.0019409928,Low (<25%),0.2,0
112709,0,0.013739711,Low (<25%),1.4,0
112732,0,0.009002416,Low (<25%),0.9,0
112733,0,0.025857689,Low (<25%),2.6,0
112842,0,0.0633095,Low (<25%),6.3,0
112856,0,0.00040592154,Low (<25%),0.0,0
112863,0,0.015108979,Low (<25%),1.5,0
113040,0,0.014654695,Low (<25%),1.5,0
113220,0,0.006785084,Low (<25%),0.7,0
113293,0,0.20829043,Low (<25%),20.8,0
113316,0,0.088975355,Low (<25%),8.9,0
113363,0,0.23976883,Low (<25%),24.0,0
113476,0,0.011462078,Low (<25%),1.1,0
113558,0,0.01044723,Low (<25%),1.0,0
113679,0,0.008279139,Low (<25%),0.8,0
113694,0,0.01319173,Low (<25%),1.3,0
113755,0,0.05321272,Low (<25%),5.3,0
113779,0,0.33315432,Medium (25-50%),33.3,0
113804,0,0.018393165,Low (<25%),1.8,0
113831,0,0.0042566843,Low (<25%),0.4,0
113839,0,0.04297607,Low (<25%),4.3,0
113861,0,0.28899473,Medium (25-50%),28.9,0
113864,0,0.1527688,Low (<25%),15.3,0
113874,0,0.0043083318,Low (<25%),0.4,0
113877,0,0.022841983,Low (<25%),2.3,0
113904,0,0.009041668,Low (<25%),0.9,0
113919,0,0.003529385,Low (<25%),0.4,0
114018,0,0.07072384,Low (<25%),7.1,0
114021,0,0.018887691,Low (<25%),1.9,0
114131,0,0.0011930787,Low (<25%),0.1,0
114214,1,0.8740653,Critical (>75%),87.4,0
114219,0,0.004023747,Low (<25%),0.4,0
114242,0,0.19273378,Low (<25%),19.3,0
114307,0,0.042860158,Low (<25%),4.3,0
114414,0,0.006826395,Low (<25%),0.7,0
114493,0,0.047468282,Low (<25%),4.7,0
114553,0,0.004228703,Low (<25%),0.4,0
114638,0,0.006563972,Low (<25%),0.7,0
114700,0,0.014553281,Low (<25%),1.5,0
114743,0,0.4909292,Medium (25-50%),49.1,0
114835,0,0.008762071,Low (<25%),0.9,0
114857,0,0.0041323137,Low (<25%),0.4,0
114903,0,0.016524618,Low (<25%),1.7,0
114924,1,0.7410802,High (50-75%),74.1,0
114927,0,0.0022954731,Low (<25%),0.2,0
114983,0,0.019716077,Low (<25%),2.0,0
115322,0,0.00097301014,Low (<25%),0.1,0
115354,0,0.009876125,Low (<25%),1.0,0
115405,0,0.013345143,Low (<25%),1.3,0
115427,0,0.0038429454,Low (<25%),0.4,0
115505,0,0.0019501685,Low (<25%),0.2,0
115529,0,0.0015426802,Low (<25%),0.2,0
115633,0,0.009983335,Low (<25%),1.0,0
115705,0,0.0063546584,Low (<25%),0.6,0
115805,0,0.0010938914,Low (<25%),0.1,0
115852,0,0.001385381,Low (<25%),0.1,0
116016,0,0.0047878884,Low (<25%),0.5,0
116045,0,0.0074461065,Low (<25%),0.7,0
116164,0,0.035457186,Low (<25%),3.5,0
116207,1,0.99929667,Critical (>75%),99.9,1
116288,0,0.00069699914,Low (<25%),0.1,0
116332,0,0.0028626702,Low (<25%),0.3,0
116372,0,0.031178597,Low (<25%),3.1,0
116703,0,0.017273614,Low (<25%),1.7,0
116732,0,0.15590894,Low (<25%),15.6,0
116735,0,0.004204174,Low (<25%),0.4,0
116895,0,0.0024155844,Low (<25%),0.2,0
116932,0,0.026280576,Low (<25%),2.6,0
116948,0,0.23521557,Low (<25%),23.5,0
116999,0,0.006417495,Low (<25%),0.6,0
117033,0,0.01690247,Low (<25%),1.7,0
117053,0,0.0023943104,Low (<25%),0.2,0
117169,0,0.004803259,Low (<25%),0.5,0
117219,0,0.0009212383,Low (<25%),0.1,0
117240,0,0.19540863,Low (<25%),19.5,0
117333,0,0.0039514774,Low (<25%),0.4,0
117342,0,0.035776205,Low (<25%),3.6,0
117408,0,0.0027796016,Low (<25%),0.3,0
117456,0,0.024830814,Low (<25%),2.5,0
117460,0,0.021687947,Low (<25%),2.2,0
117482,0,0.00012795962,Low (<25%),0.0,0
117618,0,0.0023667386,Low (<25%),0.2,0
117782,0,0.0036095146,Low (<25%),0.4,0
117910,0,0.018888729,Low (<25%),1.9,0
117915,0,0.000771348,Low (<25%),0.1,0
117932,0,0.010433983,Low (<25%),1.0,0
118076,0,0.022255903,Low (<25%),2.2,0
118320,0,0.009099399,Low (<25%),0.9,0
118332,0,0.2965108,Medium (25-50%),29.7,0
118355,0,0.1434305,Low (<25%),14.3,0
118365,0,0.0024272765,Low (<25%),0.2,0
118376,1,0.8796999,Critical (>75%),88.0,0
118379,0,0.027041273,Low (<25%),2.7,0
118418,0,0.0073319282,Low (<25%),0.7,0
118612,0,0.19602482,Low (<25%),19.6,0
118628,0,0.0028884148,Low (<25%),0.3,0
118632,0,0.0026458006,Low (<25%),0.3,0
118675,0,0.027709201,Low (<25%),2.8,0
118729,1,0.87767756,Critical (>75%),87.8,0
118864,0,0.0026320594,Low (<25%),0.3,0
119009,0,0.0073054335,Low (<25%),0.7,0
119015,0,0.00348901,Low (<25%),0.3,0
119135,0,0.024685346,Low (<25%),2.5,0
119198,0,0.0073285657,Low (<25%),0.7,0
119200,0,0.020740392,Low (<25%),2.1,0
119460,0,0.002771058,Low (<25%),0.3,0
119488,0,0.05622285,Low (<25%),5.6,0
119519,0,0.008162956,Low (<25%),0.8,0
119633,0,0.014605366,Low (<25%),1.5,0
119634,0,0.00019954923,Low (<25%),0.0,0
119638,0,0.0058354307,Low (<25%),0.6,0
119731,0,0.015809655,Low (<25%),1.6,0
119837,0,0.013869739,Low (<25%),1.4,0
119845,0,0.07627455,Low (<25%),7.6,0
119997,0,0.015219271,Low (<25%),1.5,0
120046,0,0.43592983,Medium (25-50%),43.6,0
120126,0,0.09573764,Low (<25%),9.6,0
120140,0,0.050697103,Low (<25%),5.1,0
120164,0,0.017045174,Low (<25%),1.7,0
120192,0,0.010642791,Low (<25%),1.1,0
120393,0,0.16390808,Low (<25%),16.4,0
120434,0,0.026913334,Low (<25%),2.7,0
120554,0,0.016401747,Low (<25%),1.6,0
120583,0,0.0053281276,Low (<25%),0.5,0
120594,0,0.003486032,Low (<25%),0.3,0
120799,0,0.13348669,Low (<25%),13.3,0
120868,0,0.051776208,Low (<25%),5.2,0
121095,0,0.009551502,Low (<25%),1.0,0
121139,0,0.06356347,Low (<25%),6.4,0
121183,0,0.024339234,Low (<25%),2.4,0
121236,1,0.99351406,Critical (>75%),99.4,1
121351,1,0.9222491,Critical (>75%),92.2,0
121410,0,0.0023624112,Low (<25%),0.2,0
121605,0,0.042354114,Low (<25%),4.2,0
121710,0,0.1198831,Low (<25%),12.0,0
121737,0,0.023828711,Low (<25%),2.4,0
121856,0,0.094151326,Low (<25%),9.4,0
121919,0,0.08662848,Low (<25%),8.7,0
121935,0,0.11009554,Low (<25%),11.0,0
122009,0,0.0066014626,Low (<25%),0.7,0
122020,0,0.0013640559,Low (<25%),0.1,0
122049,0,0.010511565,Low (<25%),1.1,0
122094,0,0.008271133,Low (<25%),0.8,0
122166,0,0.0041096406,Low (<25%),0.4,0
122283,0,0.008236694,Low (<25%),0.8,0
122357,0,0.009920009,Low (<25%),1.0,0
122456,0,0.0079898955,Low (<25%),0.8,0
122519,0,0.030449951,Low (<25%),3.0,0
122545,0,0.0965161,Low (<25%),9.7,0
122577,0,0.060186166,Low (<25%),6.0,0
122685,0,0.028247487,Low (<25%),2.8,0
122797,0,0.0032594784,Low (<25%),0.3,0
122890,0,0.14009155,Low (<25%),14.0,0
122946,0,0.01885398,Low (<25%),1.9,0
122958,0,0.018038949,Low (<25%),1.8,0
123083,0,0.042608816,Low (<25%),4.3,0
123094,0,0.03933118,Low (<25%),3.9,0
123115,0,0.002499765,Low (<25%),0.2,0
123164,0,0.034830157,Low (<25%),3.5,0
123344,0,0.09834746,Low (<25%),9.8,0
123393,0,0.033194885,Low (<25%),3.3,0
123420,0,0.030133119,Low (<25%),3.0,0
123525,0,0.0071870754,Low (<25%),0.7,0
123586,0,0.0042709853,Low (<25%),0.4,0
123667,0,0.017142458,Low (<25%),1.7,0
123668,0,0.0015207018,Low (<25%),0.2,0
123697,0,0.024350855,Low (<25%),2.4,0
123702,0,0.01693509,Low (<25%),1.7,0
123727,0,0.029140554,Low (<25%),2.9,0
123773,0,0.0039015808,Low (<25%),0.4,0
123908,0,0.08677942,Low (<25%),8.7,0
123944,0,0.14454898,Low (<25%),14.5,0
124038,0,0.013466407,Low (<25%),1.3,0
124056,0,0.07494629,Low (<25%),7.5,0
124085,0,0.018262196,Low (<25%),1.8,0
124088,0,0.011541073,Low (<25%),1.2,0
124119,0,0.0030287968,Low (<25%),0.3,0
124355,0,0.006054474,Low (<25%),0.6,0
124678,0,0.0008307611,Low (<25%),0.1,0
124761,0,0.00951839,Low (<25%),1.0,0
125068,0,0.014476166,Low (<25%),1.4,0
125300,0,0.005337362,Low (<25%),0.5,0
125393,0,0.014981006,Low (<25%),1.5,0
125919,0,0.03013412,Low (<25%),3.0,0
125969,0,0.005939152,Low (<25%),0.6,0
125996,0,0.10099897,Low (<25%),10.1,0
126097,0,0.076715864,Low (<25%),7.7,0
126216,0,0.014139505,Low (<25%),1.4,0
126219,0,0.00536764,Low (<25%),0.5,0
126239,0,0.0025013064,Low (<25%),0.3,0
126262,0,0.033817794,Low (<25%),3.4,0
126424,0,0.007620983,Low (<25%),0.8,0
126466,0,0.010157143,Low (<25%),1.0,0
126490,1,0.9500162,Critical (>75%),95.0,1
126581,0,0.0043448196,Low (<25%),0.4,0
126665,0,0.006354764,Low (<25%),0.6,0
127039,0,0.049049176,Low (<25%),4.9,0
127127,0,0.0099385725,Low (<25%),1.0,0
127128,0,0.16897285,Low (<25%),16.9,0
127137,0,0.00096340687,Low (<25%),0.1,0
127185,0,0.22472894,Low (<25%),22.5,0
127241,0,0.0062309075,Low (<25%),0.6,0
127279,0,0.05026857,Low (<25%),5.0,0
127289,0,0.011947261,Low (<25%),1.2,0
127311,0,0.0020599128,Low (<25%),0.2,0
127350,0,0.010206087,Low (<25%),1.0,0
127400,0,0.033825874,Low (<25%),3.4,0
127410,0,0.35123625,Medium (25-50%),35.1,0
127590,0,0.004169965,Low (<25%),0.4,0
127645,0,0.03725114,Low (<25%),3.7,0
127663,0,0.0032817973,Low (<25%),0.3,0
127725,0,0.07048822,Low (<25%),7.0,0
127785,0,0.029414933,Low (<25%),2.9,0
127827,0,0.01110296,Low (<25%),1.1,0
127882,0,0.042718317,Low (<25%),4.3,0
127946,0,0.007036976,Low (<25%),0.7,0
127966,0,0.0073810737,Low (<25%),0.7,0
128007,0,0.007023395,Low (<25%),0.7,0
128032,0,0.046059802,Low (<25%),4.6,0
128039,0,0.1864719,Low (<25%),18.6,0
128041,0,0.029291479,Low (<25%),2.9,0
128156,0,0.0007105413,Low (<25%),0.1,0
128210,0,0.022983681,Low (<25%),2.3,0
128280,0,0.13849486,Low (<25%),13.8,0
128325,0,0.21479039,Low (<25%),21.5,0
128459,0,0.0018170772,Low (<25%),0.2,0
128467,0,0.051497433,Low (<25%),5.1,0
128475,0,0.0039003228,Low (<25%),0.4,0
128534,0,0.01069352,Low (<25%),1.1,0
128587,0,0.013427794,Low (<25%),1.3,0
128611,0,0.0073258295,Low (<25%),0.7,0
128633,0,0.04055993,Low (<25%),4.1,0
128754,1,0.998779,Critical (>75%),99.9,1
128789,0,0.0041343863,Low (<25%),0.4,0
128950,0,0.010542696,Low (<25%),1.1,0
128975,0,0.015252281,Low (<25%),1.5,0
129030,0,0.006627007,Low (<25%),0.7,0
129343,0,0.008377577,Low (<25%),0.8,0
129409,0,0.030016785,Low (<25%),3.0,0
129429,0,0.012199803,Low (<25%),1.2,0
129434,0,0.0011167102,Low (<25%),0.1,0
129510,0,0.016353907,Low (<25%),1.6,0
129515,0,0.0041843215,Low (<25%),0.4,0
129555,0,0.0311179,Low (<25%),3.1,0
129817,0,0.018105773,Low (<25%),1.8,0
129827,0,0.1174868,Low (<25%),11.7,0
129914,0,0.015850745,Low (<25%),1.6,0
129976,0,0.010200405,Low (<25%),1.0,0
130032,0,0.045627132,Low (<25%),4.6,0
130077,0,0.00503511,Low (<25%),0.5,0
130086,0,0.021348355,Low (<25%),2.1,0
130208,0,0.0067462577,Low (<25%),0.7,0
130326,0,0.12002928,Low (<25%),12.0,0
130331,0,0.17129795,Low (<25%),17.1,0
130368,0,0.044898782,Low (<25%),4.5,0
130419,0,0.014034413,Low (<25%),1.4,0
130439,1,0.9831807,Critical (>75%),98.3,1
130446,0,0.0031735108,Low (<25%),0.3,0
130497,0,0.01939673,Low (<25%),1.9,0
130548,0,0.0050018146,Low (<25%),0.5,0
130593,0,0.016970204,Low (<25%),1.7,0
130823,0,0.096617065,Low (<25%),9.7,0
130953,0,0.00043962913,Low (<25%),0.0,0
131001,0,0.15759568,Low (<25%),15.8,0
131036,0,0.037343733,Low (<25%),3.7,0
131047,0,0.000759768,Low (<25%),0.1,0
131098,0,0.00085108576,Low (<25%),0.1,0
131228,0,0.10981983,Low (<25%),11.0,0
131253,1,0.9202143,Critical (>75%),92.0,0
131257,0,0.008522372,Low (<25%),0.9,0
131321,0,0.006200366,Low (<25%),0.6,0
131342,0,0.015201221,Low (<25%),1.5,0
131463,0,0.005389785,Low (<25%),0.5,0
131558,0,0.0036066864,Low (<25%),0.4,0
131560,0,0.0017277729,Low (<25%),0.2,0
131673,0,0.000928829,Low (<25%),0.1,0
131680,0,0.0016332198,Low (<25%),0.2,0
131721,0,0.0034029554,Low (<25%),0.3,0
131761,0,0.008267409,Low (<25%),0.8,0
131772,0,0.0025215324,Low (<25%),0.3,0
131815,0,0.0026959712,Low (<25%),0.3,0
131893,0,0.0031953494,Low (<25%),0.3,0
131956,0,0.037457164,Low (<25%),3.7,0
131990,0,0.011117494,Low (<25%),1.1,0
131997,0,0.023162283,Low (<25%),2.3,0
132045,0,0.06898828,Low (<25%),6.9,0
132209,0,0.0048101293,Low (<25%),0.5,0
132296,0,0.03210885,Low (<25%),3.2,0
132319,0,0.0038929288,Low (<25%),0.4,0
132320,0,0.13496453,Low (<25%),13.5,0
132337,0,0.0136205405,Low (<25%),1.4,0
132552,0,0.19843635,Low (<25%),19.8,0
132592,0,0.016494663,Low (<25%),1.6,0
132705,0,0.0026276396,Low (<25%),0.3,0
132756,0,0.24430844,Low (<25%),24.4,0
132774,0,0.0050521856,Low (<25%),0.5,0
132884,0,0.01739207,Low (<25%),1.7,0
132914,0,0.01015016,Low (<25%),1.0,0
132935,0,0.179998,Low (<25%),18.0,0
133035,0,0.06081986,Low (<25%),6.1,0
133065,0,0.068416096,Low (<25%),6.8,0
133066,0,0.0075691026,Low (<25%),0.8,0
133128,0,0.0014340298,Low (<25%),0.1,0
133324,0,0.0003605825,Low (<25%),0.0,0
133429,0,0.0014701155,Low (<25%),0.1,0
133518,0,0.02439372,Low (<25%),2.4,0
133608,0,0.039928667,Low (<25%),4.0,0
133698,0,0.010062561,Low (<25%),1.0,0
133730,0,0.028544132,Low (<25%),2.9,0
133732,0,0.050434813,Low (<25%),5.0,0
133821,0,0.0064221667,Low (<25%),0.6,0
133859,0,0.23105207,Low (<25%),23.1,0
133956,0,0.00013754312,Low (<25%),0.0,0
134085,0,0.0023332958,Low (<25%),0.2,0
134148,0,0.040546026,Low (<25%),4.1,0
134180,0,0.0101310285,Low (<25%),1.0,0
134202,0,0.019805703,Low (<25%),2.0,0
134241,0,0.0027345133,Low (<25%),0.3,0
134273,0,0.033198956,Low (<25%),3.3,0
134397,0,0.010545214,Low (<25%),1.1,0
134470,0,0.013564082,Low (<25%),1.4,0
134717,0,0.0014008671,Low (<25%),0.1,0
134738,0,0.02203571,Low (<25%),2.2,0
134760,0,0.018559422,Low (<25%),1.9,0
134857,0,0.008102666,Low (<25%),0.8,0
135016,0,0.00659345,Low (<25%),0.7,0
135076,0,0.0013821207,Low (<25%),0.1,0
135134,0,0.0012326556,Low (<25%),0.1,0
135250,0,0.01633953,Low (<25%),1.6,0
135257,0,0.005230238,Low (<25%),0.5,0
135279,0,0.074620366,Low (<25%),7.5,0
135312,0,0.016770268,Low (<25%),1.7,0
135381,0,0.020572614,Low (<25%),2.1,0
135382,0,0.004989222,Low (<25%),0.5,0
135392,0,0.007206144,Low (<25%),0.7,0
135421,0,0.0030873825,Low (<25%),0.3,0
135554,0,0.018936165,Low (<25%),1.9,0
135574,0,0.118147865,Low (<25%),11.8,0
135578,0,0.00078856945,Low (<25%),0.1,0
135808,0,0.06118087,Low (<25%),6.1,0
135878,1,0.86880875,Critical (>75%),86.9,0
135977,0,0.014870088,Low (<25%),1.5,0
136020,0,0.04647656,Low (<25%),4.6,0
136022,0,0.12609287,Low (<25%),12.6,0
136049,0,0.00089208584,Low (<25%),0.1,0
136089,0,0.0036939145,Low (<25%),0.4,0
136106,0,0.06773196,Low (<25%),6.8,0
136121,0,0.0029075092,Low (<25%),0.3,0
136169,0,0.010574574,Low (<25%),1.1,0
136232,0,0.08636363,Low (<25%),8.6,0
136334,0,0.0023471508,Low (<25%),0.2,0
136430,0,0.004408196,Low (<25%),0.4,0
136470,0,0.03001051,Low (<25%),3.0,0
136473,0,0.036602948,Low (<25%),3.7,0
136516,0,0.025281249,Low (<25%),2.5,0
136547,0,0.013804054,Low (<25%),1.4,0
136608,0,0.08531453,Low (<25%),8.5,0
136637,0,0.008337217,Low (<25%),0.8,0
136715,0,0.0077619096,Low (<25%),0.8,0
136772,1,0.9531936,Critical (>75%),95.3,1
136879,0,0.10352586,Low (<25%),10.4,0
136906,0,0.018736653,Low (<25%),1.9,0
137040,0,0.015950654,Low (<25%),1.6,0
137106,0,0.005081729,Low (<25%),0.5,0
137161,0,0.01253418,Low (<25%),1.3,0
137185,0,0.057315096,Low (<25%),5.7,0
137227,0,0.004795547,Low (<25%),0.5,0
137529,1,0.99067897,Critical (>75%),99.1,1
137646,0,0.023796584,Low (<25%),2.4,0
137744,0,0.00012118002,Low (<25%),0.0,0
137751,0,0.014502768,Low (<25%),1.5,0
137845,0,0.012703365,Low (<25%),1.3,0
137850,0,0.012480929,Low (<25%),1.2,0
137852,0,0.0034306226,Low (<25%),0.3,0
137858,0,0.111863665,Low (<25%),11.2,0
137952,0,0.024834463,Low (<25%),2.5,0
137968,0,0.02435801,Low (<25%),2.4,0
137973,0,0.062025107,Low (<25%),6.2,0
137985,0,0.007750966,Low (<25%),0.8,0
137999,0,0.026440736,Low (<25%),2.6,0
138025,1,0.9966468,Critical (>75%),99.7,1
138065,1,0.81819445,Critical (>75%),81.8,0
138121,0,0.027409188,Low (<25%),2.7,0
138204,0,0.08884589,Low (<25%),8.9,0
138369,0,0.024585143,Low (<25%),2.5,0
138421,0,0.036038436,Low (<25%),3.6,0
138475,0,0.088006,Low (<25%),8.8,0
138565,0,0.045772962,Low (<25%),4.6,0
138737,0,0.009074762,Low (<25%),0.9,0
138746,0,0.011301519,Low (<25%),1.1,0
138768,0,0.009987709,Low (<25%),1.0,0
138810,0,0.00049087306,Low (<25%),0.0,0
138853,0,0.1028824,Low (<25%),10.3,0
138873,1,0.9980933,Critical (>75%),99.8,1
138894,0,0.0038525062,Low (<25%),0.4,0
138896,0,0.011382172,Low (<25%),1.1,0
138908,0,0.0073097292,Low (<25%),0.7,0
138981,0,0.12984188,Low (<25%),13.0,0
138993,0,0.00404906,Low (<25%),0.4,0
139022,0,0.07289117,Low (<25%),7.3,0
139023,0,0.010131024,Low (<25%),1.0,0
139087,0,0.0010778635,Low (<25%),0.1,0
139135,0,0.022051726,Low (<25%),2.2,0
139479,1,0.9679451,Critical (>75%),96.8,1
139511,0,0.03392044,Low (<25%),3.4,0
139518,0,0.014944235,Low (<25%),1.5,0
139532,0,0.008875612,Low (<25%),0.9,0
139863,0,0.014656409,Low (<25%),1.5,0
139932,0,0.008935045,Low (<25%),0.9,0
140005,0,0.77384925,Critical (>75%),77.4,0
140077,0,0.000983648,Low (<25%),0.1,0
140079,0,0.010776919,Low (<25%),1.1,0
140130,1,0.92068106,Critical (>75%),92.1,0
140191,0,0.09286501,Low (<25%),9.3,0
140208,0,0.33706483,Medium (25-50%),33.7,0
140290,0,0.014554149,Low (<25%),1.5,0
140381,0,0.00031056578,Low (<25%),0.0,0
140391,0,0.017843608,Low (<25%),1.8,0
140392,0,0.037713885,Low (<25%),3.8,0
140419,0,0.05183588,Low (<25%),5.2,0
140483,0,0.012131776,Low (<25%),1.2,0
140534,0,0.0058442755,Low (<25%),0.6,0
140598,0,0.076462135,Low (<25%),7.6,0
140674,0,0.0064403573,Low (<25%),0.6,0
140750,0,0.009636414,Low (<25%),1.0,0
140768,0,0.006186933,Low (<25%),0.6,0
140823,0,0.04179882,Low (<25%),4.2,0
140891,0,0.047132112,Low (<25%),4.7,0
140977,0,0.014830164,Low (<25%),1.5,0
141023,0,0.010566749,Low (<25%),1.1,0
141043,1,0.9723599,Critical (>75%),97.2,1
141047,0,0.24876557,Low (<25%),24.9,0
141139,0,0.009907882,Low (<25%),1.0,0
141181,0,0.016998706,Low (<25%),1.7,0
141233,0,0.005223539,Low (<25%),0.5,0
141266,0,0.14642046,Low (<25%),14.6,0
141456,0,0.16366996,Low (<25%),16.4,0
141497,0,0.0025228746,Low (<25%),0.3,0
141614,0,0.06883199,Low (<25%),6.9,0
141655,0,0.0027492386,Low (<25%),0.3,0
141703,0,0.0084293345,Low (<25%),0.8,0
141742,0,0.03871685,Low (<25%),3.9,0
141844,0,0.0009406601,Low (<25%),0.1,0
141877,0,0.001355745,Low (<25%),0.1,0
141945,0,0.028600315,Low (<25%),2.9,0
142224,0,0.0035009987,Low (<25%),0.4,0
142290,0,0.0015102007,Low (<25%),0.2,0
142354,0,0.00399656,Low (<25%),0.4,0
142371,0,0.002003382,Low (<25%),0.2,0
142511,0,0.06688288,Low (<25%),6.7,0
142545,0,0.020665005,Low (<25%),2.1,0
142609,0,0.0032864688,Low (<25%),0.3,0
142621,0,0.018849662,Low (<25%),1.9,0
142686,0,0.010529579,Low (<25%),1.1,0
142715,0,0.007470964,Low (<25%),0.7,0
142717,0,0.023159381,Low (<25%),2.3,0
142726,0,0.00035164153,Low (<25%),0.0,0
142749,0,0.02566127,Low (<25%),2.6,0
142812,0,0.051492594,Low (<25%),5.1,0
142855,0,0.035166148,Low (<25%),3.5,0
142906,0,0.077554904,Low (<25%),7.8,0
142950,0,0.0013010101,Low (<25%),0.1,0
143087,0,0.00621171,Low (<25%),0.6,0
143151,0,0.0015583053,Low (<25%),0.2,0
143389,0,0.010076759,Low (<25%),1.0,0
143422,0,0.008303428,Low (<25%),0.8,0
143730,0,0.0016661643,Low (<25%),0.2,0
143784,0,0.06865892,Low (<25%),6.9,0
143981,0,0.0036076615,Low (<25%),0.4,0
144328,0,0.008408675,Low (<25%),0.8,0
144355,0,0.0049249004,Low (<25%),0.5,0
144402,0,0.028439991,Low (<25%),2.8,0
144514,0,0.0040680217,Low (<25%),0.4,0
144523,0,0.0007591304,Low (<25%),0.1,0
144593,0,0.0093399715,Low (<25%),0.9,0
144615,0,0.009999305,Low (<25%),1.0,0
144633,0,0.007700054,Low (<25%),0.8,0
144641,0,0.09442947,Low (<25%),9.4,0
144756,0,0.008899406,Low (<25%),0.9,0
144830,0,0.0057968902,Low (<25%),0.6,0
144879,0,0.047173783,Low (<25%),4.7,0
144936,1,0.9855753,Critical (>75%),98.6,1
144977,0,0.010190578,Low (<25%),1.0,0
145177,0,0.008810022,Low (<25%),0.9,0
145220,0,0.05474031,Low (<25%),5.5,0
145322,0,0.0053622713,Low (<25%),0.5,0
145323,0,0.46134123,Medium (25-50%),46.1,0
145480,0,0.032664876,Low (<25%),3.3,0
145552,0,0.035386723,Low (<25%),3.5,0
145688,0,0.051997993,Low (<25%),5.2,0
145988,0,0.011497316,Low (<25%),1.1,0
146028,0,0.023932105,Low (<25%),2.4,0
146037,0,0.036095083,Low (<25%),3.6,0
146067,0,0.025812589,Low (<25%),2.6,0
146086,0,0.05031656,Low (<25%),5.0,0
146090,0,0.0021924397,Low (<25%),0.2,0
146099,0,0.0008488569,Low (<25%),0.1,0
146215,0,0.00492581,Low (<25%),0.5,0
146354,0,0.03124604,Low (<25%),3.1,0
146400,0,0.3552964,Medium (25-50%),35.5,0
146527,0,0.020479538,Low (<25%),2.0,0
146560,0,0.111982115,Low (<25%),11.2,0
146702,0,0.0037701498,Low (<25%),0.4,0
146760,0,0.063681975,Low (<25%),6.4,0
146839,0,0.0053491434,Low (<25%),0.5,0
147064,0,0.009501608,Low (<25%),1.0,0
147241,0,0.0027263565,Low (<25%),0.3,0
147272,0,0.006530745,Low (<25%),0.7,0
147602,0,0.014694449,Low (<25%),1.5,0
147700,0,0.12740865,Low (<25%),12.7,0
147754,0,0.0017911155,Low (<25%),0.2,0
147891,0,0.009977181,Low (<25%),1.0,0
147898,0,0.006124293,Low (<25%),0.6,0
148201,0,0.08959118,Low (<25%),9.0,0
148208,0,0.0011764943,Low (<25%),0.1,0
148216,0,0.13278536,Low (<25%),13.3,0
148234,0,0.014268688,Low (<25%),1.4,0
148258,0,0.003552882,Low (<25%),0.4,0
148289,0,0.0014428466,Low (<25%),0.1,0
148299,0,0.014595919,Low (<25%),1.5,0
148322,0,0.048164725,Low (<25%),4.8,0
148368,0,0.066146456,Low (<25%),6.6,0
148381,0,0.0015999335,Low (<25%),0.2,0
148382,0,0.33917,Medium (25-50%),33.9,0
148486,0,0.012308135,Low (<25%),1.2,0
148487,0,0.020887833,Low (<25%),2.1,0
148570,0,0.007374798,Low (<25%),0.7,0
148690,0,0.52946216,High (50-75%),52.9,0
148749,0,0.0011861749,Low (<25%),0.1,0
148753,0,0.0021432687,Low (<25%),0.2,0
148767,0,0.047734268,Low (<25%),4.8,0
148865,0,0.14350978,Low (<25%),14.4,0
148942,0,0.002056198,Low (<25%),0.2,0
148982,0,0.0037046948,Low (<25%),0.4,0
149225,0,0.002108049,Low (<25%),0.2,0
149318,0,0.0007554956,Low (<25%),0.1,0
149348,0,0.009149482,Low (<25%),0.9,0
149426,0,0.3243051,Medium (25-50%),32.4,0
149430,0,0.007892275,Low (<25%),0.8,0
149462,0,0.023269804,Low (<25%),2.3,0
149549,0,0.000276618,Low (<25%),0.0,0
149655,0,0.24943304,Low (<25%),24.9,0
149782,0,0.006226716,Low (<25%),0.6,0
149841,0,0.064068876,Low (<25%),6.4,0
149846,0,0.017121261,Low (<25%),1.7,0
149884,0,0.025087584,Low (<25%),2.5,0
149912,0,0.005076642,Low (<25%),0.5,0
149993,0,0.0070357705,Low (<25%),0.7,0
150004,0,0.028234722,Low (<25%),2.8,0
150074,0,0.0025421542,Low (<25%),0.3,0
150134,0,0.0033682175,Low (<25%),0.3,0
150233,1,0.99832183,Critical (>75%),99.8,1
150253,0,0.0069564693,Low (<25%),0.7,0
150291,0,0.041026812,Low (<25%),4.1,0
150301,0,0.0043394226,Low (<25%),0.4,0
150656,0,0.0024315882,Low (<25%),0.2,0
150754,0,0.013511668,Low (<25%),1.4,0
150883,0,0.016509615,Low (<25%),1.7,0
150909,0,0.0523836,Low (<25%),5.2,0
151030,0,0.0008667342,Low (<25%),0.1,0
151036,0,0.010330015,Low (<25%),1.0,0
151183,0,0.077851295,Low (<25%),7.8,0
151327,0,0.0028156866,Low (<25%),0.3,0
151399,0,0.002204877,Low (<25%),0.2,0
151554,0,0.011719235,Low (<25%),1.2,0
151571,0,0.16320871,Low (<25%),16.3,0
151627,0,0.016243428,Low (<25%),1.6,0
151655,0,0.0009439928,Low (<25%),0.1,0
151967,0,0.29227793,Medium (25-50%),29.2,0
152007,1,0.8769313,Critical (>75%),87.7,0
152014,0,0.002170439,Low (<25%),0.2,0
152016,0,0.00080677797,Low (<25%),0.1,0
152139,0,0.0074158455,Low (<25%),0.7,0
152148,0,0.43606713,Medium (25-50%),43.6,0
152276,0,0.035566866,Low (<25%),3.6,0
152307,0,0.0012487884,Low (<25%),0.1,0
152338,0,0.0018603755,Low (<25%),0.2,0
152355,0,0.0015305148,Low (<25%),0.2,0
152406,0,0.0035006162,Low (<25%),0.4,0
152423,0,0.0049013225,Low (<25%),0.5,0
152499,1,0.8459053,Critical (>75%),84.6,0
152681,0,0.005651228,Low (<25%),0.6,0
152740,0,0.058635082,Low (<25%),5.9,0
152778,0,0.009013344,Low (<25%),0.9,0
153003,0,0.005597248,Low (<25%),0.6,0
153072,0,0.041456908,Low (<25%),4.1,0
153146,0,0.0022566435,Low (<25%),0.2,0
153193,0,0.0004889591,Low (<25%),0.0,0
153261,0,0.037284132,Low (<25%),3.7,0
153395,0,0.007695338,Low (<25%),0.8,0
153462,0,0.005882301,Low (<25%),0.6,0
153582,0,0.001007331,Low (<25%),0.1,0
153586,0,0.0074301166,Low (<25%),0.7,0
153600,0,0.004361225,Low (<25%),0.4,0
153626,0,0.0011896074,Low (<25%),0.1,0
153656,1,0.9977336,Critical (>75%),99.8,1
153884,0,0.009616048,Low (<25%),1.0,0
153953,0,0.016008072,Low (<25%),1.6,0
153987,0,0.13544261,Low (<25%),13.5,0
153998,0,0.036796607,Low (<25%),3.7,0
154175,0,0.0034206407,Low (<25%),0.3,0
154230,0,0.0009460525,Low (<25%),0.1,0
154480,0,0.0041948017,Low (<25%),0.4,0
154606,0,0.00075971294,Low (<25%),0.1,0
154643,0,0.004766069,Low (<25%),0.5,0
154644,0,0.0008771865,Low (<25%),0.1,0
154652,0,0.007769637,Low (<25%),0.8,0
154680,0,0.039495397,Low (<25%),3.9,0
154736,0,0.0132528385,Low (<25%),1.3,0
154855,0,0.091771506,Low (<25%),9.2,0
154864,0,0.3627579,Medium (25-50%),36.3,0
154868,0,0.0018007075,Low (<25%),0.2,0
154889,1,0.9990533,Critical (>75%),99.9,1
154981,0,0.0014841118,Low (<25%),0.1,0
155020,0,0.0017613816,Low (<25%),0.2,0
155118,0,0.022098893,Low (<25%),2.2,0
155253,1,0.96413344,Critical (>75%),96.4,1
155354,0,0.02576744,Low (<25%),2.6,0
155374,0,0.0043422044,Low (<25%),0.4,0
155488,0,0.059835065,Low (<25%),6.0,0
155654,0,0.0008981605,Low (<25%),0.1,0
155791,0,0.0008421386,Low (<25%),0.1,0
155795,0,0.0014662546,Low (<25%),0.1,0
155820,0,0.21552396,Low (<25%),21.6,0
155964,0,0.0013544642,Low (<25%),0.1,0
155965,0,0.24886961,Low (<25%),24.9,0
156138,0,0.10226195,Low (<25%),10.2,0
156305,0,0.071924485,Low (<25%),7.2,0
156313,0,0.001320594,Low (<25%),0.1,0
156355,0,0.15924907,Low (<25%),15.9,0
156457,0,0.22193001,Low (<25%),22.2,0
156673,0,0.007618516,Low (<25%),0.8,0
156684,0,0.06471664,Low (<25%),6.5,0
156750,0,0.024525939,Low (<25%),2.5,0
156868,0,0.10066391,Low (<25%),10.1,0
156879,0,0.03187949,Low (<25%),3.2,0
156945,0,0.1437744,Low (<25%),14.4,0
156948,0,0.0038806056,Low (<25%),0.4,0
156959,0,0.008834173,Low (<25%),0.9,0
157005,0,0.007735158,Low (<25%),0.8,0
157092,0,0.021596543,Low (<25%),2.2,0
157200,0,0.021222347,Low (<25%),2.1,0
157212,0,0.09637708,Low (<25%),9.6,0
157300,0,0.025272919,Low (<25%),2.5,0
157672,0,0.08627693,Low (<25%),8.6,0
157674,0,0.03289314,Low (<25%),3.3,0
157704,0,0.0077422643,Low (<25%),0.8,0
157712,0,0.02617526,Low (<25%),2.6,0
157729,0,0.0015278988,Low (<25%),0.2,0
157731,0,0.0041140225,Low (<25%),0.4,0
157751,0,0.0043204995,Low (<25%),0.4,0
157766,0,0.004702796,Low (<25%),0.5,0
157816,0,0.019581245,Low (<25%),2.0,0
157879,0,0.05231828,Low (<25%),5.2,0
157911,0,0.0032685988,Low (<25%),0.3,0
158113,0,0.0057088463,Low (<25%),0.6,0
158314,0,0.09296774,Low (<25%),9.3,0
158400,0,0.013196077,Low (<25%),1.3,0
158508,0,0.011971714,Low (<25%),1.2,0
158560,0,0.01864049,Low (<25%),1.9,0
158680,0,0.06966917,Low (<25%),7.0,0
158901,0,0.024876723,Low (<25%),2.5,0
158969,0,0.011804185,Low (<25%),1.2,0
159227,0,0.0031726286,Low (<25%),0.3,0
159233,0,0.14735536,Low (<25%),14.7,0
159272,0,0.005547612,Low (<25%),0.6,0
159275,0,0.013618088,Low (<25%),1.4,0
159344,0,0.0010762172,Low (<25%),0.1,0
159351,0,0.004251604,Low (<25%),0.4,0
159359,0,0.009301792,Low (<25%),0.9,0
159397,0,0.008886474,Low (<25%),0.9,0
159486,1,0.98954695,Critical (>75%),99.0,1
159500,0,0.000666159,Low (<25%),0.1,0
159525,0,0.0075814305,Low (<25%),0.8,0
159531,0,0.029867847,Low (<25%),3.0,0
159608,0,0.027172431,Low (<25%),2.7,0
159680,0,0.13749878,Low (<25%),13.7,0
159688,0,0.045832686,Low (<25%),4.6,0
159745,0,0.002507609,Low (<25%),0.3,0
159751,0,0.026255868,Low (<25%),2.6,0
159856,0,0.015528347,Low (<25%),1.6,0
159960,0,0.22039652,Low (<25%),22.0,0
160135,0,0.033186365,Low (<25%),3.3,0
160143,0,0.02561493,Low (<25%),2.6,0
160154,0,0.009835353,Low (<25%),1.0,0
160181,0,0.0010962063,Low (<25%),0.1,0
160203,0,0.014932222,Low (<25%),1.5,0
160250,0,0.003150882,Low (<25%),0.3,0
160320,0,0.0021910656,Low (<25%),0.2,0
160640,0,0.0030381097,Low (<25%),0.3,0
160686,0,0.0015131589,Low (<25%),0.2,0
160707,0,0.011610214,Low (<25%),1.2,0
160740,0,0.0020665014,Low (<25%),0.2,0
160773,0,0.114648305,Low (<25%),11.5,0
160905,0,0.0010783713,Low (<25%),0.1,0
160927,0,0.021422151,Low (<25%),2.1,0
160993,0,0.06366907,Low (<25%),6.4,0
161045,0,0.12121647,Low (<25%),12.1,0
161103,0,0.009180702,Low (<25%),0.9,0
161180,0,0.0014768632,Low (<25%),0.1,0
161241,0,0.06980742,Low (<25%),7.0,0
161276,0,0.0008904396,Low (<25%),0.1,0
161338,0,0.10400936,Low (<25%),10.4,0
161373,1,0.99525464,Critical (>75%),99.5,1
161414,0,0.016049903,Low (<25%),1.6,0
161415,0,0.0045901625,Low (<25%),0.5,0
161437,0,0.030782571,Low (<25%),3.1,0
161650,1,0.99903846,Critical (>75%),99.9,1
161766,0,0.050226692,Low (<25%),5.0,0
161769,0,0.0036340612,Low (<25%),0.4,0
161780,0,0.002604218,Low (<25%),0.3,0
161956,0,0.10931213,Low (<25%),10.9,0
162013,0,0.00485579,Low (<25%),0.5,0
162166,0,0.0059714816,Low (<25%),0.6,0
162167,0,0.012094864,Low (<25%),1.2,0
162180,0,0.0050570513,Low (<25%),0.5,0
162420,0,0.0101184165,Low (<25%),1.0,0
162456,0,0.018878482,Low (<25%),1.9,0
162485,1,0.99771535,Critical (>75%),99.8,1
162489,0,0.029432992,Low (<25%),2.9,0
162658,0,0.029519873,Low (<25%),3.0,0
163058,0,0.022917122,Low (<25%),2.3,0
163083,0,0.014511174,Low (<25%),1.5,0
163260,0,0.01419188,Low (<25%),1.4,0
163388,0,0.020142773,Low (<25%),2.0,0
163598,0,0.0019531613,Low (<25%),0.2,0
163608,0,0.028212136,Low (<25%),2.8,0
163615,0,0.009079685,Low (<25%),0.9,0
163639,0,0.0058653913,Low (<25%),0.6,0
163645,0,0.0049167867,Low (<25%),0.5,0
163757,0,0.003908969,Low (<25%),0.4,0
163776,0,0.014509605,Low (<25%),1.5,0
163970,0,0.016653517,Low (<25%),1.7,0
164013,0,0.0055053406,Low (<25%),0.6,0
164017,0,0.34541515,Medium (25-50%),34.5,0
164034,0,0.04283266,Low (<25%),4.3,0
164094,0,0.028224163,Low (<25%),2.8,0
164192,0,0.007114577,Low (<25%),0.7,0
164224,0,0.0050504096,Low (<25%),0.5,0
164226,0,0.031580046,Low (<25%),3.2,0
164298,1,0.9906358,Critical (>75%),99.1,1
164313,0,0.008213926,Low (<25%),0.8,0
164363,0,0.021589179,Low (<25%),2.2,0
164374,0,0.034167703,Low (<25%),3.4,0
164388,0,0.028117867,Low (<25%),2.8,0
164429,0,0.010482239,Low (<25%),1.0,0
164512,0,0.009781359,Low (<25%),1.0,0
164657,0,0.008702005,Low (<25%),0.9,0
164743,0,0.023257231,Low (<25%),2.3,0
164794,0,0.0034554917,Low (<25%),0.3,0
164947,0,0.022071633,Low (<25%),2.2,0
164973,0,0.00033041154,Low (<25%),0.0,0
164983,0,0.040600747,Low (<25%),4.1,0
165019,0,0.012032833,Low (<25%),1.2,0
165056,0,0.044056058,Low (<25%),4.4,0
165138,0,0.09366126,Low (<25%),9.4,0
165188,0,0.040790334,Low (<25%),4.1,0
165260,0,0.03240608,Low (<25%),3.2,0
165265,0,0.033025775,Low (<25%),3.3,0
165339,0,0.005622691,Low (<25%),0.6,0
165443,0,0.074509166,Low (<25%),7.5,0
165484,0,0.034013897,Low (<25%),3.4,0
165550,0,0.012916411,Low (<25%),1.3,0
165554,0,0.62481004,High (50-75%),62.5,0
165596,0,0.024674803,Low (<25%),2.5,0
165742,0,0.037966717,Low (<25%),3.8,0
165759,0,0.19483165,Low (<25%),19.5,0
165827,0,0.023235934,Low (<25%),2.3,0
165893,0,0.014236157,Low (<25%),1.4,0
165900,0,0.006130037,Low (<25%),0.6,0
166011,0,0.10940572,Low (<25%),10.9,0
166037,0,0.015498846,Low (<25%),1.5,0
166175,0,0.00060651347,Low (<25%),0.1,0
166239,0,0.02101474,Low (<25%),2.1,0
166273,0,0.00036730457,Low (<25%),0.0,0
166333,0,0.014292604,Low (<25%),1.4,0
166475,0,0.009812889,Low (<25%),1.0,0
166535,0,0.018400218,Low (<25%),1.8,0
166537,0,0.0045252475,Low (<25%),0.5,0
166577,0,0.0008994087,Low (<25%),0.1,0
166677,1,0.99804735,Critical (>75%),99.8,1
166693,0,0.0024959156,Low (<25%),0.2,0
166705,0,0.010404381,Low (<25%),1.0,0
166712,0,0.0014522555,Low (<25%),0.1,0
166825,0,0.04987397,Low (<25%),5.0,0
166829,0,0.41350806,Medium (25-50%),41.4,0
166846,0,0.0026976268,Low (<25%),0.3,0
166865,0,0.0071863914,Low (<25%),0.7,0
166911,0,0.011874815,Low (<25%),1.2,0
166938,0,0.006537094,Low (<25%),0.7,0
166953,0,0.010200742,Low (<25%),1.0,0
166955,0,0.0070681437,Low (<25%),0.7,0
166966,0,0.08229085,Low (<25%),8.2,0
167001,1,0.99875855,Critical (>75%),99.9,1
167016,0,0.042956658,Low (<25%),4.3,0
167026,0,0.05565971,Low (<25%),5.6,0
167062,0,0.016485391,Low (<25%),1.6,0
167177,0,0.08236164,Low (<25%),8.2,0
167257,0,0.0016254568,Low (<25%),0.2,0
167335,0,0.0051872637,Low (<25%),0.5,0
167363,0,0.009077053,Low (<25%),0.9,0
167465,0,0.012782285,Low (<25%),1.3,0
167515,0,0.012530504,Low (<25%),1.3,0
167575,1,0.9979578,Critical (>75%),99.8,1
167578,0,0.0014494364,Low (<25%),0.1,0
167587,0,0.013068539,Low (<25%),1.3,0
167660,0,0.015242494,Low (<25%),1.5,0
167795,0,0.011644282,Low (<25%),1.2,0
167933,0,0.0058936914,Low (<25%),0.6,0
168026,0,0.07136666,Low (<25%),7.1,0
168123,0,0.017227763,Low (<25%),1.7,0
168160,0,0.0011553047,Low (<25%),0.1,0
168290,0,0.00037966567,Low (<25%),0.0,0
168316,0,0.004614136,Low (<25%),0.5,0
168349,0,0.008189591,Low (<25%),0.8,0
168385,0,0.041045476,Low (<25%),4.1,0
168418,0,0.091540396,Low (<25%),9.2,0
168843,0,0.0061489553,Low (<25%),0.6,0
168887,0,0.004770767,Low (<25%),0.5,0
169054,0,0.005716714,Low (<25%),0.6,0
169129,0,0.0040487694,Low (<25%),0.4,0
169137,0,0.00816499,Low (<25%),0.8,0
169302,0,0.036097012,Low (<25%),3.6,0
169393,0,0.0011503067,Low (<25%),0.1,0
169418,0,0.024193821,Low (<25%),2.4,0
169525,0,0.0058462066,Low (<25%),0.6,0
169529,0,0.0004614209,Low (<25%),0.0,0
169661,0,0.02097609,Low (<25%),2.1,0
169665,0,0.033299275,Low (<25%),3.3,0
169697,0,0.02334049,Low (<25%),2.3,0
169699,1,0.99867934,Critical (>75%),99.9,1
169857,0,0.007387473,Low (<25%),0.7,0
169932,0,0.00935616,Low (<25%),0.9,0
169948,0,0.011170217,Low (<25%),1.1,0
170027,0,0.023871196,Low (<25%),2.4,0
170079,0,0.0068955687,Low (<25%),0.7,0
170211,0,0.0037423489,Low (<25%),0.4,0
170311,0,0.0099694505,Low (<25%),1.0,0
170321,0,0.012455523,Low (<25%),1.2,0
170368,0,0.0009463622,Low (<25%),0.1,0
170404,0,0.1766578,Low (<25%),17.7,0
170443,0,0.007614786,Low (<25%),0.8,0
170531,0,0.0060890806,Low (<25%),0.6,0
170544,0,0.07074603,Low (<25%),7.1,0
170566,0,0.045404717,Low (<25%),4.5,0
170585,0,0.030049741,Low (<25%),3.0,0
170656,0,0.010600133,Low (<25%),1.1,0
170710,0,0.004153052,Low (<25%),0.4,0
170791,0,0.0023763822,Low (<25%),0.2,0
170799,0,0.022328924,Low (<25%),2.2,0
170801,0,0.014639148,Low (<25%),1.5,0
170965,0,0.011221041,Low (<25%),1.1,0
171047,0,0.002097668,Low (<25%),0.2,0
171137,0,0.17491822,Low (<25%),17.5,0
171192,0,0.0041969195,Low (<25%),0.4,0
171257,0,0.0052277874,Low (<25%),0.5,0
171264,0,0.0042302394,Low (<25%),0.4,0
171350,0,0.0036970833,Low (<25%),0.4,0
171419,0,0.009406087,Low (<25%),0.9,0
171582,1,0.84643275,Critical (>75%),84.6,0
171638,0,0.03847274,Low (<25%),3.8,0
171691,0,0.0015450559,Low (<25%),0.2,0
171788,0,0.0002969656,Low (<25%),0.0,0
171883,0,0.007780937,Low (<25%),0.8,0
171902,1,0.9716501,Critical (>75%),97.2,1
171906,0,0.017399184,Low (<25%),1.7,0
171908,0,0.0043685604,Low (<25%),0.4,0
171937,0,0.012498578,Low (<25%),1.2,0
172059,0,0.051880896,Low (<25%),5.2,0
172135,0,0.19091275,Low (<25%),19.1,0
172200,0,0.00028002856,Low (<25%),0.0,0
172233,0,0.46794465,Medium (25-50%),46.8,0
172259,1,0.99014497,Critical (>75%),99.0,1
172345,0,0.094921656,Low (<25%),9.5,0
172348,0,0.035520736,Low (<25%),3.6,0
172444,0,0.015479765,Low (<25%),1.5,0
172610,0,0.029072514,Low (<25%),2.9,0
172755,0,0.0056055184,Low (<25%),0.6,0
172757,0,0.0019992075,Low (<25%),0.2,0
172971,0,0.00042727264,Low (<25%),0.0,0
172983,0,0.071708046,Low (<25%),7.2,0
172987,0,0.015198703,Low (<25%),1.5,0
173092,0,0.15253444,Low (<25%),15.3,0
173212,0,0.0055810474,Low (<25%),0.6,0
173227,0,0.001908889,Low (<25%),0.2,0
173235,0,0.08034553,Low (<25%),8.0,0
173252,0,0.018631067,Low (<25%),1.9,0
173343,0,0.0010934559,Low (<25%),0.1,0
173356,0,0.0132848155,Low (<25%),1.3,0
173398,0,0.0075266496,Low (<25%),0.8,0
173416,0,0.08746624,Low (<25%),8.7,0
173446,0,0.35850725,Medium (25-50%),35.9,0
173485,0,0.0051143477,Low (<25%),0.5,0
173506,0,0.000666211,Low (<25%),0.1,0
173531,0,0.024970392,Low (<25%),2.5,0
173548,0,0.027568992,Low (<25%),2.8,0
173666,0,0.020316526,Low (<25%),2.0,0
173673,0,0.008467109,Low (<25%),0.8,0
173798,0,0.007769052,Low (<25%),0.8,0
173873,0,0.0015222091,Low (<25%),0.2,0
173938,0,0.00684254,Low (<25%),0.7,0
174044,0,0.011078119,Low (<25%),1.1,0
174343,0,0.0050202473,Low (<25%),0.5,0
174439,0,0.006798623,Low (<25%),0.7,0
174702,0,0.008320467,Low (<25%),0.8,0
174729,0,0.013050532,Low (<25%),1.3,0
174743,0,0.0049352073,Low (<25%),0.5,0
174803,0,0.035307005,Low (<25%),3.5,0
174923,0,0.09486659,Low (<25%),9.5,0
174996,0,0.009099446,Low (<25%),0.9,0
175017,0,0.02524577,Low (<25%),2.5,0
175104,0,0.0014122784,Low (<25%),0.1,0
175169,0,0.060582314,Low (<25%),6.1,0
175249,0,0.014233415,Low (<25%),1.4,0
175285,0,0.0051815463,Low (<25%),0.5,0
175320,0,0.0017435363,Low (<25%),0.2,0
175342,0,0.10785764,Low (<25%),10.8,0
175360,0,0.016323956,Low (<25%),1.6,0
175387,1,0.85301435,Critical (>75%),85.3,0
175488,0,0.055478808,Low (<25%),5.5,0
175528,0,0.003999106,Low (<25%),0.4,0
175584,0,0.033868164,Low (<25%),3.4,0
175711,0,0.009233855,Low (<25%),0.9,0
175804,0,0.020008313,Low (<25%),2.0,0
175814,0,0.0016110844,Low (<25%),0.2,0
175902,0,0.012776564,Low (<25%),1.3,0
175954,0,0.0043536364,Low (<25%),0.4,0
175967,0,0.00082314486,Low (<25%),0.1,0
176115,0,0.049552795,Low (<25%),5.0,0
176142,0,0.008588558,Low (<25%),0.9,0
176166,0,0.0022752027,Low (<25%),0.2,0
176278,0,0.014530423,Low (<25%),1.5,0
176284,0,0.25947472,Medium (25-50%),25.9,0
176359,0,0.024429124,Low (<25%),2.4,0
176379,0,0.007041099,Low (<25%),0.7,0
176480,0,0.0075362907,Low (<25%),0.8,0
176521,0,0.0007118942,Low (<25%),0.1,0
176599,0,0.013276524,Low (<25%),1.3,0
176611,0,0.13962188,Low (<25%),14.0,0
176688,0,0.010957649,Low (<25%),1.1,0
177029,0,0.060344767,Low (<25%),6.0,0
177146,0,0.012437318,Low (<25%),1.2,0
177345,0,0.0012560826,Low (<25%),0.1,0
177457,0,0.0063283164,Low (<25%),0.6,0
177483,0,0.010505897,Low (<25%),1.1,0
177518,0,0.030516684,Low (<25%),3.1,0
177583,0,0.00042046135,Low (<25%),0.0,0
177598,0,0.001652258,Low (<25%),0.2,0
177700,0,0.020268,Low (<25%),2.0,0
177713,0,4.5497854e-05,Low (<25%),0.0,0
177962,0,0.13211767,Low (<25%),13.2,0
177993,0,0.0012223044,Low (<25%),0.1,0
178036,0,0.07168091,Low (<25%),7.2,0
178077,0,0.023346137,Low (<25%),2.3,0
178157,1,0.9991124,Critical (>75%),99.9,1
178160,0,0.01799816,Low (<25%),1.8,0
178331,0,0.004190957,Low (<25%),0.4,0
178335,0,0.09677412,Low (<25%),9.7,0
178403,0,0.0036809705,Low (<25%),0.4,0
178409,0,0.0015328455,Low (<25%),0.2,0
178461,1,0.8197509,Critical (>75%),82.0,0
178540,0,0.0034335617,Low (<25%),0.3,0
178643,0,0.25654328,Medium (25-50%),25.7,0
178720,0,0.037649255,Low (<25%),3.8,0
178864,0,0.0031301396,Low (<25%),0.3,0
179042,0,0.0043606884,Low (<25%),0.4,0
179053,0,0.0021807244,Low (<25%),0.2,0
179075,0,0.0075352537,Low (<25%),0.8,0
179153,0,0.004515317,Low (<25%),0.5,0
179585,0,0.024416853,Low (<25%),2.4,0
179590,0,0.007660838,Low (<25%),0.8,0
179603,0,0.0011496488,Low (<25%),0.1,0
179719,0,0.0290916,Low (<25%),2.9,0
179773,1,0.99074006,Critical (>75%),99.1,1
179870,0,0.014574119,Low (<25%),1.5,0
179944,0,0.0125590395,Low (<25%),1.3,0
179956,0,0.5937944,High (50-75%),59.4,0
180009,0,0.027451536,Low (<25%),2.7,0
180140,0,0.01136913,Low (<25%),1.1,0
180207,0,0.0040918533,Low (<25%),0.4,0
180216,0,0.03547075,Low (<25%),3.5,0
180219,0,0.0982313,Low (<25%),9.8,0
180321,0,0.04370166,Low (<25%),4.4,0
180380,0,0.024410907,Low (<25%),2.4,0
180411,0,0.057009757,Low (<25%),5.7,0
180488,0,0.0017186464,Low (<25%),0.2,0
180832,1,0.9947988,Critical (>75%),99.5,1
180922,0,0.0017301398,Low (<25%),0.2,0
180925,0,0.006457558,Low (<25%),0.6,0
180977,0,0.009600348,Low (<25%),1.0,0
181082,1,0.9614428,Critical (>75%),96.1,1
181139,0,0.0075137806,Low (<25%),0.8,0
181140,0,0.00019921656,Low (<25%),0.0,0
181184,0,0.0020233036,Low (<25%),0.2,0
181377,0,0.0053853593,Low (<25%),0.5,0
181423,0,0.010111952,Low (<25%),1.0,0
181726,0,0.06823501,Low (<25%),6.8,0
181728,0,0.0068982826,Low (<25%),0.7,0
181825,0,0.005118683,Low (<25%),0.5,0
181830,0,0.0031656013,Low (<25%),0.3,0
181852,0,0.0068367836,Low (<25%),0.7,0
182058,0,0.011925081,Low (<25%),1.2,0
182124,0,0.0077961376,Low (<25%),0.8,0
182130,0,0.7337938,High (50-75%),73.4,0
182148,0,0.027630502,Low (<25%),2.8,0
182159,0,0.047400717,Low (<25%),4.7,0
182184,0,0.026753385,Low (<25%),2.7,0
182205,0,0.13351575,Low (<25%),13.4,0
182235,0,0.021954034,Low (<25%),2.2,0
182272,0,0.10380025,Low (<25%),10.4,0
182320,1,0.8681133,Critical (>75%),86.8,0
182459,0,0.003992917,Low (<25%),0.4,0
182490,1,0.8801516,Critical (>75%),88.0,0
182519,0,0.020971635,Low (<25%),2.1,0
182531,1,0.7578013,Critical (>75%),75.8,0
182534,0,0.001064774,Low (<25%),0.1,0
182543,0,0.013013953,Low (<25%),1.3,0
182587,1,0.96357805,Critical (>75%),96.4,1
182749,0,0.011426475,Low (<25%),1.1,0
182782,0,0.06722723,Low (<25%),6.7,0
182785,0,0.00786266,Low (<25%),0.8,0
183020,0,0.0046662125,Low (<25%),0.5,0
183025,0,0.008872895,Low (<25%),0.9,0
183052,0,0.0062598507,Low (<25%),0.6,0
183096,0,0.027158817,Low (<25%),2.7,0
183129,0,0.0012740514,Low (<25%),0.1,0
183208,0,0.023778403,Low (<25%),2.4,0
183224,0,0.003996875,Low (<25%),0.4,0
183235,0,0.006507586,Low (<25%),0.7,0
183305,0,0.0066176997,Low (<25%),0.7,0
183374,0,0.01870156,Low (<25%),1.9,0
183388,0,0.3104253,Medium (25-50%),31.0,0
183456,0,0.0017297479,Low (<25%),0.2,0
183523,0,0.009537614,Low (<25%),1.0,0
183626,0,0.0038358292,Low (<25%),0.4,0
183692,0,0.018036122,Low (<25%),1.8,0
183716,0,0.0080422135,Low (<25%),0.8,0
183748,1,0.9403484,Critical (>75%),94.0,1
183754,0,0.01710211,Low (<25%),1.7,0
183755,0,0.0035064414,Low (<25%),0.4,0
183948,0,0.0014026238,Low (<25%),0.1,0
184009,0,0.021565054,Low (<25%),2.2,0
184035,0,0.12233575,Low (<25%),12.2,0
184045,0,0.0027850592,Low (<25%),0.3,0
184090,0,0.12487146,Low (<25%),12.5,0
184151,0,0.013958283,Low (<25%),1.4,0
184206,0,0.0008407863,Low (<25%),0.1,0
184306,0,0.017007513,Low (<25%),1.7,0
184456,0,0.0008684405,Low (<25%),0.1,0
184466,0,0.0120781865,Low (<25%),1.2,0
184478,0,0.11036307,Low (<25%),11.0,0
184496,0,0.008442688,Low (<25%),0.8,0
184635,0,0.09792215,Low (<25%),9.8,0
184678,1,0.8912603,Critical (>75%),89.1,0
184735,0,0.012453729,Low (<25%),1.2,0
184754,0,0.008157696,Low (<25%),0.8,0
184755,0,0.00019934861,Low (<25%),0.0,0
184895,0,0.007281201,Low (<25%),0.7,0
184959,0,0.014592127,Low (<25%),1.5,0
184976,0,0.005497126,Low (<25%),0.5,0
185013,0,0.34198597,Medium (25-50%),34.2,0
185101,0,0.023802515,Low (<25%),2.4,0
185129,0,0.007059509,Low (<25%),0.7,0
185153,0,0.12657857,Low (<25%),12.7,0
185285,0,0.2677071,Medium (25-50%),26.8,0
185496,0,0.037303712,Low (<25%),3.7,0
185509,0,0.0039834464,Low (<25%),0.4,0
185561,0,0.05105654,Low (<25%),5.1,0
185573,0,0.020790458,Low (<25%),2.1,0
185774,0,0.0003209108,Low (<25%),0.0,0
185808,0,0.009303945,Low (<25%),0.9,0
185830,0,0.020679476,Low (<25%),2.1,0
185835,0,0.037653733,Low (<25%),3.8,0
185857,0,0.0037544647,Low (<25%),0.4,0
185919,0,0.00853471,Low (<25%),0.9,0
186015,0,0.0015092763,Low (<25%),0.2,0
186199,0,0.00057041954,Low (<25%),0.1,0
186246,0,0.82929844,Critical (>75%),82.9,0
186295,0,0.01607245,Low (<25%),1.6,0
186539,0,0.0027450586,Low (<25%),0.3,0
186593,0,0.056478538,Low (<25%),5.6,0
186668,0,0.029749474,Low (<25%),3.0,0
186754,0,0.0015806652,Low (<25%),0.2,0
186810,0,0.0052936403,Low (<25%),0.5,0
186901,1,0.9538091,Critical (>75%),95.4,1
186942,0,0.03493849,Low (<25%),3.5,0
187010,0,0.000958091,Low (<25%),0.1,0
187025,0,0.030710338,Low (<25%),3.1,0
187041,0,0.0018375384,Low (<25%),0.2,0
187077,0,0.0052392515,Low (<25%),0.5,0
187141,0,0.0012427837,Low (<25%),0.1,0
187175,0,0.008823661,Low (<25%),0.9,0
187291,0,0.28580508,Medium (25-50%),28.6,0
187318,0,0.067790866,Low (<25%),6.8,0
187390,0,0.24473268,Low (<25%),24.5,0
187435,0,0.01033929,Low (<25%),1.0,0
187459,0,0.2318797,Low (<25%),23.2,0
187710,0,0.012004923,Low (<25%),1.2,0
187758,0,0.0018188893,Low (<25%),0.2,0
187838,0,0.004274284,Low (<25%),0.4,0
187887,0,0.022509327,Low (<25%),2.3,0
187902,0,0.6412248,High (50-75%),64.1,0
188006,0,0.012612473,Low (<25%),1.3,0
188033,0,0.008626877,Low (<25%),0.9,0
188071,0,0.0046605794,Low (<25%),0.5,0
188120,0,0.00071283075,Low (<25%),0.1,0
188136,0,0.0026407335,Low (<25%),0.3,0
188147,0,0.014855866,Low (<25%),1.5,0
188307,0,0.038642734,Low (<25%),3.9,0
188318,0,0.0020811378,Low (<25%),0.2,0
188328,0,0.00048555763,Low (<25%),0.0,0
188340,0,0.017259367,Low (<25%),1.7,0
188470,1,0.99540496,Critical (>75%),99.5,1
188542,0,0.012226473,Low (<25%),1.2,0
188559,0,0.00699042,Low (<25%),0.7,0
188655,0,0.057341598,Low (<25%),5.7,0
188668,0,0.038666435,Low (<25%),3.9,0
188828,0,0.002416168,Low (<25%),0.2,0
188893,0,0.0019265027,Low (<25%),0.2,0
189139,0,0.008581091,Low (<25%),0.9,0
189146,1,0.99017066,Critical (>75%),99.0,1
189158,0,0.17359003,Low (<25%),17.4,0
189197,0,0.027291218,Low (<25%),2.7,0
189294,0,0.014633179,Low (<25%),1.5,0
189329,0,0.02122958,Low (<25%),2.1,0
189611,0,0.00837178,Low (<25%),0.8,0
189707,0,0.5195811,High (50-75%),52.0,0
189775,0,0.004246381,Low (<25%),0.4,0
189817,0,0.013125027,Low (<25%),1.3,0
189822,0,0.005333986,Low (<25%),0.5,0
189836,0,0.016261365,Low (<25%),1.6,0
189914,0,0.0022542775,Low (<25%),0.2,0
190052,0,0.011807444,Low (<25%),1.2,0
190149,1,0.94363326,Critical (>75%),94.4,1
190227,0,0.0039140983,Low (<25%),0.4,0
190236,0,0.009212899,Low (<25%),0.9,0
190256,0,0.0043827444,Low (<25%),0.4,0
190405,1,0.99888545,Critical (>75%),99.9,1
190429,0,0.0025724166,Low (<25%),0.3,0
190465,0,0.017347695,Low (<25%),1.7,0
190524,0,0.15797149,Low (<25%),15.8,0
190529,0,0.010073939,Low (<25%),1.0,0
190561,0,0.0021354305,Low (<25%),0.2,0
190570,1,0.9935642,Critical (>75%),99.4,1
190716,0,0.041761592,Low (<25%),4.2,0
190720,0,0.0056652026,Low (<25%),0.6,0
190791,0,0.02301144,Low (<25%),2.3,0
190827,0,0.1694217,Low (<25%),16.9,0
191057,1,0.9141065,Critical (>75%),91.4,0
191065,0,0.001594341,Low (<25%),0.2,0
191150,0,0.0011697838,Low (<25%),0.1,0
191508,0,0.0013162236,Low (<25%),0.1,0
191537,0,0.027672783,Low (<25%),2.8,0
191558,0,0.05814204,Low (<25%),5.8,0
191626,0,0.04124325,Low (<25%),4.1,0
191638,0,0.004036333,Low (<25%),0.4,0
191656,0,0.039086424,Low (<25%),3.9,0
191814,0,0.015209055,Low (<25%),1.5,0
191869,0,0.0052099116,Low (<25%),0.5,0
191917,0,0.0043771076,Low (<25%),0.4,0
192009,0,0.0015106034,Low (<25%),0.2,0
192013,0,0.0007723792,Low (<25%),0.1,0
192098,0,0.0007143973,Low (<25%),0.1,0
192115,0,0.05491488,Low (<25%),5.5,0
192136,0,0.0068688146,Low (<25%),0.7,0
192141,0,0.0028718205,Low (<25%),0.3,0
192177,0,0.0020082395,Low (<25%),0.2,0
192250,0,0.0014545899,Low (<25%),0.1,0
192355,0,0.031788364,Low (<25%),3.2,0
192405,0,0.011389589,Low (<25%),1.1,0
192543,0,0.005194644,Low (<25%),0.5,0
192554,0,0.00441669,Low (<25%),0.4,0
192600,0,0.03588863,Low (<25%),3.6,0
192651,0,0.030710533,Low (<25%),3.1,0
192685,0,0.025419377,Low (<25%),2.5,0
192691,0,0.008940375,Low (<25%),0.9,0
192816,0,0.0036056223,Low (<25%),0.4,0
192898,0,0.01829597,Low (<25%),1.8,0
192994,0,0.0013757887,Low (<25%),0.1,0
193020,0,0.020461867,Low (<25%),2.0,0
193037,0,0.23837624,Low (<25%),23.8,0
193147,0,0.028573347,Low (<25%),2.9,0
193150,0,0.0024623922,Low (<25%),0.2,0
193212,0,0.02761412,Low (<25%),2.8,0
193519,0,0.048588667,Low (<25%),4.9,0
193564,0,0.008226039,Low (<25%),0.8,0
193662,0,0.0011973144,Low (<25%),0.1,0
193665,0,0.21840864,Low (<25%),21.8,0
193722,0,0.011148365,Low (<25%),1.1,0
193747,0,0.0028040786,Low (<25%),0.3,0
193775,0,0.0026236335,Low (<25%),0.3,0
193781,0,0.00586951,Low (<25%),0.6,0
193824,0,0.01411926,Low (<25%),1.4,0
193827,0,0.030298358,Low (<25%),3.0,0
193917,0,0.027786713,Low (<25%),2.8,0
193928,0,0.09367999,Low (<25%),9.4,0
193953,0,0.034444842,Low (<25%),3.4,0
194009,0,0.015080382,Low (<25%),1.5,0
194200,0,0.010121387,Low (<25%),1.0,0
194254,0,0.017281791,Low (<25%),1.7,0
194297,0,0.009719678,Low (<25%),1.0,0
194394,1,0.93713266,Critical (>75%),93.7,1
194482,0,0.018734308,Low (<25%),1.9,0
194493,0,0.017681107,Low (<25%),1.8,0
194571,0,0.04149877,Low (<25%),4.1,0
194640,0,0.035324223,Low (<25%),3.5,0
194694,0,0.0072438554,Low (<25%),0.7,0
194709,0,0.018529387,Low (<25%),1.9,0
194722,0,0.0042420444,Low (<25%),0.4,0
194737,0,0.121006206,Low (<25%),12.1,0
194758,0,0.006994182,Low (<25%),0.7,0
194786,0,0.007716752,Low (<25%),0.8,0
194813,0,0.10248838,Low (<25%),10.2,0
194855,0,0.030977888,Low (<25%),3.1,0
194859,0,0.0009438562,Low (<25%),0.1,0
194886,0,0.003712433,Low (<25%),0.4,0
194959,0,0.0029287655,Low (<25%),0.3,0
195137,0,0.0066179913,Low (<25%),0.7,0
195150,0,0.00068109157,Low (<25%),0.1,0
195368,0,0.012173719,Low (<25%),1.2,0
195419,0,0.015230366,Low (<25%),1.5,0
195594,0,0.003015011,Low (<25%),0.3,0
195684,0,0.010404808,Low (<25%),1.0,0
195806,0,0.023774311,Low (<25%),2.4,0
195848,0,0.0037408327,Low (<25%),0.4,0
195895,0,0.00037400163,Low (<25%),0.0,0
195960,0,0.0013752813,Low (<25%),0.1,0
195977,0,0.0034343447,Low (<25%),0.3,0
195994,0,0.00042582914,Low (<25%),0.0,0
196016,0,0.0079894345,Low (<25%),0.8,0
196096,1,0.86555415,Critical (>75%),86.6,0
196202,0,0.035095725,Low (<25%),3.5,0
196240,0,0.023035567,Low (<25%),2.3,0
196367,0,0.0016553489,Low (<25%),0.2,0
196442,0,0.009994024,Low (<25%),1.0,0
196467,0,0.02752041,Low (<25%),2.8,0
196469,0,0.002090923,Low (<25%),0.2,0
196514,0,0.003474811,Low (<25%),0.3,0
196582,0,0.007442396,Low (<25%),0.7,0
196583,0,0.00031098176,Low (<25%),0.0,0
196777,0,0.20673157,Low (<25%),20.7,0
196779,0,0.0069135223,Low (<25%),0.7,0
196798,0,0.017086055,Low (<25%),1.7,0
196845,0,0.034702912,Low (<25%),3.5,0
196892,0,0.048442192,Low (<25%),4.8,0
196905,0,0.13805868,Low (<25%),13.8,0
196992,0,0.0052727833,Low (<25%),0.5,0
197067,0,0.07520215,Low (<25%),7.5,0
197086,0,0.10721984,Low (<25%),10.7,0
197096,0,0.00480576,Low (<25%),0.5,0
197113,0,0.0086279465,Low (<25%),0.9,0
197138,0,0.023280893,Low (<25%),2.3,0
197192,0,0.004928145,Low (<25%),0.5,0
197320,0,0.0031727853,Low (<25%),0.3,0
197509,0,0.07253558,Low (<25%),7.3,0
197514,0,0.003960524,Low (<25%),0.4,0
197578,0,0.0057748505,Low (<25%),0.6,0
197608,0,0.027377358,Low (<25%),2.7,0
197642,0,0.0023071966,Low (<25%),0.2,0
197890,0,0.0032315983,Low (<25%),0.3,0
197973,0,0.02253774,Low (<25%),2.3,0
198010,0,0.0059505356,Low (<25%),0.6,0
198075,0,0.022100085,Low (<25%),2.2,0
198123,0,0.011812882,Low (<25%),1.2,0
198147,0,0.10123464,Low (<25%),10.1,0
198167,0,0.012794138,Low (<25%),1.3,0
198424,0,0.006177792,Low (<25%),0.6,0
198499,0,0.004327952,Low (<25%),0.4,0
198625,0,0.022554258,Low (<25%),2.3,0
198645,0,0.03088433,Low (<25%),3.1,0
198713,0,0.046724193,Low (<25%),4.7,0
198813,0,0.01281696,Low (<25%),1.3,0
198836,0,0.07323842,Low (<25%),7.3,0
198900,0,0.035856087,Low (<25%),3.6,0
198961,0,0.079562515,Low (<25%),8.0,0
199021,1,0.9994522,Critical (>75%),99.9,1
199073,0,0.014088768,Low (<25%),1.4,0
199342,0,0.016772015,Low (<25%),1.7,0
199358,0,0.0028641908,Low (<25%),0.3,0
199374,0,0.0009946973,Low (<25%),0.1,0
199405,0,0.004414116,Low (<25%),0.4,0
199478,0,0.011193157,Low (<25%),1.1,0
199507,0,0.02998288,Low (<25%),3.0,0
199509,0,0.0083987685,Low (<25%),0.8,0
199513,0,0.015913177,Low (<25%),1.6,0
199603,0,0.003969997,Low (<25%),0.4,0
199652,0,0.0074959015,Low (<25%),0.7,0
199809,0,0.012056056,Low (<25%),1.2,0
199810,0,0.031536307,Low (<25%),3.2,0
199959,0,0.0012604485,Low (<25%),0.1,0
200012,0,0.018887484,Low (<25%),1.9,0
200065,0,0.06508098,Low (<25%),6.5,0
200067,0,0.00914513,Low (<25%),0.9,0
200077,0,0.38970476,Medium (25-50%),39.0,0
200168,0,0.009172179,Low (<25%),0.9,0
200309,0,0.008483639,Low (<25%),0.8,0
200321,0,0.026991813,Low (<25%),2.7,0
200326,0,0.024957422,Low (<25%),2.5,0
200519,0,0.02102431,Low (<25%),2.1,0
200552,0,0.01933917,Low (<25%),1.9,0
200681,0,0.024381377,Low (<25%),2.4,0
200708,0,0.0040510255,Low (<25%),0.4,0
200744,0,0.0024146906,Low (<25%),0.2,0
200802,0,0.34396577,Medium (25-50%),34.4,0
200863,0,0.0042440873,Low (<25%),0.4,0
200877,0,0.021806026,Low (<25%),2.2,0
200960,0,0.0032790063,Low (<25%),0.3,0
200991,0,0.0075922837,Low (<25%),0.8,0
201115,0,0.0007349934,Low (<25%),0.1,0
201220,0,0.034762528,Low (<25%),3.5,0
201256,0,0.0046002283,Low (<25%),0.5,0
201273,0,0.00035709896,Low (<25%),0.0,0
201276,0,0.06626903,Low (<25%),6.6,0
201292,0,0.046480533,Low (<25%),4.6,0
201339,0,0.0081548905,Low (<25%),0.8,0
201343,0,0.03653001,Low (<25%),3.7,0
201355,0,0.0016029372,Low (<25%),0.2,0
201365,0,0.037143,Low (<25%),3.7,0
201475,0,0.00351378,Low (<25%),0.4,0
201561,0,0.07008671,Low (<25%),7.0,0
201564,0,0.005847607,Low (<25%),0.6,0
201683,0,0.03463197,Low (<25%),3.5,0
201709,0,0.006281107,Low (<25%),0.6,0
201816,0,0.031107752,Low (<25%),3.1,0
201891,1,0.9267757,Critical (>75%),92.7,0
201898,1,0.9536693,Critical (>75%),95.4,1
202052,0,0.021407183,Low (<25%),2.1,0
202055,0,0.004036841,Low (<25%),0.4,0
202156,0,0.010197988,Low (<25%),1.0,0
202182,0,0.002287491,Low (<25%),0.2,0
202218,0,0.010390418,Low (<25%),1.0,0
202248,0,0.0071910126,Low (<25%),0.7,0
202293,0,0.0031526648,Low (<25%),0.3,0
202299,0,0.0011132361,Low (<25%),0.1,0
202329,0,0.0047891336,Low (<25%),0.5,0
202358,0,0.03995241,Low (<25%),4.0,0
202585,0,0.047492128,Low (<25%),4.7,0
202696,0,0.062897004,Low (<25%),6.3,0
202716,0,0.006135123,Low (<25%),0.6,0
202784,0,0.005607422,Low (<25%),0.6,0
202807,0,0.008654461,Low (<25%),0.9,0
202831,0,0.020185258,Low (<25%),2.0,0
202859,0,0.004754189,Low (<25%),0.5,0
202864,0,0.01123248,Low (<25%),1.1,0
203033,0,0.0040291105,Low (<25%),0.4,0
203084,0,0.009449662,Low (<25%),0.9,0
203133,1,0.89461535,Critical (>75%),89.5,0
203143,1,0.9972555,Critical (>75%),99.7,1
203184,0,0.013620271,Low (<25%),1.4,0
203293,0,0.023022808,Low (<25%),2.3,0
203306,0,0.00018166078,Low (<25%),0.0,0
203409,0,0.29506505,Medium (25-50%),29.5,0
203550,0,0.15124829,Low (<25%),15.1,0
203577,0,0.0053749816,Low (<25%),0.5,0
203607,0,0.019803232,Low (<25%),2.0,0
203625,0,0.03948384,Low (<25%),3.9,0
203696,0,0.0031217975,Low (<25%),0.3,0
203698,0,0.06761371,Low (<25%),6.8,0
203745,0,0.0014228318,Low (<25%),0.1,0
203772,0,0.0053496053,Low (<25%),0.5,0
203815,1,0.871702,Critical (>75%),87.2,0
203864,0,0.051598705,Low (<25%),5.2,0
203947,1,0.9994785,Critical (>75%),99.9,1
203950,0,0.18118773,Low (<25%),18.1,0
203973,0,0.6009926,High (50-75%),60.1,0
204000,0,0.4835461,Medium (25-50%),48.4,0
204042,0,0.01675294,Low (<25%),1.7,0
204111,1,0.9908607,Critical (>75%),99.1,1
204220,0,0.0026419882,Low (<25%),0.3,0
204237,1,0.91448563,Critical (>75%),91.4,0
204343,0,0.0062289033,Low (<25%),0.6,0
204375,0,0.018655494,Low (<25%),1.9,0
204424,0,0.006641603,Low (<25%),0.7,0
204484,0,0.012249834,Low (<25%),1.2,0
204686,0,0.0057924725,Low (<25%),0.6,0
204693,0,0.04677815,Low (<25%),4.7,0
204763,0,0.002549378,Low (<25%),0.3,0
204926,1,0.9974591,Critical (>75%),99.7,1
204935,0,0.004980237,Low (<25%),0.5,0
204994,0,0.010971849,Low (<25%),1.1,0
205087,0,0.017126262,Low (<25%),1.7,0
205111,0,0.020122876,Low (<25%),2.0,0
205156,0,0.002855145,Low (<25%),0.3,0
205170,0,0.0014183322,Low (<25%),0.1,0
205197,0,0.03739571,Low (<25%),3.7,0
205256,0,0.0067649884,Low (<25%),0.7,0
205367,0,0.044782065,Low (<25%),4.5,0
205371,0,0.002635394,Low (<25%),0.3,0
205413,0,0.0044909124,Low (<25%),0.4,0
205430,0,0.08264173,Low (<25%),8.3,0
205445,0,0.0031719138,Low (<25%),0.3,0
205505,0,0.052962087,Low (<25%),5.3,0
205658,0,0.018979413,Low (<25%),1.9,0
205671,0,0.004478996,Low (<25%),0.4,0
205697,0,0.010071234,Low (<25%),1.0,0
205698,0,0.0018156085,Low (<25%),0.2,0
205785,0,0.01838853,Low (<25%),1.8,0
206108,0,0.0066047567,Low (<25%),0.7,0
206119,0,0.041869365,Low (<25%),4.2,0
206207,0,0.0019591928,Low (<25%),0.2,0
206284,0,0.0003056338,Low (<25%),0.0,0
206328,0,0.011702536,Low (<25%),1.2,0
206366,0,0.018888136,Low (<25%),1.9,0
206466,0,0.30435118,Medium (25-50%),30.4,0
206591,0,0.018576724,Low (<25%),1.9,0
206680,0,0.009536128,Low (<25%),1.0,0
206772,0,0.015572196,Low (<25%),1.6,0
206773,0,0.00044830985,Low (<25%),0.0,0
206871,0,0.0015491697,Low (<25%),0.2,0
206890,0,0.010681023,Low (<25%),1.1,0
206914,0,0.009074208,Low (<25%),0.9,0
206925,0,0.0031823036,Low (<25%),0.3,0
206947,0,0.15219113,Low (<25%),15.2,0
206992,0,0.01156368,Low (<25%),1.2,0
207001,0,0.013103438,Low (<25%),1.3,0
207110,0,0.043983027,Low (<25%),4.4,0
207195,0,0.013548288,Low (<25%),1.4,0
207220,0,0.02072773,Low (<25%),2.1,0
207372,0,0.04659664,Low (<25%),4.7,0
207453,0,0.0057722996,Low (<25%),0.6,0
207492,0,0.0017283304,Low (<25%),0.2,0
207500,0,0.0069790166,Low (<25%),0.7,0
207543,0,0.0020865747,Low (<25%),0.2,0
207576,0,0.003132962,Low (<25%),0.3,0
207821,0,0.0076946784,Low (<25%),0.8,0
207860,1,0.8439612,Critical (>75%),84.4,0
207865,0,0.033404432,Low (<25%),3.3,0
208234,0,0.12132844,Low (<25%),12.1,0
208256,0,0.38313124,Medium (25-50%),38.3,0
208323,0,0.02728898,Low (<25%),2.7,0
208329,0,0.0044951607,Low (<25%),0.4,0
208368,0,0.005871431,Low (<25%),0.6,0
208375,0,0.106849924,Low (<25%),10.7,0
208485,0,0.0032841628,Low (<25%),0.3,0
208517,0,0.09075266,Low (<25%),9.1,0
208553,0,0.09087093,Low (<25%),9.1,0
208584,0,0.056910288,Low (<25%),5.7,0
208586,0,0.07092852,Low (<25%),7.1,0
208634,0,0.02495339,Low (<25%),2.5,0
208649,0,0.040388793,Low (<25%),4.0,0
208787,0,0.01257967,Low (<25%),1.3,0
208940,0,0.0069414345,Low (<25%),0.7,0
208961,0,0.0025231936,Low (<25%),0.3,0
208967,0,0.0203215,Low (<25%),2.0,0
209021,0,0.2711582,Medium (25-50%),27.1,0
209022,0,0.015060351,Low (<25%),1.5,0
209058,0,0.022033399,Low (<25%),2.2,0
209102,0,0.0018043021,Low (<25%),0.2,0
209134,0,0.11345774,Low (<25%),11.3,0
209172,0,0.047992244,Low (<25%),4.8,0
209249,0,0.0032234464,Low (<25%),0.3,0
209357,0,0.017400913,Low (<25%),1.7,0
209405,0,0.027052347,Low (<25%),2.7,0
209675,0,0.009706913,Low (<25%),1.0,0
209729,0,0.0040791645,Low (<25%),0.4,0
209787,0,0.002027503,Low (<25%),0.2,0
209831,0,0.06350479,Low (<25%),6.4,0
209886,0,0.013451281,Low (<25%),1.3,0
209994,0,0.012223069,Low (<25%),1.2,0
210205,0,0.029575009,Low (<25%),3.0,0
210226,0,0.030784711,Low (<25%),3.1,0
210236,0,0.027664222,Low (<25%),2.8,0
210247,0,0.31689608,Medium (25-50%),31.7,0
210291,0,0.014133519,Low (<25%),1.4,0
210298,0,0.0007195199,Low (<25%),0.1,0
210339,0,0.008251252,Low (<25%),0.8,0
210385,0,0.00034620607,Low (<25%),0.0,0
210416,0,0.07648785,Low (<25%),7.6,0
210442,0,0.008285997,Low (<25%),0.8,0
210498,0,0.013773493,Low (<25%),1.4,0
210630,0,0.022715539,Low (<25%),2.3,0
210647,0,0.0014940333,Low (<25%),0.1,0
210725,0,0.002457695,Low (<25%),0.2,0
210734,0,0.0053628,Low (<25%),0.5,0
210752,0,0.016934445,Low (<25%),1.7,0
210755,0,0.0062613282,Low (<25%),0.6,0
210761,0,0.49660113,Medium (25-50%),49.7,0
210770,0,0.014294479,Low (<25%),1.4,0
210815,0,0.10648451,Low (<25%),10.6,0
210835,0,0.009565185,Low (<25%),1.0,0
210870,0,0.19477566,Low (<25%),19.5,0
210910,0,0.09966167,Low (<25%),10.0,0
211030,0,0.2786971,Medium (25-50%),27.9,0
211043,0,0.00091881095,Low (<25%),0.1,0
211058,0,0.0021265035,Low (<25%),0.2,0
211083,0,0.06488912,Low (<25%),6.5,0
211217,0,0.18400128,Low (<25%),18.4,0
211475,0,0.13176787,Low (<25%),13.2,0
211524,0,0.061382104,Low (<25%),6.1,0
211549,0,0.0012876734,Low (<25%),0.1,0
211575,0,0.32084134,Medium (25-50%),32.1,0
211589,0,0.010449749,Low (<25%),1.0,0
211625,0,0.008538306,Low (<25%),0.9,0
211714,0,0.09861051,Low (<25%),9.9,0
211715,1,0.99900764,Critical (>75%),99.9,1
211802,0,0.055295926,Low (<25%),5.5,0
211842,0,0.0116136065,Low (<25%),1.2,0
211891,0,0.0071036085,Low (<25%),0.7,0
211966,0,0.019858537,Low (<25%),2.0,0
211984,0,0.10550894,Low (<25%),10.6,0
212128,0,0.0008294742,Low (<25%),0.1,0
212130,0,0.024740402,Low (<25%),2.5,0
212189,0,0.042470176,Low (<25%),4.2,0
212209,0,0.020025136,Low (<25%),2.0,0
212230,0,0.04280919,Low (<25%),4.3,0
212301,1,0.9952366,Critical (>75%),99.5,1
212304,0,0.01130178,Low (<25%),1.1,0
212350,0,0.005558938,Low (<25%),0.6,0
212477,0,0.043937746,Low (<25%),4.4,0
212484,0,0.29458067,Medium (25-50%),29.5,0
212544,0,0.053008422,Low (<25%),5.3,0
212602,0,0.020367244,Low (<25%),2.0,0
212604,0,0.4249293,Medium (25-50%),42.5,0
212707,0,0.04139976,Low (<25%),4.1,0
212735,0,0.0059497207,Low (<25%),0.6,0
212762,0,0.010014185,Low (<25%),1.0,0
212849,0,0.003910995,Low (<25%),0.4,0
212862,0,0.048787083,Low (<25%),4.9,0
212977,0,0.0017601522,Low (<25%),0.2,0
213013,0,0.0010453694,Low (<25%),0.1,0
213086,0,0.04499801,Low (<25%),4.5,0
213112,0,0.017697114,Low (<25%),1.8,0
213113,0,0.003366398,Low (<25%),0.3,0
213177,0,0.0081762895,Low (<25%),0.8,0
213246,0,0.3095605,Medium (25-50%),31.0,0
213297,0,0.0024153823,Low (<25%),0.2,0
213303,0,0.009321441,Low (<25%),0.9,0
213432,0,0.16613005,Low (<25%),16.6,0
213480,0,0.19572382,Low (<25%),19.6,0
213723,0,0.0028506848,Low (<25%),0.3,0
213813,0,0.015150417,Low (<25%),1.5,0
213841,0,0.0038956404,Low (<25%),0.4,0
213934,0,0.0035436633,Low (<25%),0.4,0
213979,0,0.0023231767,Low (<25%),0.2,0
214030,0,0.002887628,Low (<25%),0.3,0
214095,0,9.577873e-05,Low (<25%),0.0,0
214322,0,0.007105543,Low (<25%),0.7,0
214354,0,0.012374253,Low (<25%),1.2,0
214504,0,0.021644192,Low (<25%),2.2,0
214605,0,0.01449879,Low (<25%),1.4,0
214639,0,0.011916049,Low (<25%),1.2,0
214661,0,0.036843076,Low (<25%),3.7,0
214878,0,0.015659062,Low (<25%),1.6,0
214995,0,0.010785834,Low (<25%),1.1,0
215051,0,0.35077935,Medium (25-50%),35.1,0
215089,0,0.016632829,Low (<25%),1.7,0
215257,0,0.031996924,Low (<25%),3.2,0
215260,0,0.11597239,Low (<25%),11.6,0
215508,0,0.0021311338,Low (<25%),0.2,0
215567,0,0.007110523,Low (<25%),0.7,0
215626,0,0.0037286102,Low (<25%),0.4,0
215639,0,0.099834405,Low (<25%),10.0,0
215651,0,0.24183631,Low (<25%),24.2,0
215719,0,0.0042763785,Low (<25%),0.4,0
215840,0,0.02422534,Low (<25%),2.4,0
215869,0,0.05767251,Low (<25%),5.8,0
215952,0,0.00655903,Low (<25%),0.7,0
215955,0,0.10237136,Low (<25%),10.2,0
216040,0,0.019194935,Low (<25%),1.9,0
216095,0,0.028779041,Low (<25%),2.9,0
216109,0,0.033287466,Low (<25%),3.3,0
216139,0,0.02416217,Low (<25%),2.4,0
216269,0,0.012362418,Low (<25%),1.2,0
216467,0,0.0045106513,Low (<25%),0.5,0
216487,0,0.0039223614,Low (<25%),0.4,0
216517,0,0.010733244,Low (<25%),1.1,0
216573,0,0.012244101,Low (<25%),1.2,0
216596,0,0.033304386,Low (<25%),3.3,0
216652,0,0.00017851267,Low (<25%),0.0,0
216658,0,0.015481422,Low (<25%),1.5,0
216661,0,0.0012193832,Low (<25%),0.1,0
216683,0,0.009741913,Low (<25%),1.0,0
216719,0,0.039277352,Low (<25%),3.9,0
216725,0,0.053366557,Low (<25%),5.3,0
216762,0,0.0057563125,Low (<25%),0.6,0
216946,0,0.00372725,Low (<25%),0.4,0
217051,0,0.048005175,Low (<25%),4.8,0
217054,0,0.0018558175,Low (<25%),0.2,0
217124,0,0.0034542554,Low (<25%),0.3,0
217204,0,0.014438968,Low (<25%),1.4,0
217364,0,0.004472121,Low (<25%),0.4,0
217401,1,0.9769056,Critical (>75%),97.7,1
217695,0,0.00033901853,Low (<25%),0.0,0
217754,0,0.04146363,Low (<25%),4.1,0
217761,1,0.99610764,Critical (>75%),99.6,1
217772,0,0.35936326,Medium (25-50%),35.9,0
217792,0,0.026170397,Low (<25%),2.6,0
217802,0,0.028798973,Low (<25%),2.9,0
217862,0,0.030610124,Low (<25%),3.1,0
217967,1,0.99956864,Critical (>75%),100.0,1
218122,0,0.22110064,Low (<25%),22.1,0
218127,1,0.9716896,Critical (>75%),97.2,1
218241,0,0.010095479,Low (<25%),1.0,0
218277,0,0.0030462316,Low (<25%),0.3,0
218278,0,0.00047265162,Low (<25%),0.0,0
218311,0,0.004995172,Low (<25%),0.5,0
218362,0,0.02663243,Low (<25%),2.7,0
218383,0,0.10785735,Low (<25%),10.8,0
218425,0,0.011467581,Low (<25%),1.1,0
218529,0,0.07477725,Low (<25%),7.5,0
218538,0,0.0071104523,Low (<25%),0.7,0
218545,0,0.0045570307,Low (<25%),0.5,0
218601,0,0.09554372,Low (<25%),9.6,0
218757,0,0.0033639194,Low (<25%),0.3,0
218917,0,0.03437271,Low (<25%),3.4,0
219043,0,0.006654104,Low (<25%),0.7,0
219139,0,0.018224081,Low (<25%),1.8,0
219270,1,0.92395675,Critical (>75%),92.4,0
219276,0,0.007955877,Low (<25%),0.8,0
219413,0,0.0026685214,Low (<25%),0.3,0
219431,0,0.00011859206,Low (<25%),0.0,0
219555,0,0.09002725,Low (<25%),9.0,0
219714,0,0.070386425,Low (<25%),7.0,0
219747,0,0.020502679,Low (<25%),2.1,0
219779,0,0.004731193,Low (<25%),0.5,0
219984,0,0.006358372,Low (<25%),0.6,0
220131,0,0.0022989397,Low (<25%),0.2,0
220244,0,0.009875551,Low (<25%),1.0,0
220358,0,0.010154391,Low (<25%),1.0,0
220538,0,0.030848669,Low (<25%),3.1,0
220564,0,0.008102578,Low (<25%),0.8,0
220616,0,0.0049944324,Low (<25%),0.5,0
220794,0,0.0048083286,Low (<25%),0.5,0
220802,0,0.048384324,Low (<25%),4.8,0
220806,0,0.017145753,Low (<25%),1.7,0
220808,0,0.0017195434,Low (<25%),0.2,0
220822,0,0.03558987,Low (<25%),3.6,0
220892,0,0.18500516,Low (<25%),18.5,0
221075,0,0.017505111,Low (<25%),1.8,0
221204,0,0.004538716,Low (<25%),0.5,0
221205,0,0.02718695,Low (<25%),2.7,0
221254,1,0.95144814,Critical (>75%),95.1,1
221287,0,0.003066733,Low (<25%),0.3,0
221328,0,0.032742817,Low (<25%),3.3,0
221345,0,0.13660572,Low (<25%),13.7,0
221388,0,0.013752529,Low (<25%),1.4,0
221446,0,0.01859811,Low (<25%),1.9,0
221469,0,0.0037748485,Low (<25%),0.4,0
221643,0,0.0016623385,Low (<25%),0.2,0
221721,0,0.008432639,Low (<25%),0.8,0
221775,0,0.09754281,Low (<25%),9.8,0
221813,0,0.00014966319,Low (<25%),0.0,0
221862,0,0.015426893,Low (<25%),1.5,0
221993,0,0.0639548,Low (<25%),6.4,0
222050,0,0.0042632334,Low (<25%),0.4,0
222065,0,0.031269316,Low (<25%),3.1,0
222102,0,0.045243245,Low (<25%),4.5,0
222278,0,0.00264589,Low (<25%),0.3,0
222280,0,0.07715242,Low (<25%),7.7,0
222453,0,0.007478627,Low (<25%),0.7,0
222490,0,0.014631212,Low (<25%),1.5,0
222743,0,0.002085744,Low (<25%),0.2,0
222748,0,0.00910971,Low (<25%),0.9,0
222874,0,0.030633833,Low (<25%),3.1,0
222929,0,0.0065765996,Low (<25%),0.7,0
222960,0,0.005566416,Low (<25%),0.6,0
223313,0,0.27174357,Medium (25-50%),27.2,0
223354,0,0.04898618,Low (<25%),4.9,0
223534,0,0.011401482,Low (<25%),1.1,0
223587,0,0.026715957,Low (<25%),2.7,0
223632,0,0.01291936,Low (<25%),1.3,0
223946,0,0.021425815,Low (<25%),2.1,0
223958,0,0.2697325,Medium (25-50%),27.0,0
224000,0,0.0144255515,Low (<25%),1.4,0
224130,0,0.005542584,Low (<25%),0.6,0
224298,0,0.008285213,Low (<25%),0.8,0
224384,0,0.004155604,Low (<25%),0.4,0
224402,0,0.04896124,Low (<25%),4.9,0
224661,0,0.0027300864,Low (<25%),0.3,0
224664,0,0.027831195,Low (<25%),2.8,0
224666,0,0.13225539,Low (<25%),13.2,0
224691,0,0.073810756,Low (<25%),7.4,0
224740,0,0.0018117687,Low (<25%),0.2,0
224854,0,0.011266159,Low (<25%),1.1,0
224924,0,0.3896901,Medium (25-50%),39.0,0
224952,0,0.0024884983,Low (<25%),0.2,0
225067,0,0.02247119,Low (<25%),2.2,0
225077,0,0.0028109576,Low (<25%),0.3,0
225087,0,0.0013299336,Low (<25%),0.1,0
225088,0,0.012004743,Low (<25%),1.2,0
225262,0,0.001038643,Low (<25%),0.1,0
225279,0,0.0014553623,Low (<25%),0.1,0
225318,0,0.00092704134,Low (<25%),0.1,0
225327,0,0.0011388384,Low (<25%),0.1,0
225363,0,0.0027426877,Low (<25%),0.3,0
225482,0,0.011001818,Low (<25%),1.1,0
225486,0,0.0049163927,Low (<25%),0.5,0
225576,0,0.0034650678,Low (<25%),0.3,0
225746,0,0.002598287,Low (<25%),0.3,0
225891,0,0.023803474,Low (<25%),2.4,0
225920,0,0.069269516,Low (<25%),6.9,0
225930,0,0.005663484,Low (<25%),0.6,0
225972,0,0.0622457,Low (<25%),6.2,0
226191,0,0.0034754188,Low (<25%),0.3,0
226194,0,0.055004247,Low (<25%),5.5,0
226360,0,0.0036066042,Low (<25%),0.4,0
226387,1,0.97743064,Critical (>75%),97.7,1
226422,0,0.012516004,Low (<25%),1.3,0
226511,0,0.012592151,Low (<25%),1.3,0
226643,0,0.666869,High (50-75%),66.7,0
226710,0,0.008364665,Low (<25%),0.8,0
226842,0,0.020558313,Low (<25%),2.1,0
226866,0,0.024415974,Low (<25%),2.4,0
226924,0,0.12890962,Low (<25%),12.9,0
227008,0,0.08638299,Low (<25%),8.6,0
227015,0,0.0065332637,Low (<25%),0.7,0
227234,0,0.034987126,Low (<25%),3.5,0
227239,0,0.0024734207,Low (<25%),0.2,0
227293,0,0.0141111715,Low (<25%),1.4,0
227429,0,0.002720587,Low (<25%),0.3,0
227547,0,0.0027160547,Low (<25%),0.3,0
227796,0,0.048322756,Low (<25%),4.8,0
227804,0,0.028290404,Low (<25%),2.8,0
227808,0,0.0007191998,Low (<25%),0.1,0
227906,0,0.0011140737,Low (<25%),0.1,0
228030,0,0.0013393366,Low (<25%),0.1,0
228151,0,0.023766844,Low (<25%),2.4,0
228273,0,0.002532354,Low (<25%),0.3,0
228580,0,0.006365775,Low (<25%),0.6,0
228673,0,0.042577635,Low (<25%),4.3,0
228748,0,0.004912447,Low (<25%),0.5,0
228820,0,0.08787812,Low (<25%),8.8,0
228896,0,0.0014411836,Low (<25%),0.1,0
228984,0,0.037971526,Low (<25%),3.8,0
228995,0,0.011704399,Low (<25%),1.2,0
229094,0,0.05440712,Low (<25%),5.4,0
229166,0,0.0012764309,Low (<25%),0.1,0
229210,0,0.014407483,Low (<25%),1.4,0
229265,0,0.010325541,Low (<25%),1.0,0
229436,0,0.13800511,Low (<25%),13.8,0
229530,0,0.0010668717,Low (<25%),0.1,0
229612,0,0.0013579613,Low (<25%),0.1,0
229621,0,0.003156265,Low (<25%),0.3,0
229677,0,0.00698767,Low (<25%),0.7,0
229692,0,0.07332148,Low (<25%),7.3,0
229842,0,0.0051536276,Low (<25%),0.5,0
230027,0,0.013422747,Low (<25%),1.3,0
230070,1,0.9056643,Critical (>75%),90.6,0
230101,0,0.020710247,Low (<25%),2.1,0
230240,0,0.0015444439,Low (<25%),0.2,0
230311,0,0.9715066,Critical (>75%),97.2,1
230337,0,0.3456423,Medium (25-50%),34.6,0
230429,0,0.0030004547,Low (<25%),0.3,0
230560,0,0.011160741,Low (<25%),1.1,0
230687,1,0.89611894,Critical (>75%),89.6,0
230693,0,0.0029560414,Low (<25%),0.3,0
230763,0,0.014210037,Low (<25%),1.4,0
230840,0,0.04008011,Low (<25%),4.0,0
230908,0,0.01013529,Low (<25%),1.0,0
230942,0,0.0075910375,Low (<25%),0.8,0
231013,0,0.030292753,Low (<25%),3.0,0
231047,0,0.07097131,Low (<25%),7.1,0
231084,0,0.05348456,Low (<25%),5.3,0
231090,0,0.019971153,Low (<25%),2.0,0
231273,0,0.02250288,Low (<25%),2.3,0
231462,0,0.0066651385,Low (<25%),0.7,0
231508,0,0.009656946,Low (<25%),1.0,0
231530,0,0.02245305,Low (<25%),2.2,0
231592,0,0.040137738,Low (<25%),4.0,0
231614,0,0.0055787796,Low (<25%),0.6,0
231641,0,0.03725685,Low (<25%),3.7,0
231755,0,0.011941723,Low (<25%),1.2,0
231843,0,0.01943077,Low (<25%),1.9,0
231992,0,0.12623544,Low (<25%),12.6,0
232022,0,0.026421681,Low (<25%),2.6,0
232137,0,0.015612605,Low (<25%),1.6,0
232203,0,0.05105711,Low (<25%),5.1,0
232290,0,0.008924166,Low (<25%),0.9,0
232395,0,0.009701891,Low (<25%),1.0,0
232450,0,0.096147306,Low (<25%),9.6,0
232555,0,0.026424985,Low (<25%),2.6,0
232579,0,0.029184133,Low (<25%),2.9,0
232609,1,0.9128884,Critical (>75%),91.3,0
232685,0,0.076402605,Low (<25%),7.6,0
232703,0,0.008327966,Low (<25%),0.8,0
232755,0,0.00042817008,Low (<25%),0.0,0
232871,0,0.0034551846,Low (<25%),0.3,0
232907,1,0.9990539,Critical (>75%),99.9,1
232924,0,0.01401226,Low (<25%),1.4,0
233017,0,0.26331213,Medium (25-50%),26.3,0
233084,0,0.011899795,Low (<25%),1.2,0
233437,1,0.8953854,Critical (>75%),89.5,0
233646,0,0.03130925,Low (<25%),3.1,0
233738,0,0.0140342945,Low (<25%),1.4,0
233768,0,0.016216535,Low (<25%),1.6,0
233819,0,0.19291161,Low (<25%),19.3,0
233958,0,0.0049056266,Low (<25%),0.5,0
233969,0,0.010895629,Low (<25%),1.1,0
233991,0,0.01037217,Low (<25%),1.0,0
234047,0,0.03797953,Low (<25%),3.8,0
234256,0,0.11753645,Low (<25%),11.8,0
234435,0,0.007446592,Low (<25%),0.7,0
234515,0,0.020412605,Low (<25%),2.0,0
234562,0,0.0062902267,Low (<25%),0.6,0
234588,0,0.006436324,Low (<25%),0.6,0
234630,0,0.08377998,Low (<25%),8.4,0
234807,0,0.0043896786,Low (<25%),0.4,0
234836,1,0.9966229,Critical (>75%),99.7,1
234866,0,0.022333244,Low (<25%),2.2,0
234878,0,0.0041249576,Low (<25%),0.4,0
234895,0,0.44012156,Medium (25-50%),44.0,0
234922,0,0.059386443,Low (<25%),5.9,0
234973,0,0.0059628035,Low (<25%),0.6,0
235063,0,0.027146881,Low (<25%),2.7,0
235092,0,0.008291645,Low (<25%),0.8,0
235102,0,0.03422781,Low (<25%),3.4,0
235229,0,0.0012482937,Low (<25%),0.1,0
235391,0,0.01618054,Low (<25%),1.6,0
235398,0,0.0010887324,Low (<25%),0.1,0
235428,0,0.0061922446,Low (<25%),0.6,0
235454,1,0.92932576,Critical (>75%),92.9,0
235459,0,0.021179562,Low (<25%),2.1,0
235506,0,0.14644486,Low (<25%),14.6,0
235585,0,0.013332329,Low (<25%),1.3,0
235683,0,0.060592394,Low (<25%),6.1,0
235709,0,0.04103306,Low (<25%),4.1,0
235716,0,0.0046693734,Low (<25%),0.5,0
235857,0,0.095062554,Low (<25%),9.5,0
235872,0,0.01819353,Low (<25%),1.8,0
235882,0,0.025874624,Low (<25%),2.6,0
235885,0,0.0027911337,Low (<25%),0.3,0
235930,0,0.0061360826,Low (<25%),0.6,0
236001,0,0.00068560767,Low (<25%),0.1,0
236003,0,0.015196155,Low (<25%),1.5,0
236026,0,0.00972934,Low (<25%),1.0,0
236093,0,0.002835098,Low (<25%),0.3,0
236129,0,0.02353107,Low (<25%),2.4,0
236165,0,0.110219456,Low (<25%),11.0,0
236395,0,0.07313249,Low (<25%),7.3,0
236593,0,0.043716483,Low (<25%),4.4,0
236710,0,0.011948606,Low (<25%),1.2,0
236767,0,0.011790276,Low (<25%),1.2,0
236874,0,0.0056757447,Low (<25%),0.6,0
237018,0,0.0038280168,Low (<25%),0.4,0
237094,0,0.0033823506,Low (<25%),0.3,0
237105,0,0.030507192,Low (<25%),3.1,0
237106,0,0.0065086465,Low (<25%),0.7,0
237274,0,0.03168256,Low (<25%),3.2,0
237293,0,0.011186387,Low (<25%),1.1,0
237303,0,0.008343898,Low (<25%),0.8,0
237312,0,0.016687974,Low (<25%),1.7,0
237319,0,0.26076543,Medium (25-50%),26.1,0
237402,0,0.0065018577,Low (<25%),0.7,0
237434,0,0.0022070117,Low (<25%),0.2,0
237492,0,0.0056651756,Low (<25%),0.6,0
237586,1,0.9956631,Critical (>75%),99.6,1
237651,0,0.004553595,Low (<25%),0.5,0
237729,0,0.007580125,Low (<25%),0.8,0
237770,0,0.010663236,Low (<25%),1.1,0
237858,0,0.009514308,Low (<25%),1.0,0
237888,0,0.003570823,Low (<25%),0.4,0
237984,0,0.02042105,Low (<25%),2.0,0
238119,0,0.0064408667,Low (<25%),0.6,0
238156,0,0.0027433098,Low (<25%),0.3,0
238193,0,0.01121093,Low (<25%),1.1,0
238233,0,0.29533166,Medium (25-50%),29.5,0
238342,0,0.015779562,Low (<25%),1.6,0
238367,0,0.090257205,Low (<25%),9.0,0
238434,0,0.0043507395,Low (<25%),0.4,0
238442,0,0.007498768,Low (<25%),0.7,0
238556,0,0.016769325,Low (<25%),1.7,0
238607,0,0.010001632,Low (<25%),1.0,0
238640,0,0.09227812,Low (<25%),9.2,0
238647,0,0.012425201,Low (<25%),1.2,0
238649,0,0.0016016864,Low (<25%),0.2,0
238752,0,0.0031991592,Low (<25%),0.3,0
238753,0,0.012966126,Low (<25%),1.3,0
238796,0,0.18295546,Low (<25%),18.3,0
238814,0,0.021579372,Low (<25%),2.2,0
238939,1,0.99863213,Critical (>75%),99.9,1
239027,0,0.015016906,Low (<25%),1.5,0
239182,0,0.009192522,Low (<25%),0.9,0
239184,0,0.003018948,Low (<25%),0.3,0
239276,0,0.018710107,Low (<25%),1.9,0
239457,0,0.0092541315,Low (<25%),0.9,0
239476,0,0.00075105723,Low (<25%),0.1,0
239490,0,0.007591184,Low (<25%),0.8,0
239525,0,0.006435163,Low (<25%),0.6,0
239605,0,0.024408944,Low (<25%),2.4,0
239606,0,0.022879923,Low (<25%),2.3,0
239749,0,0.009446476,Low (<25%),0.9,0
239892,0,0.0016046881,Low (<25%),0.2,0
239955,0,0.00090350537,Low (<25%),0.1,0
239956,0,0.01201542,Low (<25%),1.2,0
239970,0,0.0005188428,Low (<25%),0.1,0
240044,0,0.00039517265,Low (<25%),0.0,0
240132,0,0.0033674606,Low (<25%),0.3,0
240135,0,0.1482048,Low (<25%),14.8,0
240141,1,0.9804417,Critical (>75%),98.0,1
240143,0,0.44508424,Medium (25-50%),44.5,0
240209,0,0.021975359,Low (<25%),2.2,0
240330,0,0.008833229,Low (<25%),0.9,0
240362,0,0.011350044,Low (<25%),1.1,0
240442,0,0.006918644,Low (<25%),0.7,0
240476,0,0.052146427,Low (<25%),5.2,0
240760,0,0.03598014,Low (<25%),3.6,0
240761,0,0.01688169,Low (<25%),1.7,0
240829,0,0.0076239803,Low (<25%),0.8,0
240886,0,0.042055316,Low (<25%),4.2,0
240942,0,0.023057595,Low (<25%),2.3,0
240963,0,0.004835129,Low (<25%),0.5,0
241038,0,0.005768598,Low (<25%),0.6,0
241144,0,0.00058291445,Low (<25%),0.1,0
241167,0,0.0104232505,Low (<25%),1.0,0
241374,0,0.0032782697,Low (<25%),0.3,0
241391,0,0.017680427,Low (<25%),1.8,0
241421,0,0.004600864,Low (<25%),0.5,0
241436,0,0.0019606713,Low (<25%),0.2,0
241495,0,0.049210455,Low (<25%),4.9,0
241600,0,0.011788987,Low (<25%),1.2,0
241641,0,0.48939168,Medium (25-50%),48.9,0
241675,0,0.014846629,Low (<25%),1.5,0
241677,0,0.00024724915,Low (<25%),0.0,0
241714,0,0.050357558,Low (<25%),5.0,0
241849,0,0.001289327,Low (<25%),0.1,0
241967,0,0.012095131,Low (<25%),1.2,0
242028,0,0.0032148124,Low (<25%),0.3,0
242288,0,0.020587107,Low (<25%),2.1,0
242304,0,0.040446907,Low (<25%),4.0,0
242348,0,0.54971826,High (50-75%),55.0,0
242387,0,0.0003056565,Low (<25%),0.0,0
242779,0,0.015939394,Low (<25%),1.6,0
242789,0,0.004575758,Low (<25%),0.5,0
242812,0,0.004837098,Low (<25%),0.5,0
242917,0,0.0070000193,Low (<25%),0.7,0
243005,0,0.20291707,Low (<25%),20.3,0
243018,0,0.033237517,Low (<25%),3.3,0
243061,0,0.44121078,Medium (25-50%),44.1,0
243191,0,0.0031795972,Low (<25%),0.3,0
243294,0,0.03520959,Low (<25%),3.5,0
243444,0,0.009196722,Low (<25%),0.9,0
243455,0,0.005908419,Low (<25%),0.6,0
243557,0,0.11205267,Low (<25%),11.2,0
243642,0,0.0013995583,Low (<25%),0.1,0
243696,0,0.016504824,Low (<25%),1.7,0
243713,0,0.0011982231,Low (<25%),0.1,0
243734,0,0.28717688,Medium (25-50%),28.7,0
243741,0,0.003672017,Low (<25%),0.4,0
243751,0,0.13648477,Low (<25%),13.6,0
244032,0,0.010104662,Low (<25%),1.0,0
244039,0,0.0044364263,Low (<25%),0.4,0
244099,0,0.0051491214,Low (<25%),0.5,0
244132,0,0.003450328,Low (<25%),0.3,0
244245,0,0.014822225,Low (<25%),1.5,0
244271,0,0.0082167275,Low (<25%),0.8,0
244296,0,0.004591069,Low (<25%),0.5,0
244308,0,0.021649,Low (<25%),2.2,0
244367,0,0.00053055707,Low (<25%),0.1,0
244387,0,0.026474493,Low (<25%),2.6,0
244398,0,0.0011094311,Low (<25%),0.1,0
244414,0,0.0028327396,Low (<25%),0.3,0
244419,0,0.003641846,Low (<25%),0.4,0
244475,0,0.012216439,Low (<25%),1.2,0
244538,0,0.0036637418,Low (<25%),0.4,0
244611,0,0.015948903,Low (<25%),1.6,0
244652,0,0.03249111,Low (<25%),3.2,0
244676,0,0.18200558,Low (<25%),18.2,0
244762,0,0.0053144833,Low (<25%),0.5,0
244865,0,0.22136922,Low (<25%),22.1,0
244925,0,0.021873651,Low (<25%),2.2,0
245066,0,0.039306123,Low (<25%),3.9,0
245289,0,0.006263717,Low (<25%),0.6,0
245356,0,0.010032794,Low (<25%),1.0,0
245419,0,0.0153705,Low (<25%),1.5,0
245465,0,0.02084322,Low (<25%),2.1,0
245575,0,0.059649136,Low (<25%),6.0,0
245604,0,0.105737336,Low (<25%),10.6,0
245800,0,0.0052943034,Low (<25%),0.5,0
245929,0,0.010728298,Low (<25%),1.1,0
246059,0,0.3833667,Medium (25-50%),38.3,0
246187,0,0.0016387859,Low (<25%),0.2,0
246273,0,0.0019479637,Low (<25%),0.2,0
246323,0,0.014834059,Low (<25%),1.5,0
246405,0,0.00109581,Low (<25%),0.1,0
246421,0,0.0024984991,Low (<25%),0.2,0
246517,0,0.11625642,Low (<25%),11.6,0
246571,0,0.034837138,Low (<25%),3.5,0
246591,0,0.042126298,Low (<25%),4.2,0
246690,0,0.00407559,Low (<25%),0.4,0
246722,0,0.1622072,Low (<25%),16.2,0
246734,0,0.0028892513,Low (<25%),0.3,0
246737,0,0.013674131,Low (<25%),1.4,0
246775,0,0.014539611,Low (<25%),1.5,0
246800,0,0.012627928,Low (<25%),1.3,0
246935,0,0.0011287357,Low (<25%),0.1,0
247050,0,0.035647146,Low (<25%),3.6,0
247180,0,0.0064002844,Low (<25%),0.6,0
247220,0,0.0025535163,Low (<25%),0.3,0
247247,1,0.9971794,Critical (>75%),99.7,1
247391,1,0.8650619,Critical (>75%),86.5,0
247433,0,0.009852535,Low (<25%),1.0,0
247471,0,0.0028146342,Low (<25%),0.3,0
247514,0,0.028282529,Low (<25%),2.8,0
247551,0,0.0011623478,Low (<25%),0.1,0
247607,0,0.03696479,Low (<25%),3.7,0
247645,0,0.009109784,Low (<25%),0.9,0
247680,0,0.010278183,Low (<25%),1.0,0
247692,1,0.8651777,Critical (>75%),86.5,0
247714,0,0.012012572,Low (<25%),1.2,0
247721,0,0.003887153,Low (<25%),0.4,0
248011,0,0.022691442,Low (<25%),2.3,0
248138,0,0.051353395,Low (<25%),5.1,0
248265,0,0.002360916,Low (<25%),0.2,0
248356,0,0.10972366,Low (<25%),11.0,0
248433,0,0.0034278948,Low (<25%),0.3,0
248461,0,0.032659326,Low (<25%),3.3,0
248487,0,0.0022839264,Low (<25%),0.2,0
248593,0,0.0014796928,Low (<25%),0.1,0
248620,0,0.0029681637,Low (<25%),0.3,0
248885,0,0.0121213,Low (<25%),1.2,0
248952,0,0.018966991,Low (<25%),1.9,0
249019,0,0.004267592,Low (<25%),0.4,0
249224,0,0.009840216,Low (<25%),1.0,0
249270,0,0.0032985636,Low (<25%),0.3,0
249352,0,0.0005828948,Low (<25%),0.1,0
249408,0,0.008031197,Low (<25%),0.8,0
249466,0,0.0027780593,Low (<25%),0.3,0
249555,0,0.022648243,Low (<25%),2.3,0
249559,0,0.016739475,Low (<25%),1.7,0
249693,0,0.0026358964,Low (<25%),0.3,0
249723,0,0.01712107,Low (<25%),1.7,0
249795,0,0.11395809,Low (<25%),11.4,0
249811,0,0.82467115,Critical (>75%),82.5,0
249813,0,0.00070766255,Low (<25%),0.1,0
249841,0,0.6475372,High (50-75%),64.8,0
249982,0,0.0012100575,Low (<25%),0.1,0
250280,0,0.05628817,Low (<25%),5.6,0
250311,0,0.0002369554,Low (<25%),0.0,0
250315,0,0.0034468279,Low (<25%),0.3,0
250363,0,0.066103585,Low (<25%),6.6,0
250380,0,0.08205933,Low (<25%),8.2,0
250422,0,0.0029226006,Low (<25%),0.3,0
250586,0,0.006425192,Low (<25%),0.6,0
250619,0,0.018874798,Low (<25%),1.9,0
250696,0,0.022421615,Low (<25%),2.2,0
250711,0,0.042133234,Low (<25%),4.2,0
250854,0,0.0069417073,Low (<25%),0.7,0
250921,0,0.0048974846,Low (<25%),0.5,0
251012,0,0.030681813,Low (<25%),3.1,0
251023,0,0.0052466923,Low (<25%),0.5,0
251095,0,0.0057280385,Low (<25%),0.6,0
251195,0,0.0015243299,Low (<25%),0.2,0
251211,0,0.011798735,Low (<25%),1.2,0
251223,0,0.062204476,Low (<25%),6.2,0
251324,0,0.004779344,Low (<25%),0.5,0
251432,0,0.12447812,Low (<25%),12.4,0
251436,0,0.11291102,Low (<25%),11.3,0
251641,0,0.009761431,Low (<25%),1.0,0
251779,0,0.023029426,Low (<25%),2.3,0
251874,0,0.03418043,Low (<25%),3.4,0
251950,0,0.11770864,Low (<25%),11.8,0
252082,0,0.041723024,Low (<25%),4.2,0
252110,1,0.9930686,Critical (>75%),99.3,1
252136,0,0.007861778,Low (<25%),0.8,0
252147,0,0.0014836567,Low (<25%),0.1,0
252271,0,0.0030740807,Low (<25%),0.3,0
252341,0,0.0053665913,Low (<25%),0.5,0
252419,0,0.08999534,Low (<25%),9.0,0
252450,0,0.0010323294,Low (<25%),0.1,0
252476,0,0.006493488,Low (<25%),0.6,0
252679,0,0.29434025,Medium (25-50%),29.4,0
252782,0,0.038368806,Low (<25%),3.8,0
252954,0,0.004263258,Low (<25%),0.4,0
253046,0,0.0030289262,Low (<25%),0.3,0
253098,0,0.0104707265,Low (<25%),1.0,0
253210,0,0.011703854,Low (<25%),1.2,0
253282,1,0.9674433,Critical (>75%),96.7,1
253283,1,0.97639877,Critical (>75%),97.6,1
253466,0,0.12295585,Low (<25%),12.3,0
253528,0,0.13975045,Low (<25%),14.0,0
253601,0,0.01612961,Low (<25%),1.6,0
253609,0,0.013677965,Low (<25%),1.4,0
253619,0,0.020701654,Low (<25%),2.1,0
253635,0,0.011523998,Low (<25%),1.2,0
253689,0,0.024635559,Low (<25%),2.5,0
253825,0,0.008430088,Low (<25%),0.8,0
253852,0,0.0016366754,Low (<25%),0.2,0
254097,0,0.014118763,Low (<25%),1.4,0
254230,0,0.0300036,Low (<25%),3.0,0
254361,0,0.0022077796,Low (<25%),0.2,0
254371,0,0.026874263,Low (<25%),2.7,0
254372,0,0.0016459745,Low (<25%),0.2,0
254428,0,0.003976479,Low (<25%),0.4,0
254546,0,0.01342091,Low (<25%),1.3,0
254567,0,0.005421909,Low (<25%),0.5,0
254575,0,0.001913783,Low (<25%),0.2,0
254579,0,0.0804732,Low (<25%),8.0,0
254667,0,0.022679925,Low (<25%),2.3,0
254683,0,0.018632485,Low (<25%),1.9,0
254745,0,0.0076777125,Low (<25%),0.8,0
254853,0,0.29523563,Medium (25-50%),29.5,0
254860,0,0.026700303,Low (<25%),2.7,0
254940,0,0.0012840409,Low (<25%),0.1,0
255032,1,0.99913293,Critical (>75%),99.9,1
255087,0,0.0008125687,Low (<25%),0.1,0
255108,0,0.011756012,Low (<25%),1.2,0
255215,0,0.006712696,Low (<25%),0.7,0
255267,0,0.09125717,Low (<25%),9.1,0
255320,0,0.006028949,Low (<25%),0.6,0
255333,0,0.26647386,Medium (25-50%),26.6,0
255425,0,0.0007739415,Low (<25%),0.1,0
255475,0,0.00028784774,Low (<25%),0.0,0
255509,0,0.0028547377,Low (<25%),0.3,0
255546,0,0.0076379185,Low (<25%),0.8,0
255653,0,0.14268753,Low (<25%),14.3,0
255718,0,0.0050677704,Low (<25%),0.5,0
255740,0,0.07456025,Low (<25%),7.5,0
255836,0,0.0014795806,Low (<25%),0.1,0
255951,0,0.019196982,Low (<25%),1.9,0
255994,0,7.7115736e-05,Low (<25%),0.0,0
256003,0,0.0029192623,Low (<25%),0.3,0
256013,0,0.00954211,Low (<25%),1.0,0
256135,0,0.17738843,Low (<25%),17.7,0
256147,0,0.008517301,Low (<25%),0.9,0
256188,0,0.15718545,Low (<25%),15.7,0
256198,0,0.016881358,Low (<25%),1.7,0
256323,0,0.2531855,Medium (25-50%),25.3,0
256360,0,0.20423998,Low (<25%),20.4,0
256434,0,0.065720536,Low (<25%),6.6,0
256483,0,0.107094035,Low (<25%),10.7,0
256486,0,0.02678844,Low (<25%),2.7,0
256502,0,0.0054886993,Low (<25%),0.5,0
256574,0,0.00847415,Low (<25%),0.8,0
256731,0,0.031021427,Low (<25%),3.1,0
256821,1,0.9025503,Critical (>75%),90.3,0
257236,0,0.00248624,Low (<25%),0.2,0
257301,0,0.05419968,Low (<25%),5.4,0
257391,0,0.0156098865,Low (<25%),1.6,0
257417,0,0.0042066737,Low (<25%),0.4,0
257440,0,0.02242921,Low (<25%),2.2,0
257463,1,0.8823398,Critical (>75%),88.2,0
257506,0,0.004636357,Low (<25%),0.5,0
257575,0,0.017098632,Low (<25%),1.7,0
257579,0,0.005635129,Low (<25%),0.6,0
257705,0,0.018685697,Low (<25%),1.9,0
257862,0,0.23654056,Low (<25%),23.7,0
257880,0,0.049261715,Low (<25%),4.9,0
257981,0,0.0174204,Low (<25%),1.7,0
257985,0,0.19424297,Low (<25%),19.4,0
258067,0,0.115511045,Low (<25%),11.6,0
258088,0,0.002986619,Low (<25%),0.3,0
258102,0,0.0029442443,Low (<25%),0.3,0
258123,0,0.008514076,Low (<25%),0.9,0
258166,0,0.005115282,Low (<25%),0.5,0
258184,0,0.021766774,Low (<25%),2.2,0
258202,0,0.02497892,Low (<25%),2.5,0
258228,0,0.005581754,Low (<25%),0.6,0
258238,0,0.0050051217,Low (<25%),0.5,0
258248,0,0.01264755,Low (<25%),1.3,0
258296,1,0.99257034,Critical (>75%),99.3,1
258323,0,0.005697738,Low (<25%),0.6,0
258408,0,0.0116772,Low (<25%),1.2,0
258799,0,0.018520135,Low (<25%),1.9,0
258849,0,0.0060493653,Low (<25%),0.6,0
258860,0,0.0047165756,Low (<25%),0.5,0
258951,0,0.07335573,Low (<25%),7.3,0
259067,0,0.22340244,Low (<25%),22.3,0
259110,0,0.038579144,Low (<25%),3.9,0
259219,0,0.20132339,Low (<25%),20.1,0
259252,0,0.007956528,Low (<25%),0.8,0
259342,0,0.011901091,Low (<25%),1.2,0
259446,0,0.032371152,Low (<25%),3.2,0
259532,0,0.03212119,Low (<25%),3.2,0
259634,1,0.9475807,Critical (>75%),94.8,1
259734,1,0.9852011,Critical (>75%),98.5,1
259789,0,0.0005465478,Low (<25%),0.1,0
259878,0,0.0104984585,Low (<25%),1.0,0
260000,0,0.004621834,Low (<25%),0.5,0
260155,0,0.0066148103,Low (<25%),0.7,0
260245,0,0.00195797,Low (<25%),0.2,0
260408,0,0.01910643,Low (<25%),1.9,0
260452,0,0.0043562497,Low (<25%),0.4,0
260464,0,0.03333687,Low (<25%),3.3,0
260513,0,0.009685472,Low (<25%),1.0,0
260515,0,0.006598693,Low (<25%),0.7,0
260622,0,0.0062062545,Low (<25%),0.6,0
260712,1,0.9552325,Critical (>75%),95.5,1
260714,0,0.011044162,Low (<25%),1.1,0
260726,0,0.004276328,Low (<25%),0.4,0
260838,0,0.009788816,Low (<25%),1.0,0
260855,0,0.011627956,Low (<25%),1.2,0
261044,0,0.009084943,Low (<25%),0.9,0
261077,0,0.00041465415,Low (<25%),0.0,0
261109,0,0.004275717,Low (<25%),0.4,0
261125,0,0.021153662,Low (<25%),2.1,0
261187,0,0.013313448,Low (<25%),1.3,0
261229,0,0.021246975,Low (<25%),2.1,0
261273,0,0.015336374,Low (<25%),1.5,0
261283,0,0.27530012,Medium (25-50%),27.5,0
261331,0,0.032739833,Low (<25%),3.3,0
261423,0,0.013621066,Low (<25%),1.4,0
261426,1,0.98108304,Critical (>75%),98.1,1
261468,0,0.014458177,Low (<25%),1.4,0
261573,0,0.0281497,Low (<25%),2.8,0
261582,0,0.012805219,Low (<25%),1.3,0
261715,0,0.45318606,Medium (25-50%),45.3,0
261780,0,0.003820137,Low (<25%),0.4,0
261787,0,0.0070093824,Low (<25%),0.7,0
261789,0,0.0027333496,Low (<25%),0.3,0
261832,0,0.009116501,Low (<25%),0.9,0
261957,0,0.016955035,Low (<25%),1.7,0
261964,0,0.014881645,Low (<25%),1.5,0
262099,0,0.023427743,Low (<25%),2.3,0
262176,0,0.013643322,Low (<25%),1.4,0
262177,0,0.00050310604,Low (<25%),0.1,0
262211,0,0.01508867,Low (<25%),1.5,0
262305,0,0.1631806,Low (<25%),16.3,0
262336,0,0.069070436,Low (<25%),6.9,0
262351,0,0.012446647,Low (<25%),1.2,0
262366,0,0.002736873,Low (<25%),0.3,0
262369,0,0.011074672,Low (<25%),1.1,0
262374,0,0.023150295,Low (<25%),2.3,0
262422,0,0.009978835,Low (<25%),1.0,0
262467,0,0.027076362,Low (<25%),2.7,0
262508,0,0.25114283,Medium (25-50%),25.1,0
262526,0,0.025243774,Low (<25%),2.5,0
262562,0,0.009937122,Low (<25%),1.0,0
262586,0,0.009930509,Low (<25%),1.0,0
262613,0,0.0018076134,Low (<25%),0.2,0
262683,0,0.012721726,Low (<25%),1.3,0
262717,0,0.03315638,Low (<25%),3.3,0
262770,0,0.011322782,Low (<25%),1.1,0
262774,0,0.0027180407,Low (<25%),0.3,0
262810,0,0.0036732787,Low (<25%),0.4,0
263055,0,0.006717142,Low (<25%),0.7,0
263068,0,0.002867025,Low (<25%),0.3,0
263069,0,0.0022358939,Low (<25%),0.2,0
263080,0,0.0197776,Low (<25%),2.0,0
263127,0,0.0038265171,Low (<25%),0.4,0
263237,0,0.0068108463,Low (<25%),0.7,0
263246,0,0.017310904,Low (<25%),1.7,0
263260,0,0.028515507,Low (<25%),2.9,0
263302,0,0.0070865373,Low (<25%),0.7,0
263339,0,0.0024854064,Low (<25%),0.2,0
263433,0,0.015354617,Low (<25%),1.5,0
263569,0,0.061538763,Low (<25%),6.2,0
263592,0,0.01902682,Low (<25%),1.9,0
263612,1,0.9992093,Critical (>75%),99.9,1
263707,0,0.008067103,Low (<25%),0.8,0
263762,0,0.025018297,Low (<25%),2.5,0
263763,0,0.038878314,Low (<25%),3.9,0
263766,0,0.08029429,Low (<25%),8.0,0
263781,0,0.00022826322,Low (<25%),0.0,0
263812,0,0.017471945,Low (<25%),1.7,0
263822,0,0.06583706,Low (<25%),6.6,0
263866,1,0.91432685,Critical (>75%),91.4,0
263921,0,0.017386863,Low (<25%),1.7,0
264018,0,0.04047603,Low (<25%),4.0,0
264064,1,0.99213445,Critical (>75%),99.2,1
264095,0,0.03467123,Low (<25%),3.5,0
264107,0,0.0028218064,Low (<25%),0.3,0
264145,0,0.032313902,Low (<25%),3.2,0
264234,0,0.07992468,Low (<25%),8.0,0
264236,0,0.03035521,Low (<25%),3.0,0
264308,0,0.029078018,Low (<25%),2.9,0
264331,0,0.0562561,Low (<25%),5.6,0
264365,0,0.27856538,Medium (25-50%),27.9,0
264409,0,0.003329278,Low (<25%),0.3,0
264486,0,0.117708124,Low (<25%),11.8,0
264491,0,0.003538041,Low (<25%),0.4,0
264632,0,0.0026141366,Low (<25%),0.3,0
264690,0,0.02687447,Low (<25%),2.7,0
264701,0,0.0108463,Low (<25%),1.1,0
264723,0,0.0051075127,Low (<25%),0.5,0
264733,0,0.032494236,Low (<25%),3.2,0
264741,0,0.0014713507,Low (<25%),0.1,0
264823,0,0.00140835,Low (<25%),0.1,0
264936,0,0.018909954,Low (<25%),1.9,0
265072,0,0.00052971474,Low (<25%),0.1,0
265226,0,0.002715329,Low (<25%),0.3,0
265284,0,0.009717402,Low (<25%),1.0,0
265317,0,0.18897364,Low (<25%),18.9,0
265383,0,0.0015412509,Low (<25%),0.2,0
265557,0,0.013761153,Low (<25%),1.4,0
265566,0,0.005188583,Low (<25%),0.5,0
265575,0,0.0693213,Low (<25%),6.9,0
265677,0,0.005500083,Low (<25%),0.6,0
265836,0,0.006588055,Low (<25%),0.7,0
265975,0,0.00036146186,Low (<25%),0.0,0
266148,0,0.002804592,Low (<25%),0.3,0
266234,0,0.006342326,Low (<25%),0.6,0
266284,0,0.0082098255,Low (<25%),0.8,0
266298,1,0.99883,Critical (>75%),99.9,1
266365,0,0.15602489,Low (<25%),15.6,0
266377,0,0.007358518,Low (<25%),0.7,0
266429,1,0.99515307,Critical (>75%),99.5,1
266474,0,0.08904433,Low (<25%),8.9,0
266479,0,0.013046841,Low (<25%),1.3,0
266516,0,0.045679867,Low (<25%),4.6,0
266536,0,0.08712908,Low (<25%),8.7,0
266541,0,0.061332207,Low (<25%),6.1,0
266604,0,0.04942575,Low (<25%),4.9,0
266640,0,0.042622004,Low (<25%),4.3,0
266757,0,0.04894142,Low (<25%),4.9,0
266861,0,0.45377946,Medium (25-50%),45.4,0
266953,0,0.02299508,Low (<25%),2.3,0
266968,0,0.014803318,Low (<25%),1.5,0
267020,0,0.006730575,Low (<25%),0.7,0
267245,0,0.011850412,Low (<25%),1.2,0
267291,0,0.0037046438,Low (<25%),0.4,0
267306,0,0.004007995,Low (<25%),0.4,0
267352,0,0.019813366,Low (<25%),2.0,0
267428,0,0.006021204,Low (<25%),0.6,0
267474,0,0.005789146,Low (<25%),0.6,0
267566,0,0.04879098,Low (<25%),4.9,0
267717,0,0.25310647,Medium (25-50%),25.3,0
267739,0,0.014319345,Low (<25%),1.4,0
267930,1,0.99248934,Critical (>75%),99.2,1
267944,0,0.033159494,Low (<25%),3.3,0
267951,0,0.040948156,Low (<25%),4.1,0
268076,0,0.014570483,Low (<25%),1.5,0
268094,0,0.04689926,Low (<25%),4.7,0
268128,0,0.02977437,Low (<25%),3.0,0
268129,0,0.0052182022,Low (<25%),0.5,0
268139,0,0.011150016,Low (<25%),1.1,0
268145,0,0.030496443,Low (<25%),3.0,0
268281,1,0.9702673,Critical (>75%),97.0,1
268293,0,0.0121124135,Low (<25%),1.2,0
268307,0,0.0016421683,Low (<25%),0.2,0
268414,0,0.00062821497,Low (<25%),0.1,0
268439,0,0.0017702777,Low (<25%),0.2,0
268500,0,0.0077211307,Low (<25%),0.8,0
268630,0,0.01069117,Low (<25%),1.1,0
268789,0,0.06656388,Low (<25%),6.7,0
268842,0,0.06450116,Low (<25%),6.5,0
268932,0,0.6005015,High (50-75%),60.1,0
268958,0,0.060605653,Low (<25%),6.1,0
269070,0,0.052601818,Low (<25%),5.3,0
269120,0,0.029623445,Low (<25%),3.0,0
269154,0,0.006591423,Low (<25%),0.7,0
269297,0,0.0074841296,Low (<25%),0.7,0
269565,0,0.037727755,Low (<25%),3.8,0
269632,0,0.18502441,Low (<25%),18.5,0
269694,0,0.0025884581,Low (<25%),0.3,0
269775,0,0.315915,Medium (25-50%),31.6,0
269960,0,0.096510656,Low (<25%),9.7,0
270011,0,0.17883722,Low (<25%),17.9,0
270022,1,0.8137742,Critical (>75%),81.4,0
270160,0,0.2113169,Low (<25%),21.1,0
270248,0,0.13962516,Low (<25%),14.0,0
270266,0,0.0060811955,Low (<25%),0.6,0
270304,0,0.014169362,Low (<25%),1.4,0
270337,0,0.021740295,Low (<25%),2.2,0
270389,0,0.034718256,Low (<25%),3.5,0
270499,0,0.13575359,Low (<25%),13.6,0
270570,0,0.018351624,Low (<25%),1.8,0
270575,0,0.021626493,Low (<25%),2.2,0
270723,0,0.0030723829,Low (<25%),0.3,0
270730,0,0.01010161,Low (<25%),1.0,0
270759,0,0.017639505,Low (<25%),1.8,0
270761,0,0.020592628,Low (<25%),2.1,0
270862,0,0.0017365185,Low (<25%),0.2,0
270901,0,0.0057484256,Low (<25%),0.6,0
270909,0,0.018038929,Low (<25%),1.8,0
270935,0,0.0016067047,Low (<25%),0.2,0
271043,0,0.008220047,Low (<25%),0.8,0
271148,0,0.018045655,Low (<25%),1.8,0
271235,0,0.009150325,Low (<25%),0.9,0
271357,0,0.52010304,High (50-75%),52.0,0
271365,0,0.020273037,Low (<25%),2.0,0
271432,0,0.33757555,Medium (25-50%),33.8,0
271463,0,0.025052171,Low (<25%),2.5,0
271641,0,0.0012336804,Low (<25%),0.1,0
271660,0,0.05618421,Low (<25%),5.6,0
271675,0,0.014881744,Low (<25%),1.5,0
271680,0,0.034649674,Low (<25%),3.5,0
271911,0,0.021959389,Low (<25%),2.2,0
271929,0,0.0466674,Low (<25%),4.7,0
272001,0,0.0043444918,Low (<25%),0.4,0
272097,0,0.02366798,Low (<25%),2.4,0
272144,0,0.028673671,Low (<25%),2.9,0
272148,0,0.010958977,Low (<25%),1.1,0
272250,0,0.010062267,Low (<25%),1.0,0
272476,0,0.016602192,Low (<25%),1.7,0
272551,0,0.18281668,Low (<25%),18.3,0
272568,0,0.051217426,Low (<25%),5.1,0
272672,0,0.007168651,Low (<25%),0.7,0
272787,0,0.016831795,Low (<25%),1.7,0
272812,0,0.032839697,Low (<25%),3.3,0
272839,0,0.06538425,Low (<25%),6.5,0
272893,0,0.0044431794,Low (<25%),0.4,0
272944,0,0.08858867,Low (<25%),8.9,0
273020,0,0.037968215,Low (<25%),3.8,0
273052,0,0.23574243,Low (<25%),23.6,0
273054,0,0.06389983,Low (<25%),6.4,0
273070,0,0.006175474,Low (<25%),0.6,0
273144,0,0.099208884,Low (<25%),9.9,0
273177,0,0.006796276,Low (<25%),0.7,0
273179,0,0.009745552,Low (<25%),1.0,0
273198,0,0.051125098,Low (<25%),5.1,0
273213,0,0.0044286577,Low (<25%),0.4,0
273357,0,0.022416292,Low (<25%),2.2,0
273391,0,0.020323351,Low (<25%),2.0,0
273414,0,0.003316477,Low (<25%),0.3,0
273478,0,0.0014082909,Low (<25%),0.1,0
273552,0,0.14419849,Low (<25%),14.4,0
273984,0,0.05384186,Low (<25%),5.4,0
274083,0,0.11087101,Low (<25%),11.1,0
274117,0,0.011232485,Low (<25%),1.1,0
274141,0,0.0019994501,Low (<25%),0.2,0
274204,0,0.015051556,Low (<25%),1.5,0
274211,0,0.034190904,Low (<25%),3.4,0
274264,0,0.035690546,Low (<25%),3.6,0
274354,0,0.012043313,Low (<25%),1.2,0
274410,0,0.07837179,Low (<25%),7.8,0
274428,0,0.008998712,Low (<25%),0.9,0
274431,0,0.00015518186,Low (<25%),0.0,0
274473,0,0.016553752,Low (<25%),1.7,0
274535,1,0.93767077,Critical (>75%),93.8,1
274698,1,0.89109105,Critical (>75%),89.1,0
274803,0,0.0024279775,Low (<25%),0.2,0
274817,0,0.009421352,Low (<25%),0.9,0
274858,1,0.97919697,Critical (>75%),97.9,1
274879,0,0.64474636,High (50-75%),64.5,0
274896,0,0.011207649,Low (<25%),1.1,0
275049,0,0.0027095077,Low (<25%),0.3,0
275118,0,0.01819977,Low (<25%),1.8,0
275209,0,0.033447765,Low (<25%),3.3,0
275244,0,0.013116313,Low (<25%),1.3,0
275287,0,0.059870403,Low (<25%),6.0,0
275298,0,0.00089805014,Low (<25%),0.1,0
275306,0,0.0015161913,Low (<25%),0.2,0
275358,0,0.016598642,Low (<25%),1.7,0
275386,0,0.0046226303,Low (<25%),0.5,0
275387,0,0.000962119,Low (<25%),0.1,0
275413,0,0.00013534825,Low (<25%),0.0,0
275442,0,0.010159248,Low (<25%),1.0,0
275446,0,0.008365555,Low (<25%),0.8,0
275531,0,0.08574469,Low (<25%),8.6,0
275637,0,0.08209745,Low (<25%),8.2,0
275670,0,0.006796801,Low (<25%),0.7,0
275694,0,0.083452955,Low (<25%),8.3,0
275762,0,0.0054094186,Low (<25%),0.5,0
275849,0,0.0007207401,Low (<25%),0.1,0
275933,0,0.07505396,Low (<25%),7.5,0
275949,0,0.08330803,Low (<25%),8.3,0
276035,0,0.00449207,Low (<25%),0.4,0
276037,0,0.0071912035,Low (<25%),0.7,0
276100,0,0.015974436,Low (<25%),1.6,0
276152,0,0.021644475,Low (<25%),2.2,0
276204,0,0.06767801,Low (<25%),6.8,0
276255,0,0.0009724509,Low (<25%),0.1,0
276289,0,0.011405659,Low (<25%),1.1,0
276494,0,0.0643939,Low (<25%),6.4,0
276648,0,0.00819083,Low (<25%),0.8,0
276650,0,0.004256351,Low (<25%),0.4,0
276673,0,0.004386924,Low (<25%),0.4,0
276746,0,0.28930885,Medium (25-50%),28.9,0
276806,0,0.0010375071,Low (<25%),0.1,0
276937,0,0.0100514,Low (<25%),1.0,0
276947,0,0.0021250895,Low (<25%),0.2,0
276967,1,0.9980228,Critical (>75%),99.8,1
276990,0,0.017401312,Low (<25%),1.7,0
277025,1,0.9990252,Critical (>75%),99.9,1
277033,0,0.4476881,Medium (25-50%),44.8,0
277091,0,0.022176243,Low (<25%),2.2,0
277094,0,0.0018794871,Low (<25%),0.2,0
277139,0,0.032469235,Low (<25%),3.2,0
277145,0,0.044759735,Low (<25%),4.5,0
277188,0,0.07627857,Low (<25%),7.6,0
277281,0,0.036848646,Low (<25%),3.7,0
277285,0,0.011318615,Low (<25%),1.1,0
277341,0,0.08406616,Low (<25%),8.4,0
277356,1,0.99633324,Critical (>75%),99.6,1
277367,0,0.18085104,Low (<25%),18.1,0
277375,0,0.0010714802,Low (<25%),0.1,0
277494,0,0.005643102,Low (<25%),0.6,0
277565,0,0.0010316672,Low (<25%),0.1,0
277587,0,0.0082660215,Low (<25%),0.8,0
277594,0,0.0037538067,Low (<25%),0.4,0
277610,0,0.0007597441,Low (<25%),0.1,0
277649,0,0.00566979,Low (<25%),0.6,0
277769,0,0.0029188693,Low (<25%),0.3,0
277783,0,0.004113983,Low (<25%),0.4,0
277788,0,0.0206715,Low (<25%),2.1,0
277855,0,0.01717468,Low (<25%),1.7,0
277910,0,0.0585765,Low (<25%),5.9,0
278164,0,0.0025532672,Low (<25%),0.3,0
278213,0,0.115518145,Low (<25%),11.6,0
278307,0,0.014682731,Low (<25%),1.5,0
278539,0,0.0031657924,Low (<25%),0.3,0
278676,0,0.008439451,Low (<25%),0.8,0
278815,0,0.026958622,Low (<25%),2.7,0
278822,0,0.0071536386,Low (<25%),0.7,0
278836,0,0.018786857,Low (<25%),1.9,0
278854,0,0.003537434,Low (<25%),0.4,0
278865,0,0.029209638,Low (<25%),2.9,0
278898,0,0.008266409,Low (<25%),0.8,0
278916,0,0.08199827,Low (<25%),8.2,0
278932,0,0.015339774,Low (<25%),1.5,0
278983,0,0.05275808,Low (<25%),5.3,0
278987,0,0.26116773,Medium (25-50%),26.1,0
279221,0,0.02307232,Low (<25%),2.3,0
279231,0,0.1894356,Low (<25%),18.9,0
279380,0,0.31968623,Medium (25-50%),32.0,0
279408,0,0.0035347505,Low (<25%),0.4,0
279409,0,0.026423391,Low (<25%),2.6,0
279419,0,0.023974624,Low (<25%),2.4,0
279430,0,0.00096688047,Low (<25%),0.1,0
279468,0,0.058095247,Low (<25%),5.8,0
279580,0,0.00502901,Low (<25%),0.5,0
279634,1,0.9241069,Critical (>75%),92.4,0
279693,0,0.022863053,Low (<25%),2.3,0
279777,0,0.005586295,Low (<25%),0.6,0
279821,0,0.001105792,Low (<25%),0.1,0
279919,0,0.03101625,Low (<25%),3.1,0
279967,0,0.01604848,Low (<25%),1.6,0
280087,0,0.011682131,Low (<25%),1.2,0
280216,0,0.0803053,Low (<25%),8.0,0
280292,0,0.04749878,Low (<25%),4.7,0
280545,0,0.02318332,Low (<25%),2.3,0
280574,0,0.00075733586,Low (<25%),0.1,0
280588,0,0.20667273,Low (<25%),20.7,0
280603,0,0.12399859,Low (<25%),12.4,0
280641,0,0.06585794,Low (<25%),6.6,0
280659,0,0.13486528,Low (<25%),13.5,0
280796,0,0.0063865506,Low (<25%),0.6,0
280822,0,0.0054598027,Low (<25%),0.5,0
280828,0,0.008943215,Low (<25%),0.9,0
280864,0,0.0039977026,Low (<25%),0.4,0
280879,0,0.005129174,Low (<25%),0.5,0
280895,0,0.0041015767,Low (<25%),0.4,0
281064,0,0.0008875322,Low (<25%),0.1,0
281075,0,0.041893166,Low (<25%),4.2,0
281108,0,0.009082994,Low (<25%),0.9,0
281118,0,0.35812125,Medium (25-50%),35.8,0
281305,0,0.009058628,Low (<25%),0.9,0
281328,0,0.005321947,Low (<25%),0.5,0
281449,0,0.0070786634,Low (<25%),0.7,0
281550,0,0.0065255007,Low (<25%),0.7,0
281571,0,0.0078182,Low (<25%),0.8,0
281585,0,0.020216355,Low (<25%),2.0,0
281608,0,0.0054275226,Low (<25%),0.5,0
281737,0,0.29918483,Medium (25-50%),29.9,0
281926,0,0.123862505,Low (<25%),12.4,0
281979,0,0.0017941454,Low (<25%),0.2,0
282041,0,0.002630115,Low (<25%),0.3,0
282140,0,0.0028583873,Low (<25%),0.3,0
282259,0,0.015635794,Low (<25%),1.6,0
282542,0,0.014263144,Low (<25%),1.4,0
282678,0,0.028202195,Low (<25%),2.8,0
282723,0,0.02441495,Low (<25%),2.4,0
282854,0,0.0011813495,Low (<25%),0.1,0
282872,0,0.051171985,Low (<25%),5.1,0
282896,0,0.004953882,Low (<25%),0.5,0
282930,0,0.0071824933,Low (<25%),0.7,0
283110,0,0.013847399,Low (<25%),1.4,0
283122,0,0.005665955,Low (<25%),0.6,0
283133,0,0.018015483,Low (<25%),1.8,0
283290,0,0.17129019,Low (<25%),17.1,0
283326,0,0.0003755039,Low (<25%),0.0,0
283338,0,0.13413629,Low (<25%),13.4,0
283358,0,0.019066196,Low (<25%),1.9,0
283437,0,0.0069803055,Low (<25%),0.7,0
283654,1,0.9373109,Critical (>75%),93.7,1
283709,0,0.05446442,Low (<25%),5.4,0
283747,0,0.020344395,Low (<25%),2.0,0
283770,0,0.012520089,Low (<25%),1.3,0
283807,0,0.061946392,Low (<25%),6.2,0
283822,0,0.011479815,Low (<25%),1.1,0
283929,0,0.00082953385,Low (<25%),0.1,0
283980,0,0.030828552,Low (<25%),3.1,0
283994,0,0.051180553,Low (<25%),5.1,0
284203,0,0.018937495,Low (<25%),1.9,0
284290,0,0.011059303,Low (<25%),1.1,0
284362,0,0.0027257137,Low (<25%),0.3,0
284419,0,0.011550122,Low (<25%),1.2,0
284442,0,0.00834822,Low (<25%),0.8,0
284461,0,0.054206967,Low (<25%),5.4,0
284610,0,0.011923519,Low (<25%),1.2,0
284621,0,0.07233502,Low (<25%),7.2,0
284782,0,0.011668304,Low (<25%),1.2,0
284866,0,0.013802561,Low (<25%),1.4,0
284889,0,0.027722841,Low (<25%),2.8,0
284892,0,0.07142983,Low (<25%),7.1,0
285122,0,0.048318632,Low (<25%),4.8,0
285202,0,0.07182604,Low (<25%),7.2,0
285220,0,0.017483147,Low (<25%),1.7,0
285335,0,0.016252147,Low (<25%),1.6,0
285411,0,0.0041082455,Low (<25%),0.4,0
285484,0,0.014821653,Low (<25%),1.5,0
285485,0,0.2007855,Low (<25%),20.1,0
285579,0,0.00019284913,Low (<25%),0.0,0
285631,0,0.00793111,Low (<25%),0.8,0
285636,0,0.22909564,Low (<25%),22.9,0
285909,0,0.0013354504,Low (<25%),0.1,0
285938,0,0.039708976,Low (<25%),4.0,0
285942,0,0.08601414,Low (<25%),8.6,0
285982,0,0.01519589,Low (<25%),1.5,0
286065,0,0.0047663315,Low (<25%),0.5,0
286114,0,0.01528918,Low (<25%),1.5,0
286225,0,0.0032835118,Low (<25%),0.3,0
286262,1,0.9245733,Critical (>75%),92.5,0
286370,0,0.022894384,Low (<25%),2.3,0
286551,0,0.013880301,Low (<25%),1.4,0
286611,0,0.0383932,Low (<25%),3.8,0
286636,0,0.0015865398,Low (<25%),0.2,0
286641,0,0.0030699507,Low (<25%),0.3,0
286718,0,0.02062977,Low (<25%),2.1,0
286883,0,0.002234554,Low (<25%),0.2,0
286927,0,0.010013902,Low (<25%),1.0,0
286942,0,0.18815619,Low (<25%),18.8,0
286954,0,0.011529731,Low (<25%),1.2,0
286975,0,0.00080641627,Low (<25%),0.1,0
286989,0,0.0058696354,Low (<25%),0.6,0
287023,0,0.033765834,Low (<25%),3.4,0
287088,0,0.001809304,Low (<25%),0.2,0
287097,0,0.007935595,Low (<25%),0.8,0
287198,0,0.0052270438,Low (<25%),0.5,0
287254,0,0.13702543,Low (<25%),13.7,0
287266,0,0.0020371887,Low (<25%),0.2,0
287414,0,0.008926612,Low (<25%),0.9,0
287591,0,0.006232783,Low (<25%),0.6,0
287593,0,0.013805573,Low (<25%),1.4,0
287690,0,0.0010233037,Low (<25%),0.1,0
287750,0,0.0126303295,Low (<25%),1.3,0
287799,0,0.026500035,Low (<25%),2.7,0
287927,0,0.022528062,Low (<25%),2.3,0
287942,0,0.04381651,Low (<25%),4.4,0
287979,0,0.01646315,Low (<25%),1.6,0
288369,0,0.02516486,Low (<25%),2.5,0
288384,0,0.0012896832,Low (<25%),0.1,0
288419,0,0.045914743,Low (<25%),4.6,0
288451,1,0.97864336,Critical (>75%),97.9,1
288491,0,0.026048234,Low (<25%),2.6,0
288500,0,0.005674367,Low (<25%),0.6,0
288530,0,0.005757931,Low (<25%),0.6,0
288636,0,0.31479818,Medium (25-50%),31.5,0
288735,0,0.012750733,Low (<25%),1.3,0
288776,0,0.0003778855,Low (<25%),0.0,0
289116,0,0.004485782,Low (<25%),0.4,0
289133,0,0.005559953,Low (<25%),0.6,0
289139,0,0.019473175,Low (<25%),1.9,0
289151,0,0.05448813,Low (<25%),5.4,0
289177,0,0.012367071,Low (<25%),1.2,0
289294,0,0.012001163,Low (<25%),1.2,0
289354,0,0.016211882,Low (<25%),1.6,0
289472,0,0.21182254,Low (<25%),21.2,0
289476,0,0.0005549309,Low (<25%),0.1,0
289516,0,0.053155247,Low (<25%),5.3,0
289665,0,0.016411012,Low (<25%),1.6,0
289732,0,0.008058591,Low (<25%),0.8,0
289863,0,0.0008858158,Low (<25%),0.1,0
289921,0,0.0054307515,Low (<25%),0.5,0
289968,0,0.005406172,Low (<25%),0.5,0
290024,0,0.12422939,Low (<25%),12.4,0
290091,0,0.009119219,Low (<25%),0.9,0
290184,1,0.99269366,Critical (>75%),99.3,1
290200,0,0.31461352,Medium (25-50%),31.5,0
290249,0,0.007829849,Low (<25%),0.8,0
290250,0,0.0006947953,Low (<25%),0.1,0
290356,0,0.00095738797,Low (<25%),0.1,0
290362,0,0.009482577,Low (<25%),0.9,0
290395,0,0.005093556,Low (<25%),0.5,0
290445,0,0.001253054,Low (<25%),0.1,0
290465,0,0.0011523619,Low (<25%),0.1,0
290507,0,0.16182813,Low (<25%),16.2,0
290554,0,0.011164063,Low (<25%),1.1,0
290564,0,0.008433512,Low (<25%),0.8,0
290599,0,0.04630862,Low (<25%),4.6,0
290620,0,0.0061959815,Low (<25%),0.6,0
290638,0,0.019035868,Low (<25%),1.9,0
290756,0,0.021191923,Low (<25%),2.1,0
290902,0,0.016164577,Low (<25%),1.6,0
290964,0,0.3657023,Medium (25-50%),36.6,0
290994,0,0.0011812876,Low (<25%),0.1,0
291148,0,0.0035111546,Low (<25%),0.4,0
291336,0,0.013786091,Low (<25%),1.4,0
291509,0,0.00032563414,Low (<25%),0.0,0
291510,0,0.0111373,Low (<25%),1.1,0
291595,0,0.19628803,Low (<25%),19.6,0
292021,0,0.014262494,Low (<25%),1.4,0
292049,0,0.026545934,Low (<25%),2.7,0
292061,0,0.024914216,Low (<25%),2.5,0
292096,0,0.0070031383,Low (<25%),0.7,0
292164,0,0.058248837,Low (<25%),5.8,0
292384,0,0.0043676416,Low (<25%),0.4,0
292497,0,0.043476146,Low (<25%),4.3,0
292546,0,0.0071251215,Low (<25%),0.7,0
292617,0,0.004880885,Low (<25%),0.5,0
292618,0,0.034904547,Low (<25%),3.5,0
292843,0,0.014563666,Low (<25%),1.5,0
292957,0,0.0266271,Low (<25%),2.7,0
293100,1,0.99853146,Critical (>75%),99.9,1
293212,0,0.03080177,Low (<25%),3.1,0
293222,0,0.0032231063,Low (<25%),0.3,0
293266,0,0.048989523,Low (<25%),4.9,0
293496,0,0.22329313,Low (<25%),22.3,0
293531,0,0.19440328,Low (<25%),19.4,0
293676,0,0.073855355,Low (<25%),7.4,0
293685,1,0.8978969,Critical (>75%),89.8,0
294005,0,0.010574943,Low (<25%),1.1,0
294016,0,0.010224929,Low (<25%),1.0,0
294027,0,0.01548864,Low (<25%),1.5,0
294048,0,0.015663508,Low (<25%),1.6,0
294071,0,0.014617112,Low (<25%),1.5,0
294172,0,0.0023999002,Low (<25%),0.2,0
294273,0,0.017044336,Low (<25%),1.7,0
294283,0,0.001398051,Low (<25%),0.1,0
294334,0,0.016178468,Low (<25%),1.6,0
294396,0,0.0035843349,Low (<25%),0.4,0
294580,0,0.014629205,Low (<25%),1.5,0
294617,0,0.015902996,Low (<25%),1.6,0
294634,0,0.009693002,Low (<25%),1.0,0
294642,0,0.025644297,Low (<25%),2.6,0
294728,0,0.006586433,Low (<25%),0.7,0
294738,0,0.030787705,Low (<25%),3.1,0
294753,0,0.028304629,Low (<25%),2.8,0
294849,0,0.0029277285,Low (<25%),0.3,0
294865,0,0.002389534,Low (<25%),0.2,0
295064,0,0.024229078,Low (<25%),2.4,0
295078,0,0.0024839644,Low (<25%),0.2,0
295138,0,0.82875824,Critical (>75%),82.9,0
295147,0,0.019031314,Low (<25%),1.9,0
295205,0,0.13561676,Low (<25%),13.6,0
295217,0,0.0231984,Low (<25%),2.3,0
295302,0,0.022756765,Low (<25%),2.3,0
295327,0,0.0077623464,Low (<25%),0.8,0
295355,0,0.0021074344,Low (<25%),0.2,0
295387,0,0.010160206,Low (<25%),1.0,0
295412,0,0.005874752,Low (<25%),0.6,0
295423,0,0.013821546,Low (<25%),1.4,0
295510,0,0.114268154,Low (<25%),11.4,0
295533,0,0.043116927,Low (<25%),4.3,0
295578,0,0.11904506,Low (<25%),11.9,0
295884,0,0.013442375,Low (<25%),1.3,0
295906,0,0.0041360203,Low (<25%),0.4,0
295929,0,0.050680146,Low (<25%),5.1,0
296097,1,0.8850992,Critical (>75%),88.5,0
296104,1,0.9965479,Critical (>75%),99.7,1
296146,0,0.10137259,Low (<25%),10.1,0
296217,0,0.07745632,Low (<25%),7.7,0
296412,1,0.9532999,Critical (>75%),95.3,1
296566,1,0.9523729,Critical (>75%),95.2,1
296567,0,0.010987923,Low (<25%),1.1,0
296579,0,0.1723066,Low (<25%),17.2,0
296626,0,0.0099468,Low (<25%),1.0,0
296689,0,0.018887462,Low (<25%),1.9,0
296690,0,0.0094206445,Low (<25%),0.9,0
296736,0,0.10547433,Low (<25%),10.5,0
296887,0,0.01008752,Low (<25%),1.0,0
296915,0,0.008713959,Low (<25%),0.9,0
296997,0,0.028729595,Low (<25%),2.9,0
297101,0,0.023601767,Low (<25%),2.4,0
297167,0,0.009868927,Low (<25%),1.0,0
297172,0,0.01753195,Low (<25%),1.8,0
297306,0,0.007718629,Low (<25%),0.8,0
297327,0,0.019502403,Low (<25%),2.0,0
297379,0,0.01171277,Low (<25%),1.2,0
297382,0,0.0057682125,Low (<25%),0.6,0
297520,0,0.009534686,Low (<25%),1.0,0
297568,0,0.30677152,Medium (25-50%),30.7,0
297607,0,0.4004462,Medium (25-50%),40.0,0
297621,0,0.015781406,Low (<25%),1.6,0
297684,0,0.020904634,Low (<25%),2.1,0
297869,0,0.038015254,Low (<25%),3.8,0
298063,0,0.052348852,Low (<25%),5.2,0
298181,0,0.024272138,Low (<25%),2.4,0
298232,0,0.006373936,Low (<25%),0.6,0
298280,0,0.01483252,Low (<25%),1.5,0
298327,0,0.049269196,Low (<25%),4.9,0
298343,0,0.0021009822,Low (<25%),0.2,0
298344,0,0.006208614,Low (<25%),0.6,0
298506,0,0.008378298,Low (<25%),0.8,0
298535,0,0.047228906,Low (<25%),4.7,0
298539,0,0.061981793,Low (<25%),6.2,0
298543,0,0.122088574,Low (<25%),12.2,0
298601,0,0.041151054,Low (<25%),4.1,0
298671,0,0.010155518,Low (<25%),1.0,0
298681,0,0.024149708,Low (<25%),2.4,0
298712,0,0.061463922,Low (<25%),6.1,0
298795,0,0.01189924,Low (<25%),1.2,0
298813,0,0.054143637,Low (<25%),5.4,0
298817,0,0.03757278,Low (<25%),3.8,0
298829,0,0.016696364,Low (<25%),1.7,0
298853,0,0.014378889,Low (<25%),1.4,0
298865,0,0.0044040713,Low (<25%),0.4,0
298869,0,0.041895576,Low (<25%),4.2,0
298999,0,0.008795719,Low (<25%),0.9,0
299034,0,0.014727479,Low (<25%),1.5,0
299107,0,0.003324448,Low (<25%),0.3,0
299113,0,0.015891664,Low (<25%),1.6,0
299165,0,0.17918949,Low (<25%),17.9,0
299204,0,0.0011422184,Low (<25%),0.1,0
299210,0,0.036238603,Low (<25%),3.6,0
299278,0,0.0099495435,Low (<25%),1.0,0
299359,0,0.12882608,Low (<25%),12.9,0
299366,1,0.9985483,Critical (>75%),99.9,1
299397,0,0.03113523,Low (<25%),3.1,0
299412,0,0.024630964,Low (<25%),2.5,0
299419,0,0.0071471967,Low (<25%),0.7,0
299454,0,0.012484085,Low (<25%),1.2,0
299464,0,0.0051372466,Low (<25%),0.5,0
299501,0,0.09079958,Low (<25%),9.1,0
299573,1,0.9694901,Critical (>75%),96.9,1
299585,0,0.010305703,Low (<25%),1.0,0
299760,0,0.22555372,Low (<25%),22.6,0
299769,0,0.26749545,Medium (25-50%),26.7,0
299830,0,0.0019361628,Low (<25%),0.2,0
299919,0,0.0014641365,Low (<25%),0.1,0
300008,0,0.010443101,Low (<25%),1.0,0
300023,0,0.0008805043,Low (<25%),0.1,0
300051,0,0.0013183207,Low (<25%),0.1,0
300371,0,0.0063376008,Low (<25%),0.6,0
300460,1,0.9320593,Critical (>75%),93.2,0
300465,0,0.022998162,Low (<25%),2.3,0
300606,0,0.007819558,Low (<25%),0.8,0
300623,1,0.99828655,Critical (>75%),99.8,1
300676,0,0.042980414,Low (<25%),4.3,0
300733,0,0.002647913,Low (<25%),0.3,0
300806,0,0.016469628,Low (<25%),1.6,0
300818,0,0.007397865,Low (<25%),0.7,0
300836,0,0.014761768,Low (<25%),1.5,0
300845,0,0.009076786,Low (<25%),0.9,0
300870,0,0.006656718,Low (<25%),0.7,0
300960,0,0.027879806,Low (<25%),2.8,0
300964,0,0.0060723517,Low (<25%),0.6,0
301094,0,0.06708953,Low (<25%),6.7,0
301112,0,0.00010619864,Low (<25%),0.0,0
301152,0,0.005614097,Low (<25%),0.6,0
301155,0,0.20674816,Low (<25%),20.7,0
301301,0,0.0012201373,Low (<25%),0.1,0
301323,0,0.0017500917,Low (<25%),0.2,0
301563,0,0.012539463,Low (<25%),1.3,0
301603,0,0.041685805,Low (<25%),4.2,0
301744,0,0.0063524367,Low (<25%),0.6,0
301760,0,0.005235366,Low (<25%),0.5,0
301784,0,0.0022171142,Low (<25%),0.2,0
301793,0,0.20925091,Low (<25%),20.9,0
301794,0,0.0140200555,Low (<25%),1.4,0
302056,0,0.027375696,Low (<25%),2.7,0
302057,0,0.037224352,Low (<25%),3.7,0
302129,0,0.01642529,Low (<25%),1.6,0
302134,0,0.029930204,Low (<25%),3.0,0
302158,0,0.0022034235,Low (<25%),0.2,0
302186,0,0.007274831,Low (<25%),0.7,0
302198,0,0.05787889,Low (<25%),5.8,0
302258,0,0.022395255,Low (<25%),2.2,0
302313,1,0.96823883,Critical (>75%),96.8,1
302414,0,0.0022430012,Low (<25%),0.2,0
302460,0,0.00013308444,Low (<25%),0.0,0
302467,0,0.010062405,Low (<25%),1.0,0
302509,0,0.18671368,Low (<25%),18.7,0
302628,0,0.0040228814,Low (<25%),0.4,0
302669,0,0.00074512133,Low (<25%),0.1,0
302804,0,0.00907444,Low (<25%),0.9,0
302839,0,0.013126279,Low (<25%),1.3,0
302874,0,0.009699372,Low (<25%),1.0,0
302908,0,0.015221323,Low (<25%),1.5,0
302921,0,0.0577388,Low (<25%),5.8,0
302957,0,0.004657342,Low (<25%),0.5,0
303207,0,0.6891438,High (50-75%),68.9,0
303246,0,0.012230366,Low (<25%),1.2,0
303573,0,0.0032538783,Low (<25%),0.3,0
303682,0,0.01140195,Low (<25%),1.1,0
303934,0,0.0011995079,Low (<25%),0.1,0
304117,0,0.055398148,Low (<25%),5.5,0
304131,0,0.061636824,Low (<25%),6.2,0
304445,0,0.03440143,Low (<25%),3.4,0
304600,0,0.011749838,Low (<25%),1.2,0
304601,0,0.21171083,Low (<25%),21.2,0
304620,1,0.9973857,Critical (>75%),99.7,1
304643,0,0.005372775,Low (<25%),0.5,0
304726,0,0.011107972,Low (<25%),1.1,0
304764,1,0.9504488,Critical (>75%),95.0,1
304770,0,0.119047515,Low (<25%),11.9,0
304779,0,0.0046166577,Low (<25%),0.5,0
304824,0,0.05253042,Low (<25%),5.3,0
304944,0,0.03443345,Low (<25%),3.4,0
305100,0,0.008611627,Low (<25%),0.9,0
305102,0,0.00908199,Low (<25%),0.9,0
305150,0,0.008419691,Low (<25%),0.8,0
305171,0,0.008251973,Low (<25%),0.8,0
305243,0,0.008671988,Low (<25%),0.9,0
305380,0,0.031960126,Low (<25%),3.2,0
305412,0,0.017520398,Low (<25%),1.8,0
305687,0,0.022200353,Low (<25%),2.2,0
305807,0,0.0210201,Low (<25%),2.1,0
305857,0,0.0014387942,Low (<25%),0.1,0
305910,0,0.49194425,Medium (25-50%),49.2,0
306051,0,0.0059042783,Low (<25%),0.6,0
306068,0,0.033521567,Low (<25%),3.4,0
306110,0,0.015059898,Low (<25%),1.5,0
306231,0,0.012982082,Low (<25%),1.3,0
306288,1,0.9735207,Critical (>75%),97.4,1
306331,0,0.00869622,Low (<25%),0.9,0
306400,0,0.011503739,Low (<25%),1.2,0
306402,0,0.18460158,Low (<25%),18.5,0
306667,0,0.12885427,Low (<25%),12.9,0
306676,0,0.105333224,Low (<25%),10.5,0
306708,1,0.9520378,Critical (>75%),95.2,1
306869,0,0.029952157,Low (<25%),3.0,0
306872,0,0.015497768,Low (<25%),1.5,0
306880,0,0.044948146,Low (<25%),4.5,0
306965,0,0.0014293534,Low (<25%),0.1,0
307047,1,0.9221144,Critical (>75%),92.2,0
307049,0,0.0075810542,Low (<25%),0.8,0
307166,0,0.006859992,Low (<25%),0.7,0
307178,0,0.15195864,Low (<25%),15.2,0
307233,0,0.10126769,Low (<25%),10.1,0
307256,0,0.0034261425,Low (<25%),0.3,0
307296,0,0.02211314,Low (<25%),2.2,0
307622,0,0.13977091,Low (<25%),14.0,0
307623,0,0.00038210265,Low (<25%),0.0,0
307631,1,0.9989434,Critical (>75%),99.9,1
307740,0,0.29463306,Medium (25-50%),29.5,0
307785,0,0.005230417,Low (<25%),0.5,0
307848,0,0.07701053,Low (<25%),7.7,0
307859,0,0.004296278,Low (<25%),0.4,0
308144,0,0.036628366,Low (<25%),3.7,0
308171,0,0.029992312,Low (<25%),3.0,0
308176,0,0.006541712,Low (<25%),0.7,0
308197,0,0.049802348,Low (<25%),5.0,0
308202,0,0.009488595,Low (<25%),0.9,0
308214,0,0.0017813414,Low (<25%),0.2,0
308255,0,0.16190195,Low (<25%),16.2,0
308362,0,0.0023143785,Low (<25%),0.2,0
308379,0,0.002076723,Low (<25%),0.2,0
308591,0,0.026756743,Low (<25%),2.7,0
308629,1,0.8864611,Critical (>75%),88.6,0
308704,0,0.010377501,Low (<25%),1.0,0
308798,0,0.0043373504,Low (<25%),0.4,0
308891,0,0.037769843,Low (<25%),3.8,0
308991,0,0.009048335,Low (<25%),0.9,0
309041,0,0.008725614,Low (<25%),0.9,0
309108,0,0.00453416,Low (<25%),0.5,0
309110,0,0.014860271,Low (<25%),1.5,0
309230,0,0.003756256,Low (<25%),0.4,0
309277,0,0.006938819,Low (<25%),0.7,0
309304,0,0.022508595,Low (<25%),2.3,0
309352,0,0.015662083,Low (<25%),1.6,0
309364,0,0.0027478142,Low (<25%),0.3,0
309408,0,0.090767,Low (<25%),9.1,0
309456,0,0.0043056123,Low (<25%),0.4,0
309584,0,0.015237778,Low (<25%),1.5,0
309602,0,0.011785026,Low (<25%),1.2,0
309727,0,0.007665073,Low (<25%),0.8,0
309861,0,0.00038277984,Low (<25%),0.0,0
309921,0,0.17730694,Low (<25%),17.7,0
309933,0,0.008422557,Low (<25%),0.8,0
310252,0,0.037264083,Low (<25%),3.7,0
310396,0,0.10105431,Low (<25%),10.1,0
310534,0,0.0026575893,Low (<25%),0.3,0
310700,0,0.0025222567,Low (<25%),0.3,0
310853,0,0.006017472,Low (<25%),0.6,0
310911,0,0.015845815,Low (<25%),1.6,0
310965,0,0.03128803,Low (<25%),3.1,0
310983,0,0.0062119863,Low (<25%),0.6,0
311346,0,0.005162943,Low (<25%),0.5,0
311363,0,0.0019414418,Low (<25%),0.2,0
311556,0,0.0022323902,Low (<25%),0.2,0
311619,0,0.064343736,Low (<25%),6.4,0
311636,0,0.016277796,Low (<25%),1.6,0
311684,0,0.008378381,Low (<25%),0.8,0
311692,0,0.0007721702,Low (<25%),0.1,0
311762,0,0.0006787307,Low (<25%),0.1,0
311795,1,0.95102316,Critical (>75%),95.1,1
311841,0,0.22479272,Low (<25%),22.5,0
311907,0,0.022945749,Low (<25%),2.3,0
311943,0,0.012708808,Low (<25%),1.3,0
311952,1,0.8962293,Critical (>75%),89.6,0
312048,0,0.0053759483,Low (<25%),0.5,0
312074,0,0.03235331,Low (<25%),3.2,0
312148,0,0.014928499,Low (<25%),1.5,0
312180,0,0.009882986,Low (<25%),1.0,0
312226,0,0.065096274,Low (<25%),6.5,0
312248,0,0.00070268486,Low (<25%),0.1,0
312312,0,0.00866696,Low (<25%),0.9,0
312455,0,0.009116578,Low (<25%),0.9,0
312474,0,0.022821248,Low (<25%),2.3,0
312490,0,0.008540074,Low (<25%),0.9,0
312530,0,0.012271114,Low (<25%),1.2,0
312545,0,0.04498853,Low (<25%),4.5,0
312568,0,0.010719709,Low (<25%),1.1,0
312607,0,0.009133272,Low (<25%),0.9,0
312630,0,0.029320795,Low (<25%),2.9,0
312774,0,0.012696639,Low (<25%),1.3,0
312863,0,0.0063197943,Low (<25%),0.6,0
312867,0,0.106682025,Low (<25%),10.7,0
312933,0,0.025406733,Low (<25%),2.5,0
312979,0,0.00321097,Low (<25%),0.3,0
313185,0,0.0019751217,Low (<25%),0.2,0
313254,0,0.014528962,Low (<25%),1.5,0
313292,0,0.03288323,Low (<25%),3.3,0
313424,0,0.0074990597,Low (<25%),0.7,0
313437,0,0.07393314,Low (<25%),7.4,0
313461,0,0.001013446,Low (<25%),0.1,0
313473,0,0.0024218077,Low (<25%),0.2,0
313477,0,0.023014046,Low (<25%),2.3,0
313538,0,0.015274657,Low (<25%),1.5,0
313544,1,0.97520214,Critical (>75%),97.5,1
313602,0,0.0036110857,Low (<25%),0.4,0
313681,0,0.022226365,Low (<25%),2.2,0
313688,0,0.0074851527,Low (<25%),0.7,0
313708,0,0.028507646,Low (<25%),2.9,0
313732,0,0.008726146,Low (<25%),0.9,0
313763,0,0.3419746,Medium (25-50%),34.2,0
313815,0,0.012218131,Low (<25%),1.2,0
313837,0,0.008565179,Low (<25%),0.9,0
313860,0,0.0022579911,Low (<25%),0.2,0
313982,0,0.0034011689,Low (<25%),0.3,0
314014,0,0.006790057,Low (<25%),0.7,0
314065,0,0.008585599,Low (<25%),0.9,0
314081,0,0.08343755,Low (<25%),8.3,0
314108,0,0.0080191605,Low (<25%),0.8,0
314147,0,0.024776738,Low (<25%),2.5,0
314202,0,0.017276902,Low (<25%),1.7,0
314250,0,0.030664772,Low (<25%),3.1,0
314258,0,0.007361943,Low (<25%),0.7,0
314317,0,0.011462743,Low (<25%),1.1,0
314328,0,0.03111672,Low (<25%),3.1,0
314372,0,0.02695615,Low (<25%),2.7,0
314413,0,0.2967248,Medium (25-50%),29.7,0
314589,0,0.004203497,Low (<25%),0.4,0
314713,0,0.2973622,Medium (25-50%),29.7,0
314718,0,0.03794009,Low (<25%),3.8,0
314742,0,0.033013795,Low (<25%),3.3,0
314842,0,0.054687276,Low (<25%),5.5,0
314898,0,0.1066968,Low (<25%),10.7,0
314935,0,0.012306384,Low (<25%),1.2,0
314941,0,0.018916156,Low (<25%),1.9,0
315014,0,0.003789439,Low (<25%),0.4,0
315054,1,0.85301566,Critical (>75%),85.3,0
315113,0,0.007282094,Low (<25%),0.7,0
315225,0,0.21539393,Low (<25%),21.5,0
315235,0,0.006344207,Low (<25%),0.6,0
315361,0,0.010293424,Low (<25%),1.0,0
315482,0,0.0051030153,Low (<25%),0.5,0
315527,0,0.013680609,Low (<25%),1.4,0
315736,0,0.0033209692,Low (<25%),0.3,0
315848,0,0.009542466,Low (<25%),1.0,0
315851,0,0.001088862,Low (<25%),0.1,0
315869,0,0.0049688327,Low (<25%),0.5,0
316082,0,0.008459559,Low (<25%),0.8,0
316290,0,0.0024483546,Low (<25%),0.2,0
316307,0,0.3552115,Medium (25-50%),35.5,0
316308,0,0.10506783,Low (<25%),10.5,0
316323,1,0.9112042,Critical (>75%),91.1,0
316527,0,0.00056091684,Low (<25%),0.1,0
316633,0,0.42326218,Medium (25-50%),42.3,0
316644,0,0.0048375246,Low (<25%),0.5,0
316666,0,0.0032151164,Low (<25%),0.3,0
316752,0,0.02307787,Low (<25%),2.3,0
316793,0,0.009709013,Low (<25%),1.0,0
316933,0,0.0049258983,Low (<25%),0.5,0
316982,0,0.028430698,Low (<25%),2.8,0
317060,0,0.5103909,High (50-75%),51.0,0
317094,0,0.023234894,Low (<25%),2.3,0
317100,0,0.44451585,Medium (25-50%),44.5,0
317137,0,0.042547613,Low (<25%),4.3,0
317205,0,0.006689558,Low (<25%),0.7,0
317260,0,0.35232508,Medium (25-50%),35.2,0
317624,0,0.003525773,Low (<25%),0.4,0
317664,0,0.30317977,Medium (25-50%),30.3,0
317683,0,0.012718067,Low (<25%),1.3,0
317726,0,0.0019855911,Low (<25%),0.2,0
317774,0,0.0043507293,Low (<25%),0.4,0
317776,0,0.005006613,Low (<25%),0.5,0
317827,0,0.0035145113,Low (<25%),0.4,0
317888,0,0.031382207,Low (<25%),3.1,0
317919,0,0.01252828,Low (<25%),1.3,0
318180,0,0.023977373,Low (<25%),2.4,0
318199,0,0.018332636,Low (<25%),1.8,0
318264,0,0.011241025,Low (<25%),1.1,0
318285,0,0.07869686,Low (<25%),7.9,0
318561,0,0.005990827,Low (<25%),0.6,0
318564,0,0.014806127,Low (<25%),1.5,0
318595,0,0.0046502897,Low (<25%),0.5,0
318654,0,0.0107892025,Low (<25%),1.1,0
318751,0,0.46793777,Medium (25-50%),46.8,0
318753,0,0.03710224,Low (<25%),3.7,0
318755,0,0.0048585515,Low (<25%),0.5,0
318786,0,0.015486634,Low (<25%),1.5,0
318902,0,0.015452493,Low (<25%),1.5,0
318945,0,0.32927135,Medium (25-50%),32.9,0
319012,0,0.014010832,Low (<25%),1.4,0
319052,0,0.008698851,Low (<25%),0.9,0
319059,0,0.0020914606,Low (<25%),0.2,0
319123,0,0.007208607,Low (<25%),0.7,0
319304,0,0.04031921,Low (<25%),4.0,0
319378,0,0.013610871,Low (<25%),1.4,0
319387,0,0.005454725,Low (<25%),0.5,0
319430,0,0.016826587,Low (<25%),1.7,0
319433,0,0.0036469258,Low (<25%),0.4,0
319469,0,0.038665157,Low (<25%),3.9,0
319501,0,0.03805675,Low (<25%),3.8,0
319504,0,0.08994677,Low (<25%),9.0,0
319658,0,0.11399947,Low (<25%),11.4,0
319664,0,0.0068257004,Low (<25%),0.7,0
319671,0,0.0022224288,Low (<25%),0.2,0
319742,0,0.17115174,Low (<25%),17.1,0
319768,0,0.007856603,Low (<25%),0.8,0
319822,0,0.0015529321,Low (<25%),0.2,0
319850,0,0.014709424,Low (<25%),1.5,0
319868,0,0.00072622864,Low (<25%),0.1,0
319947,0,0.022015288,Low (<25%),2.2,0
320004,0,0.3386909,Medium (25-50%),33.9,0
320031,0,0.028178204,Low (<25%),2.8,0
320042,0,0.56777316,High (50-75%),56.8,0
320180,0,0.0014383263,Low (<25%),0.1,0
320183,0,0.0017311077,Low (<25%),0.2,0
320191,0,0.02126255,Low (<25%),2.1,0
320414,0,0.44729567,Medium (25-50%),44.7,0
320576,0,0.11835996,Low (<25%),11.8,0
320685,0,0.008278599,Low (<25%),0.8,0
320772,0,0.007758983,Low (<25%),0.8,0
320784,0,0.017358128,Low (<25%),1.7,0
320980,0,0.13233162,Low (<25%),13.2,0
320996,0,0.015325167,Low (<25%),1.5,0
321012,0,0.0005403707,Low (<25%),0.1,0
321027,0,0.0007987623,Low (<25%),0.1,0
321074,0,0.03704773,Low (<25%),3.7,0
321213,0,0.08377043,Low (<25%),8.4,0
321227,0,0.0017430093,Low (<25%),0.2,0
321388,0,0.04564768,Low (<25%),4.6,0
321436,0,0.0010630453,Low (<25%),0.1,0
321457,0,0.009315407,Low (<25%),0.9,0
321666,0,0.007287111,Low (<25%),0.7,0
321734,0,0.005636943,Low (<25%),0.6,0
321748,0,0.010874652,Low (<25%),1.1,0
321762,0,0.007018239,Low (<25%),0.7,0
321795,0,0.03403246,Low (<25%),3.4,0
321954,0,0.0064570196,Low (<25%),0.6,0
322000,0,0.026057212,Low (<25%),2.6,0
322169,0,0.0062616067,Low (<25%),0.6,0
322193,0,0.002335007,Low (<25%),0.2,0
322451,0,0.004458847,Low (<25%),0.4,0
322501,0,0.01853617,Low (<25%),1.9,0
322606,0,0.0065210257,Low (<25%),0.7,0
322733,0,0.28716514,Medium (25-50%),28.7,0
323043,0,0.0024537502,Low (<25%),0.2,0
323068,0,0.012581921,Low (<25%),1.3,0
323154,0,0.022729395,Low (<25%),2.3,0
323249,0,0.0043259286,Low (<25%),0.4,0
323311,0,0.019076817,Low (<25%),1.9,0
323345,0,0.026322214,Low (<25%),2.6,0
323424,0,0.19170232,Low (<25%),19.2,0
323448,0,0.027654141,Low (<25%),2.8,0
323542,0,0.006010825,Low (<25%),0.6,0
323660,0,0.00093288353,Low (<25%),0.1,0
323720,0,0.0046434146,Low (<25%),0.5,0
323735,0,0.0015418703,Low (<25%),0.2,0
323821,0,0.004173759,Low (<25%),0.4,0
324013,1,0.99821305,Critical (>75%),99.8,1
324048,0,0.0024113182,Low (<25%),0.2,0
324139,0,0.0034617253,Low (<25%),0.3,0
324143,0,0.005102812,Low (<25%),0.5,0
324242,0,0.003421351,Low (<25%),0.3,0
324248,0,0.024066394,Low (<25%),2.4,0
324295,0,0.02091088,Low (<25%),2.1,0
324364,0,0.05364414,Low (<25%),5.4,0
324404,0,0.26103148,Medium (25-50%),26.1,0
324506,0,0.025408546,Low (<25%),2.5,0
324557,0,0.07372438,Low (<25%),7.4,0
324662,0,0.003573934,Low (<25%),0.4,0
324707,0,0.104389936,Low (<25%),10.4,0
324739,0,0.13883197,Low (<25%),13.9,0
324773,0,0.0036486383,Low (<25%),0.4,0
324801,0,0.0020775383,Low (<25%),0.2,0
324881,0,0.0035835258,Low (<25%),0.4,0
324997,0,0.0095496345,Low (<25%),1.0,0
325082,0,0.022969337,Low (<25%),2.3,0
325134,0,0.009359046,Low (<25%),0.9,0
325190,0,0.0026779734,Low (<25%),0.3,0
325268,0,0.040591963,Low (<25%),4.1,0
325367,0,0.010254519,Low (<25%),1.0,0
325379,0,0.0012626101,Low (<25%),0.1,0
325382,0,0.004233157,Low (<25%),0.4,0
325490,0,0.00686084,Low (<25%),0.7,0
325498,0,0.032397535,Low (<25%),3.2,0
325593,0,0.0029660054,Low (<25%),0.3,0
325599,0,0.10636444,Low (<25%),10.6,0
325661,0,0.002773445,Low (<25%),0.3,0
325778,0,0.0071224337,Low (<25%),0.7,0
325802,0,0.017002715,Low (<25%),1.7,0
325830,0,0.00017459843,Low (<25%),0.0,0
325935,0,0.0073440084,Low (<25%),0.7,0
326001,0,0.025283234,Low (<25%),2.5,0
326069,0,0.12255375,Low (<25%),12.3,0
326234,0,0.0011660652,Low (<25%),0.1,0
326240,1,0.99848807,Critical (>75%),99.8,1
326267,0,0.029272288,Low (<25%),2.9,0
326272,0,0.00085472054,Low (<25%),0.1,0
326280,0,0.007221545,Low (<25%),0.7,0
326418,0,0.0025324794,Low (<25%),0.3,0
326564,0,0.004745731,Low (<25%),0.5,0
326603,0,0.006332099,Low (<25%),0.6,0
326699,0,0.007878328,Low (<25%),0.8,0
326707,0,0.012351377,Low (<25%),1.2,0
326724,0,0.0074208076,Low (<25%),0.7,0
326803,0,0.00053301215,Low (<25%),0.1,0
326823,0,0.021553114,Low (<25%),2.2,0
326905,0,0.021938905,Low (<25%),2.2,0
326961,0,0.0017599586,Low (<25%),0.2,0
326988,0,0.17546694,Low (<25%),17.5,0
327015,0,0.011294973,Low (<25%),1.1,0
327098,0,0.0048908656,Low (<25%),0.5,0
327163,0,0.031557366,Low (<25%),3.2,0
327203,0,0.053962447,Low (<25%),5.4,0
327285,0,0.004244571,Low (<25%),0.4,0
327320,0,0.007845493,Low (<25%),0.8,0
327470,0,0.041113045,Low (<25%),4.1,0
327474,0,0.0054766377,Low (<25%),0.5,0
327530,0,0.04789318,Low (<25%),4.8,0
327653,0,0.0016961447,Low (<25%),0.2,0
327688,0,0.005294243,Low (<25%),0.5,0
327796,0,0.15665875,Low (<25%),15.7,0
327866,0,0.0120101,Low (<25%),1.2,0
327903,0,0.103212275,Low (<25%),10.3,0
327910,0,0.009568749,Low (<25%),1.0,0
327972,0,0.0077697914,Low (<25%),0.8,0
328111,0,0.009164347,Low (<25%),0.9,0
328116,0,0.0053804987,Low (<25%),0.5,0
328173,1,0.8453569,Critical (>75%),84.5,0
328180,0,0.0045911497,Low (<25%),0.5,0
328181,0,0.020539964,Low (<25%),2.1,0
328188,0,0.00089050544,Low (<25%),0.1,0
328198,0,0.059443973,Low (<25%),5.9,0
328213,0,0.0018663113,Low (<25%),0.2,0
328303,0,0.000392545,Low (<25%),0.0,0
328323,0,0.16580057,Low (<25%),16.6,0
328446,0,0.13582326,Low (<25%),13.6,0
328543,0,0.15354998,Low (<25%),15.4,0
328576,0,0.006128291,Low (<25%),0.6,0
328623,0,0.03155067,Low (<25%),3.2,0
328668,0,0.006210877,Low (<25%),0.6,0
328754,0,0.005803723,Low (<25%),0.6,0
328936,0,0.03983077,Low (<25%),4.0,0
329039,0,0.011527144,Low (<25%),1.2,0
329056,0,0.06453579,Low (<25%),6.5,0
329088,1,0.96643484,Critical (>75%),96.6,1
329094,0,0.009244124,Low (<25%),0.9,0
329162,0,0.0056423848,Low (<25%),0.6,0
329214,0,0.020772578,Low (<25%),2.1,0
329215,0,0.005061525,Low (<25%),0.5,0
329300,0,0.0053053587,Low (<25%),0.5,0
329302,0,0.017662391,Low (<25%),1.8,0
329355,0,0.013741358,Low (<25%),1.4,0
329358,0,0.017653408,Low (<25%),1.8,0
329364,0,9.623328e-05,Low (<25%),0.0,0
329587,0,0.023568297,Low (<25%),2.4,0
329660,0,0.02500528,Low (<25%),2.5,0
329692,0,0.003864397,Low (<25%),0.4,0
329720,0,0.024496097,Low (<25%),2.4,0
329730,0,0.04087745,Low (<25%),4.1,0
329735,0,0.023076603,Low (<25%),2.3,0
329736,0,0.023106882,Low (<25%),2.3,0
329826,0,0.031371046,Low (<25%),3.1,0
329839,0,0.0020575516,Low (<25%),0.2,0
330040,0,0.0054079774,Low (<25%),0.5,0
330053,0,0.000466534,Low (<25%),0.0,0
330131,0,0.0033149265,Low (<25%),0.3,0
330249,0,0.02150396,Low (<25%),2.2,0
330278,0,0.025483195,Low (<25%),2.5,0
330316,0,0.0039577866,Low (<25%),0.4,0
330343,0,0.014760277,Low (<25%),1.5,0
330365,0,0.0024010956,Low (<25%),0.2,0
330433,0,0.0012675347,Low (<25%),0.1,0
330464,0,0.0040961555,Low (<25%),0.4,0
330468,0,0.012894805,Low (<25%),1.3,0
330515,0,0.5265234,High (50-75%),52.7,0
330562,0,0.00071281614,Low (<25%),0.1,0
330680,0,0.49475485,Medium (25-50%),49.5,0
330694,0,0.0013500662,Low (<25%),0.1,0
330741,0,0.018504255,Low (<25%),1.9,0
330779,0,0.5389012,High (50-75%),53.9,0
330783,1,0.9496775,Critical (>75%),95.0,1
330858,0,0.010551853,Low (<25%),1.1,0
330870,0,0.0027688923,Low (<25%),0.3,0
330988,0,0.044266805,Low (<25%),4.4,0
331078,0,0.003683878,Low (<25%),0.4,0
331094,0,0.013510091,Low (<25%),1.4,0
331184,0,0.21113572,Low (<25%),21.1,0
331258,0,0.060181987,Low (<25%),6.0,0
331301,0,0.004941839,Low (<25%),0.5,0
331325,0,0.006396289,Low (<25%),0.6,0
331353,0,0.0039448934,Low (<25%),0.4,0
331560,0,0.0013472006,Low (<25%),0.1,0
331598,0,0.0019397415,Low (<25%),0.2,0
331669,1,0.99901474,Critical (>75%),99.9,1
331697,0,0.06259482,Low (<25%),6.3,0
331698,0,0.0019116974,Low (<25%),0.2,0
331699,0,0.0052014566,Low (<25%),0.5,0
331706,0,0.017204503,Low (<25%),1.7,0
331857,0,0.01555145,Low (<25%),1.6,0
331995,1,0.99903333,Critical (>75%),99.9,1
332027,0,0.028817236,Low (<25%),2.9,0
332077,0,0.21786335,Low (<25%),21.8,0
332082,0,0.07376632,Low (<25%),7.4,0
332175,0,0.00531191,Low (<25%),0.5,0
332208,0,0.013162136,Low (<25%),1.3,0
332225,0,0.0011274558,Low (<25%),0.1,0
332276,0,0.08233893,Low (<25%),8.2,0
332289,0,0.007191929,Low (<25%),0.7,0
332387,0,0.009777033,Low (<25%),1.0,0
332409,0,0.0019002301,Low (<25%),0.2,0
332430,0,0.20703809,Low (<25%),20.7,0
332466,0,0.005634533,Low (<25%),0.6,0
332711,0,0.042070102,Low (<25%),4.2,0
332716,0,0.18711443,Low (<25%),18.7,0
332780,0,0.021262981,Low (<25%),2.1,0
332823,0,0.00040953702,Low (<25%),0.0,0
332869,0,0.0048114695,Low (<25%),0.5,0
332962,0,0.004563553,Low (<25%),0.5,0
332983,0,0.0043452485,Low (<25%),0.4,0
333039,0,0.0052747997,Low (<25%),0.5,0
333064,0,0.02052426,Low (<25%),2.1,0
333207,0,0.1059743,Low (<25%),10.6,0
333213,0,0.021031165,Low (<25%),2.1,0
333295,0,0.024438007,Low (<25%),2.4,0
333451,0,0.007216044,Low (<25%),0.7,0
333502,0,0.025756245,Low (<25%),2.6,0
333595,0,0.0029970207,Low (<25%),0.3,0
333621,0,0.04738243,Low (<25%),4.7,0
333680,0,0.012799674,Low (<25%),1.3,0
333694,0,0.0039015163,Low (<25%),0.4,0
333773,0,0.016804742,Low (<25%),1.7,0
333799,0,0.020030407,Low (<25%),2.0,0
333825,0,0.0014643325,Low (<25%),0.1,0
334003,0,0.013956682,Low (<25%),1.4,0
334143,0,0.018915191,Low (<25%),1.9,0
334224,0,0.0032772569,Low (<25%),0.3,0
334273,1,0.9402459,Critical (>75%),94.0,1
334324,0,0.00976085,Low (<25%),1.0,0
334329,0,0.036251694,Low (<25%),3.6,0
334437,0,0.07004517,Low (<25%),7.0,0
334454,0,0.0036431733,Low (<25%),0.4,0
334575,0,0.014413923,Low (<25%),1.4,0
334997,0,0.0016593009,Low (<25%),0.2,0
335137,0,0.11148126,Low (<25%),11.1,0
335143,0,0.007974905,Low (<25%),0.8,0
335162,0,0.004282686,Low (<25%),0.4,0
335246,0,0.0017034918,Low (<25%),0.2,0
335306,0,0.1536288,Low (<25%),15.4,0
335324,0,0.018484991,Low (<25%),1.8,0
335365,0,0.07309093,Low (<25%),7.3,0
335371,0,0.04824173,Low (<25%),4.8,0
335421,0,0.0065780045,Low (<25%),0.7,0
335545,0,0.01653683,Low (<25%),1.7,0
335554,0,0.0041408897,Low (<25%),0.4,0
335671,0,0.02177832,Low (<25%),2.2,0
335755,0,0.023368996,Low (<25%),2.3,0
335839,0,0.0033700652,Low (<25%),0.3,0
335852,0,0.015987152,Low (<25%),1.6,0
335964,0,0.046259828,Low (<25%),4.6,0
336025,1,0.8039198,Critical (>75%),80.4,0
336037,0,0.01241624,Low (<25%),1.2,0
336127,0,0.037371542,Low (<25%),3.7,0
336138,0,0.0037705293,Low (<25%),0.4,0
336139,0,0.07043197,Low (<25%),7.0,0
336141,0,0.010717231,Low (<25%),1.1,0
336143,0,0.002907986,Low (<25%),0.3,0
336247,0,0.0048474562,Low (<25%),0.5,0
336271,0,0.020707877,Low (<25%),2.1,0
336281,0,0.00054571725,Low (<25%),0.1,0
336341,0,0.26509476,Medium (25-50%),26.5,0
336357,0,0.016640037,Low (<25%),1.7,0
336469,0,0.7587416,Critical (>75%),75.9,0
336484,0,0.0051353583,Low (<25%),0.5,0
336539,0,0.00023355792,Low (<25%),0.0,0
336541,0,0.13003573,Low (<25%),13.0,0
336665,0,0.36262894,Medium (25-50%),36.3,0
336722,0,0.040362287,Low (<25%),4.0,0
336724,0,0.027397629,Low (<25%),2.7,0
336809,0,0.1791608,Low (<25%),17.9,0
336817,0,0.0023727473,Low (<25%),0.2,0
336882,0,0.0022097363,Low (<25%),0.2,0
336902,0,0.0092430245,Low (<25%),0.9,0
337066,0,0.008748225,Low (<25%),0.9,0
337148,0,0.045465417,Low (<25%),4.5,0
337235,0,0.019054674,Low (<25%),1.9,0
337260,0,0.022790505,Low (<25%),2.3,0
337453,0,0.011918756,Low (<25%),1.2,0
337488,0,0.045746133,Low (<25%),4.6,0
337815,0,0.007888513,Low (<25%),0.8,0
337818,0,0.06500437,Low (<25%),6.5,0
337842,0,0.0029314961,Low (<25%),0.3,0
337857,0,0.03667357,Low (<25%),3.7,0
337925,0,0.05521007,Low (<25%),5.5,0
337932,0,0.047631223,Low (<25%),4.8,0
337945,0,0.060885448,Low (<25%),6.1,0
337980,0,0.013633064,Low (<25%),1.4,0
337983,0,0.04803034,Low (<25%),4.8,0
338059,0,0.1549075,Low (<25%),15.5,0
338212,0,0.039575264,Low (<25%),4.0,0
338285,0,0.0016922195,Low (<25%),0.2,0
338346,0,0.06491672,Low (<25%),6.5,0
338786,0,0.0038320574,Low (<25%),0.4,0
338808,0,0.0036822627,Low (<25%),0.4,0
338838,0,0.0041841073,Low (<25%),0.4,0
338872,0,0.0039405604,Low (<25%),0.4,0
339005,0,0.05474009,Low (<25%),5.5,0
339151,0,0.03974672,Low (<25%),4.0,0
339220,0,0.015299896,Low (<25%),1.5,0
339371,0,0.0020211556,Low (<25%),0.2,0
339573,0,0.009558492,Low (<25%),1.0,0
339819,0,0.011108223,Low (<25%),1.1,0
339845,0,0.36857545,Medium (25-50%),36.9,0
339880,0,0.022238363,Low (<25%),2.2,0
339927,0,0.022360574,Low (<25%),2.2,0
339941,0,0.011106164,Low (<25%),1.1,0
340277,0,0.013701961,Low (<25%),1.4,0
340307,0,0.27680582,Medium (25-50%),27.7,0
340467,0,0.013356261,Low (<25%),1.3,0
340479,0,0.041744508,Low (<25%),4.2,0
340574,0,0.03742909,Low (<25%),3.7,0
340583,0,0.007811919,Low (<25%),0.8,0
340638,0,0.05232609,Low (<25%),5.2,0
340691,0,0.03694213,Low (<25%),3.7,0
340782,0,0.07020107,Low (<25%),7.0,0
340802,0,0.038782857,Low (<25%),3.9,0
340874,0,0.13832307,Low (<25%),13.8,0
340924,0,0.026888762,Low (<25%),2.7,0
340925,0,0.014839428,Low (<25%),1.5,0
340927,0,0.015096276,Low (<25%),1.5,0
340931,0,0.004681998,Low (<25%),0.5,0
341169,0,0.032186475,Low (<25%),3.2,0
341185,0,0.030912137,Low (<25%),3.1,0
341302,0,0.011859662,Low (<25%),1.2,0
341549,0,0.0031387259,Low (<25%),0.3,0
341594,0,0.0077539925,Low (<25%),0.8,0
341725,0,0.025778672,Low (<25%),2.6,0
341728,0,0.03469218,Low (<25%),3.5,0
341867,0,0.0048313565,Low (<25%),0.5,0
341907,1,0.9720843,Critical (>75%),97.2,1
341942,0,0.0057898564,Low (<25%),0.6,0
342007,0,0.0012010152,Low (<25%),0.1,0
342044,0,0.0030606,Low (<25%),0.3,0
342156,0,0.009897026,Low (<25%),1.0,0
342407,0,0.028476354,Low (<25%),2.8,0
342483,0,0.065528,Low (<25%),6.6,0
342527,0,0.0020334667,Low (<25%),0.2,0
342554,0,0.027584095,Low (<25%),2.8,0
342570,0,0.002138199,Low (<25%),0.2,0
342583,0,0.013628121,Low (<25%),1.4,0
342679,0,0.021246504,Low (<25%),2.1,0
342725,0,0.010661952,Low (<25%),1.1,0
342836,0,0.030868655,Low (<25%),3.1,0
342929,0,0.002540908,Low (<25%),0.3,0
342958,0,0.16215852,Low (<25%),16.2,0
342980,0,0.003494253,Low (<25%),0.3,0
343001,0,0.00783798,Low (<25%),0.8,0
343011,0,0.015327506,Low (<25%),1.5,0
343051,0,0.0010781592,Low (<25%),0.1,0
343103,0,0.02208227,Low (<25%),2.2,0
343139,0,0.00019481407,Low (<25%),0.0,0
343218,0,0.00083565776,Low (<25%),0.1,0
343377,0,0.008875226,Low (<25%),0.9,0
343383,0,0.0040833647,Low (<25%),0.4,0
343547,0,0.0048023015,Low (<25%),0.5,0
343605,0,0.0058204895,Low (<25%),0.6,0
343706,0,0.040442485,Low (<25%),4.0,0
343879,0,0.024641998,Low (<25%),2.5,0
343994,0,0.0068933056,Low (<25%),0.7,0
344009,0,0.037812803,Low (<25%),3.8,0
344052,0,0.02617585,Low (<25%),2.6,0
344121,0,0.0015698599,Low (<25%),0.2,0
344180,0,0.1875962,Low (<25%),18.8,0
344199,0,0.012110872,Low (<25%),1.2,0
344232,0,0.0032012705,Low (<25%),0.3,0
344260,0,0.034502797,Low (<25%),3.5,0
344372,0,0.0015980919,Low (<25%),0.2,0
344413,0,0.0092448415,Low (<25%),0.9,0
344464,0,0.026891189,Low (<25%),2.7,0
344483,0,0.0019784519,Low (<25%),0.2,0
344570,0,0.029030574,Low (<25%),2.9,0
344580,0,0.04753588,Low (<25%),4.8,0
344627,0,0.015097595,Low (<25%),1.5,0
344671,0,0.1243409,Low (<25%),12.4,0
344797,0,0.0417111,Low (<25%),4.2,0
344990,0,0.0028266003,Low (<25%),0.3,0
344998,0,0.06333709,Low (<25%),6.3,0
345099,0,0.00423525,Low (<25%),0.4,0
345238,0,0.09883704,Low (<25%),9.9,0
345244,0,0.017357673,Low (<25%),1.7,0
345518,0,0.015882501,Low (<25%),1.6,0
345572,0,0.0022941881,Low (<25%),0.2,0
345597,0,0.0011222118,Low (<25%),0.1,0
345608,0,0.0010339268,Low (<25%),0.1,0
345615,0,0.017177634,Low (<25%),1.7,0
345657,0,0.0034208454,Low (<25%),0.3,0
345682,0,0.009455354,Low (<25%),0.9,0
345765,0,0.0112610925,Low (<25%),1.1,0
345802,0,0.091235384,Low (<25%),9.1,0
345840,0,0.01892646,Low (<25%),1.9,0
345841,0,0.0221964,Low (<25%),2.2,0
345908,0,0.02129308,Low (<25%),2.1,0
345931,0,0.071256734,Low (<25%),7.1,0
345978,0,0.0057891677,Low (<25%),0.6,0
346090,0,0.015270534,Low (<25%),1.5,0
346103,0,0.01597532,Low (<25%),1.6,0
346163,0,0.12707008,Low (<25%),12.7,0
346205,0,0.0006224417,Low (<25%),0.1,0
346225,0,0.012532492,Low (<25%),1.3,0
346274,0,0.0028162622,Low (<25%),0.3,0
346295,0,0.0036149947,Low (<25%),0.4,0
346346,0,0.017456645,Low (<25%),1.7,0
346384,0,0.021946684,Low (<25%),2.2,0
346390,0,0.010181938,Low (<25%),1.0,0
346456,0,0.0050157905,Low (<25%),0.5,0
346529,0,0.08551517,Low (<25%),8.6,0
346560,1,0.9911646,Critical (>75%),99.1,1
346598,0,0.23838055,Low (<25%),23.8,0
346633,0,0.0061483225,Low (<25%),0.6,0
346678,0,0.013641647,Low (<25%),1.4,0
346704,0,0.0034613241,Low (<25%),0.3,0
346809,0,0.014054697,Low (<25%),1.4,0
346828,0,0.0042551933,Low (<25%),0.4,0
346925,0,0.0020231062,Low (<25%),0.2,0
347001,0,0.027373327,Low (<25%),2.7,0
347013,0,0.0028474608,Low (<25%),0.3,0
347142,0,0.7538044,Critical (>75%),75.4,0
347227,0,0.0017711745,Low (<25%),0.2,0
347231,0,0.021016043,Low (<25%),2.1,0
347423,0,0.31191486,Medium (25-50%),31.2,0
347431,0,0.03406156,Low (<25%),3.4,0
347466,0,0.013070059,Low (<25%),1.3,0
347515,0,0.052531794,Low (<25%),5.3,0
347629,0,0.004450302,Low (<25%),0.4,0
347634,0,0.025654104,Low (<25%),2.6,0
347850,0,0.012504776,Low (<25%),1.3,0
347861,0,0.015991159,Low (<25%),1.6,0
347914,0,0.00077695906,Low (<25%),0.1,0
347932,0,0.030249719,Low (<25%),3.0,0
347955,0,0.0046094498,Low (<25%),0.5,0
347982,0,0.003262282,Low (<25%),0.3,0
348047,0,0.0015707742,Low (<25%),0.2,0
348056,0,0.10317388,Low (<25%),10.3,0
348065,0,0.0045908727,Low (<25%),0.5,0
348085,0,0.010933218,Low (<25%),1.1,0
348143,0,0.005514164,Low (<25%),0.6,0
348202,0,0.014659775,Low (<25%),1.5,0
348215,0,0.010831898,Low (<25%),1.1,0
348238,1,0.9175011,Critical (>75%),91.8,0
348245,0,0.0404901,Low (<25%),4.0,0
348400,0,0.060784373,Low (<25%),6.1,0
348448,0,0.0039954023,Low (<25%),0.4,0
348463,0,0.009213613,Low (<25%),0.9,0
348471,0,0.022255005,Low (<25%),2.2,0
348475,0,0.0008465738,Low (<25%),0.1,0
348600,0,0.07493222,Low (<25%),7.5,0
348672,0,0.23992871,Low (<25%),24.0,0
348681,0,0.0035687587,Low (<25%),0.4,0
348723,0,0.0057486817,Low (<25%),0.6,0
348732,0,0.35585728,Medium (25-50%),35.6,0
348740,0,0.021227261,Low (<25%),2.1,0
348751,0,0.057537623,Low (<25%),5.8,0
348774,0,0.011849446,Low (<25%),1.2,0
348835,0,0.004113245,Low (<25%),0.4,0
348920,0,0.005400677,Low (<25%),0.5,0
348994,0,0.018747136,Low (<25%),1.9,0
349001,0,0.030767785,Low (<25%),3.1,0
349046,0,0.004293725,Low (<25%),0.4,0
349115,0,0.011956654,Low (<25%),1.2,0
349132,0,0.0046684914,Low (<25%),0.5,0
349153,0,0.026027126,Low (<25%),2.6,0
349220,0,0.0060352245,Low (<25%),0.6,0
349278,0,0.11683843,Low (<25%),11.7,0
349342,0,0.005844982,Low (<25%),0.6,0
349470,0,0.009404164,Low (<25%),0.9,0
349490,0,0.0077158753,Low (<25%),0.8,0
349539,0,0.014666749,Low (<25%),1.5,0
349577,0,0.0014905964,Low (<25%),0.1,0
349638,0,0.008116685,Low (<25%),0.8,0
349670,0,0.0316643,Low (<25%),3.2,0
349730,0,0.00330665,Low (<25%),0.3,0
349767,0,0.08112375,Low (<25%),8.1,0
349838,0,0.011860014,Low (<25%),1.2,0
350001,0,0.0050984374,Low (<25%),0.5,0
350059,1,0.83224267,Critical (>75%),83.2,0
350238,0,0.033853892,Low (<25%),3.4,0
350271,0,0.059745856,Low (<25%),6.0,0
350587,0,0.0008772501,Low (<25%),0.1,0
350631,0,0.0119439,Low (<25%),1.2,0
350675,0,0.0038350183,Low (<25%),0.4,0
350692,0,0.2025965,Low (<25%),20.3,0
350863,0,0.004174936,Low (<25%),0.4,0
350901,0,0.022297222,Low (<25%),2.2,0
350979,0,0.008702445,Low (<25%),0.9,0
351029,0,0.01851693,Low (<25%),1.9,0
351138,0,0.10460204,Low (<25%),10.5,0
351145,0,0.031654045,Low (<25%),3.2,0
351238,0,0.02337856,Low (<25%),2.3,0
351296,0,0.012051832,Low (<25%),1.2,0
351367,0,0.027031187,Low (<25%),2.7,0
351389,0,0.0070296996,Low (<25%),0.7,0
351461,0,0.0019595304,Low (<25%),0.2,0
351500,0,0.22893257,Low (<25%),22.9,0
351551,0,0.0023113615,Low (<25%),0.2,0
351615,0,0.0047743204,Low (<25%),0.5,0
351753,0,0.014926178,Low (<25%),1.5,0
351889,0,0.048159633,Low (<25%),4.8,0
351897,0,0.0051861396,Low (<25%),0.5,0
351937,0,0.058732092,Low (<25%),5.9,0
351966,0,0.0007224414,Low (<25%),0.1,0
352005,0,0.0055911234,Low (<25%),0.6,0
352026,1,0.9992095,Critical (>75%),99.9,1
352053,0,0.0030623556,Low (<25%),0.3,0
352068,0,0.029203845,Low (<25%),2.9,0
352078,0,0.002520773,Low (<25%),0.3,0
352092,0,0.0026027681,Low (<25%),0.3,0
352101,0,0.014027323,Low (<25%),1.4,0
352170,0,0.13846676,Low (<25%),13.8,0
352242,0,0.0050035994,Low (<25%),0.5,0
352280,0,0.08618983,Low (<25%),8.6,0
352306,0,0.036186654,Low (<25%),3.6,0
352337,0,0.0023146272,Low (<25%),0.2,0
352377,0,0.0010987107,Low (<25%),0.1,0
352424,0,0.001641851,Low (<25%),0.2,0
352490,0,0.0024145332,Low (<25%),0.2,0
352501,0,0.011164583,Low (<25%),1.1,0
352581,1,0.9984863,Critical (>75%),99.8,1
352582,0,0.0038179946,Low (<25%),0.4,0
352617,0,0.005589758,Low (<25%),0.6,0
352653,0,0.018690564,Low (<25%),1.9,0
352702,0,0.010859572,Low (<25%),1.1,0
352747,0,0.166177,Low (<25%),16.6,0
352809,0,0.04825937,Low (<25%),4.8,0
352834,0,0.18754283,Low (<25%),18.8,0
352916,0,0.026033685,Low (<25%),2.6,0
353032,0,0.016814932,Low (<25%),1.7,0
353096,0,0.027305895,Low (<25%),2.7,0
353128,0,0.004309866,Low (<25%),0.4,0
353396,0,0.011642861,Low (<25%),1.2,0
353455,0,0.0066038426,Low (<25%),0.7,0
353486,0,0.011887769,Low (<25%),1.2,0
353648,1,0.9953713,Critical (>75%),99.5,1
353786,0,0.11939284,Low (<25%),11.9,0
354002,0,0.0022884673,Low (<25%),0.2,0
354084,0,0.00606139,Low (<25%),0.6,0
354150,0,0.05036758,Low (<25%),5.0,0
354295,0,0.009649839,Low (<25%),1.0,0
354442,0,0.101898834,Low (<25%),10.2,0
354461,0,0.007634977,Low (<25%),0.8,0
354464,0,0.025973583,Low (<25%),2.6,0
354477,0,0.015666906,Low (<25%),1.6,0
354483,0,0.0014482442,Low (<25%),0.1,0
354547,0,0.0035127685,Low (<25%),0.4,0
354730,1,0.98523396,Critical (>75%),98.5,1
355039,0,0.42978626,Medium (25-50%),43.0,0
355102,0,0.0055441647,Low (<25%),0.6,0
355126,0,0.030220263,Low (<25%),3.0,0
355184,0,0.09226574,Low (<25%),9.2,0
355298,1,0.96832764,Critical (>75%),96.8,1
355331,0,0.0075142467,Low (<25%),0.8,0
355491,0,0.011603912,Low (<25%),1.2,0
355515,0,0.0035308984,Low (<25%),0.4,0
355578,0,0.17460933,Low (<25%),17.5,0
355669,0,0.029064251,Low (<25%),2.9,0
355707,0,0.07864661,Low (<25%),7.9,0
355750,0,0.0067738495,Low (<25%),0.7,0
355775,0,0.0024760326,Low (<25%),0.2,0
355795,0,0.0050790296,Low (<25%),0.5,0
355906,0,0.011120104,Low (<25%),1.1,0
355908,0,0.03019728,Low (<25%),3.0,0
355994,0,0.0032515146,Low (<25%),0.3,0
355995,0,0.2490652,Low (<25%),24.9,0
356237,0,0.00045491505,Low (<25%),0.0,0
356240,0,0.1783911,Low (<25%),17.8,0
356460,0,0.0011765738,Low (<25%),0.1,0
356507,0,0.019104945,Low (<25%),1.9,0
356558,0,0.016331524,Low (<25%),1.6,0
356561,0,0.0045062234,Low (<25%),0.5,0
356578,0,0.043690365,Low (<25%),4.4,0
356613,0,0.0050908937,Low (<25%),0.5,0
356618,0,0.019854942,Low (<25%),2.0,0
356708,0,0.012825536,Low (<25%),1.3,0
356712,0,0.016421622,Low (<25%),1.6,0
356812,0,0.0011044656,Low (<25%),0.1,0
356828,0,0.0006707502,Low (<25%),0.1,0
356955,0,0.0039845705,Low (<25%),0.4,0
356980,0,0.022511283,Low (<25%),2.3,0
357059,0,0.00030617946,Low (<25%),0.0,0
357138,0,0.0026442385,Low (<25%),0.3,0
357149,0,0.108397886,Low (<25%),10.8,0
357161,0,0.011522885,Low (<25%),1.2,0
357173,0,0.17649378,Low (<25%),17.6,0
357199,0,0.10248308,Low (<25%),10.2,0
357298,0,0.0052463836,Low (<25%),0.5,0
357375,0,0.016266927,Low (<25%),1.6,0
357381,0,0.0044935374,Low (<25%),0.4,0
357466,0,0.009630537,Low (<25%),1.0,0
357567,1,0.95320976,Critical (>75%),95.3,1
357574,0,0.021336762,Low (<25%),2.1,0
357589,0,0.05662403,Low (<25%),5.7,0
357901,0,0.0019713908,Low (<25%),0.2,0
357971,0,0.008964812,Low (<25%),0.9,0
357988,0,0.0038614352,Low (<25%),0.4,0
358012,0,0.0069504534,Low (<25%),0.7,0
358020,0,0.20162871,Low (<25%),20.2,0
358054,1,0.99961555,Critical (>75%),100.0,1
358151,0,0.09706906,Low (<25%),9.7,0
358201,0,0.013800718,Low (<25%),1.4,0
358384,0,0.023098376,Low (<25%),2.3,0
358513,0,0.0016084772,Low (<25%),0.2,0
358792,0,0.058068983,Low (<25%),5.8,0
358794,0,0.27843094,Medium (25-50%),27.8,0
358900,0,0.009063363,Low (<25%),0.9,0
358968,0,0.46948123,Medium (25-50%),46.9,0
358979,0,0.0019340981,Low (<25%),0.2,0
359011,0,0.005870151,Low (<25%),0.6,0
359029,0,0.143279,Low (<25%),14.3,0
359091,0,0.0757541,Low (<25%),7.6,0
359133,0,0.0014458679,Low (<25%),0.1,0
359188,1,0.99902797,Critical (>75%),99.9,1
359275,0,0.019400045,Low (<25%),1.9,0
359360,0,0.0012844213,Low (<25%),0.1,0
359446,0,0.0028997406,Low (<25%),0.3,0
359466,0,0.0017338663,Low (<25%),0.2,0
359575,0,0.0045883697,Low (<25%),0.5,0
359693,0,0.0064413548,Low (<25%),0.6,0
359816,0,0.0075295707,Low (<25%),0.8,0
360017,0,0.0013867881,Low (<25%),0.1,0
360031,0,0.00075707753,Low (<25%),0.1,0
360240,0,0.0021137684,Low (<25%),0.2,0
360256,0,0.11396853,Low (<25%),11.4,0
360435,0,0.026259972,Low (<25%),2.6,0
360446,0,0.041353907,Low (<25%),4.1,0
360472,0,0.0009107144,Low (<25%),0.1,0
360537,0,0.015718022,Low (<25%),1.6,0
360730,0,0.009262148,Low (<25%),0.9,0
360805,0,0.008230203,Low (<25%),0.8,0
360902,0,0.002041958,Low (<25%),0.2,0
360942,0,0.00029535024,Low (<25%),0.0,0
361109,0,0.0011817884,Low (<25%),0.1,0
361237,0,0.062094014,Low (<25%),6.2,0
361266,0,0.01579246,Low (<25%),1.6,0
361434,0,0.0024529195,Low (<25%),0.2,0
361439,0,0.06746734,Low (<25%),6.7,0
361707,0,0.0060705445,Low (<25%),0.6,0
361816,0,0.02501118,Low (<25%),2.5,0
361827,0,0.09468518,Low (<25%),9.5,0
361892,0,0.054469783,Low (<25%),5.4,0
361944,1,0.9900242,Critical (>75%),99.0,1
362055,0,0.08000654,Low (<25%),8.0,0
362165,0,0.011301307,Low (<25%),1.1,0
362167,0,0.0080542425,Low (<25%),0.8,0
362201,0,0.043781012,Low (<25%),4.4,0
362293,0,0.20666088,Low (<25%),20.7,0
362471,0,0.047938075,Low (<25%),4.8,0
362541,0,0.015147686,Low (<25%),1.5,0
362586,0,0.0033704576,Low (<25%),0.3,0
362642,0,0.019169664,Low (<25%),1.9,0
362680,0,0.005993536,Low (<25%),0.6,0
362736,0,0.010042579,Low (<25%),1.0,0
362742,0,0.06789345,Low (<25%),6.8,0
362841,0,0.078119636,Low (<25%),7.8,0
362855,0,0.008027532,Low (<25%),0.8,0
362925,0,0.000297246,Low (<25%),0.0,0
363199,0,0.05045009,Low (<25%),5.0,0
363314,0,0.0042492207,Low (<25%),0.4,0
363743,0,0.010922353,Low (<25%),1.1,0
363774,0,0.0036646137,Low (<25%),0.4,0
363864,0,0.030393155,Low (<25%),3.0,0
363925,0,0.04944871,Low (<25%),4.9,0
363967,0,0.00052876055,Low (<25%),0.1,0
364049,0,0.015613389,Low (<25%),1.6,0
364067,0,0.00494673,Low (<25%),0.5,0
364137,0,0.00077187526,Low (<25%),0.1,0
364153,0,0.022173049,Low (<25%),2.2,0
364264,0,0.029028276,Low (<25%),2.9,0
364356,0,0.00055444846,Low (<25%),0.1,0
364710,0,0.0014115154,Low (<25%),0.1,0
364895,0,0.004206636,Low (<25%),0.4,0
364908,0,0.017242923,Low (<25%),1.7,0
364931,0,0.01463899,Low (<25%),1.5,0
365138,0,0.020046866,Low (<25%),2.0,0
365166,0,0.10546837,Low (<25%),10.5,0
365346,0,0.028079772,Low (<25%),2.8,0
365404,0,0.05557409,Low (<25%),5.6,0
365413,0,0.25029263,Medium (25-50%),25.0,0
365421,0,0.07398322,Low (<25%),7.4,0
365451,0,0.0058876937,Low (<25%),0.6,0
365468,0,0.01886022,Low (<25%),1.9,0
365515,0,0.022346137,Low (<25%),2.2,0
365557,0,0.06937759,Low (<25%),6.9,0
365596,0,0.0048538395,Low (<25%),0.5,0
365619,0,0.007738328,Low (<25%),0.8,0
365635,0,0.07079852,Low (<25%),7.1,0
365642,0,0.15940832,Low (<25%),15.9,0
365761,0,0.009080694,Low (<25%),0.9,0
365816,0,0.010828235,Low (<25%),1.1,0
365863,0,0.02240986,Low (<25%),2.2,0
365887,0,0.010567612,Low (<25%),1.1,0
366049,0,0.0003931929,Low (<25%),0.0,0
366116,0,0.15862343,Low (<25%),15.9,0
366133,0,0.005968148,Low (<25%),0.6,0
366161,0,0.00039361257,Low (<25%),0.0,0
366263,0,0.017833497,Low (<25%),1.8,0
366467,0,0.010443101,Low (<25%),1.0,0
366487,0,0.01993768,Low (<25%),2.0,0
366500,0,0.0057729096,Low (<25%),0.6,0
366537,0,0.006306913,Low (<25%),0.6,0
366540,0,0.009187771,Low (<25%),0.9,0
366599,0,0.001300247,Low (<25%),0.1,0
366654,0,0.0007018336,Low (<25%),0.1,0
366719,0,0.21389525,Low (<25%),21.4,0
366744,0,0.009816813,Low (<25%),1.0,0
366894,0,0.04966424,Low (<25%),5.0,0
366911,0,0.0012457963,Low (<25%),0.1,0
366932,0,0.24727306,Low (<25%),24.7,0
366977,0,0.0075646513,Low (<25%),0.8,0
367338,0,0.0059788474,Low (<25%),0.6,0
367492,0,0.013914981,Low (<25%),1.4,0
367511,0,0.0032458755,Low (<25%),0.3,0
367547,0,0.026639465,Low (<25%),2.7,0
367562,0,0.018686878,Low (<25%),1.9,0
367680,0,0.009907329,Low (<25%),1.0,0
367697,0,0.029734042,Low (<25%),3.0,0
367751,0,0.20584646,Low (<25%),20.6,0
367774,0,0.002892473,Low (<25%),0.3,0
367782,0,0.0003949066,Low (<25%),0.0,0
367961,0,0.04531926,Low (<25%),4.5,0
368027,0,0.0082730185,Low (<25%),0.8,0
368045,0,0.0118390275,Low (<25%),1.2,0
368062,1,0.99927944,Critical (>75%),99.9,1
368073,0,0.00032571363,Low (<25%),0.0,0
368118,0,0.12246902,Low (<25%),12.2,0
368330,0,0.027761528,Low (<25%),2.8,0
368391,0,0.0013557521,Low (<25%),0.1,0
368523,0,0.016138071,Low (<25%),1.6,0
368549,0,0.036455505,Low (<25%),3.6,0
368566,0,0.003398075,Low (<25%),0.3,0
368591,0,0.007086782,Low (<25%),0.7,0
368772,0,0.034616895,Low (<25%),3.5,0
368981,0,0.0014727076,Low (<25%),0.1,0
369000,0,0.0332336,Low (<25%),3.3,0
369035,0,0.29621273,Medium (25-50%),29.6,0
369084,0,0.0013855868,Low (<25%),0.1,0
369091,0,0.020157447,Low (<25%),2.0,0
369121,0,0.0021216434,Low (<25%),0.2,0
369141,0,0.025298528,Low (<25%),2.5,0
369229,0,0.020312479,Low (<25%),2.0,0
369242,0,0.016797693,Low (<25%),1.7,0
369361,0,0.11224403,Low (<25%),11.2,0
369392,0,0.0035327391,Low (<25%),0.4,0
369416,0,0.005349562,Low (<25%),0.5,0
369458,0,0.0644983,Low (<25%),6.4,0
369569,0,0.002472374,Low (<25%),0.2,0
369603,0,0.009584543,Low (<25%),1.0,0
369646,0,0.01981005,Low (<25%),2.0,0
369658,0,0.0011589566,Low (<25%),0.1,0
369682,0,0.5120915,High (50-75%),51.2,0
369715,0,0.012121803,Low (<25%),1.2,0
369739,0,0.039645948,Low (<25%),4.0,0
369795,0,0.079660304,Low (<25%),8.0,0
369841,0,0.009950022,Low (<25%),1.0,0
369853,0,0.03251251,Low (<25%),3.3,0
369943,0,0.010537266,Low (<25%),1.1,0
370014,0,0.0063879336,Low (<25%),0.6,0
370066,0,0.008962262,Low (<25%),0.9,0
370090,0,0.017650126,Low (<25%),1.8,0
370093,0,0.026893212,Low (<25%),2.7,0
370300,0,0.019622395,Low (<25%),2.0,0
370443,0,0.029545838,Low (<25%),3.0,0
370450,0,0.003306449,Low (<25%),0.3,0
370486,0,0.020853242,Low (<25%),2.1,0
370517,0,0.01741393,Low (<25%),1.7,0
370539,0,0.0065687224,Low (<25%),0.7,0
370660,0,0.0044835955,Low (<25%),0.4,0
370744,0,0.013080114,Low (<25%),1.3,0
370842,0,0.0055981553,Low (<25%),0.6,0
370877,0,0.00645713,Low (<25%),0.6,0
370990,0,0.038893994,Low (<25%),3.9,0
371065,0,0.008195018,Low (<25%),0.8,0
371079,0,0.009106698,Low (<25%),0.9,0
371152,0,0.0009689605,Low (<25%),0.1,0
371159,0,0.02295357,Low (<25%),2.3,0
371164,0,0.0026479608,Low (<25%),0.3,0
371191,0,0.0035102773,Low (<25%),0.4,0
371368,0,0.15209863,Low (<25%),15.2,0
371402,0,0.0030960478,Low (<25%),0.3,0
371422,0,0.016059794,Low (<25%),1.6,0
371511,0,0.015334928,Low (<25%),1.5,0
371532,0,0.049221464,Low (<25%),4.9,0
371580,0,0.0015637982,Low (<25%),0.2,0
371606,0,0.012071651,Low (<25%),1.2,0
371672,0,0.0019002138,Low (<25%),0.2,0
371675,0,0.03539154,Low (<25%),3.5,0
371737,0,0.00065414654,Low (<25%),0.1,0
371739,0,0.01719159,Low (<25%),1.7,0
371875,0,0.005525999,Low (<25%),0.6,0
371969,0,0.0067793825,Low (<25%),0.7,0
372069,0,0.18343593,Low (<25%),18.3,0
372111,0,0.011123203,Low (<25%),1.1,0
372183,0,0.030155102,Low (<25%),3.0,0
372237,0,0.022617675,Low (<25%),2.3,0
372261,0,0.028079381,Low (<25%),2.8,0
372290,0,0.026113797,Low (<25%),2.6,0
372353,0,0.012137847,Low (<25%),1.2,0
372522,1,0.958717,Critical (>75%),95.9,1
372622,0,0.0066525885,Low (<25%),0.7,0
372647,0,0.009168206,Low (<25%),0.9,0
372652,0,0.023534171,Low (<25%),2.4,0
372737,0,0.002463108,Low (<25%),0.2,0
372824,0,0.0066303946,Low (<25%),0.7,0
372865,1,0.97390366,Critical (>75%),97.4,1
373044,0,0.12664822,Low (<25%),12.7,0
373144,0,0.33808202,Medium (25-50%),33.8,0
373242,0,0.37865925,Medium (25-50%),37.9,0
373374,0,0.0143004805,Low (<25%),1.4,0
373501,0,0.012688446,Low (<25%),1.3,0
373737,1,0.98703545,Critical (>75%),98.7,1
373771,0,0.0024738773,Low (<25%),0.2,0
373886,0,0.008204357,Low (<25%),0.8,0
373898,0,0.002529194,Low (<25%),0.3,0
373950,0,0.044270203,Low (<25%),4.4,0
374107,0,0.0048919516,Low (<25%),0.5,0
374117,0,0.0041734003,Low (<25%),0.4,0
374266,0,0.00803486,Low (<25%),0.8,0
374275,0,0.0045728222,Low (<25%),0.5,0
374344,0,0.4025888,Medium (25-50%),40.3,0
374345,0,0.021872267,Low (<25%),2.2,0
374401,0,0.00835871,Low (<25%),0.8,0
374440,0,0.012819175,Low (<25%),1.3,0
374585,0,0.0039773122,Low (<25%),0.4,0
374639,0,0.0018555492,Low (<25%),0.2,0
374679,0,0.008799286,Low (<25%),0.9,0
374721,0,0.6288261,High (50-75%),62.9,0
374736,0,0.056552514,Low (<25%),5.7,0
374850,0,0.019478586,Low (<25%),1.9,0
374881,0,0.006566221,Low (<25%),0.7,0
374931,0,0.022498412,Low (<25%),2.2,0
374941,0,0.47806323,Medium (25-50%),47.8,0
374967,0,0.00030994345,Low (<25%),0.0,0
374984,0,0.026416976,Low (<25%),2.6,0
375056,0,0.0666221,Low (<25%),6.7,0
375105,0,0.004551006,Low (<25%),0.5,0
375265,0,0.004489156,Low (<25%),0.4,0
375297,0,0.016253594,Low (<25%),1.6,0
375430,0,0.01638066,Low (<25%),1.6,0
375451,0,0.002238048,Low (<25%),0.2,0
375511,0,0.010608814,Low (<25%),1.1,0
375540,0,0.0044435486,Low (<25%),0.4,0
375597,0,0.08729057,Low (<25%),8.7,0
375683,0,0.0015048542,Low (<25%),0.2,0
375694,0,0.027054394,Low (<25%),2.7,0
375722,0,0.012781491,Low (<25%),1.3,0
375757,0,0.006663096,Low (<25%),0.7,0
375768,0,0.011182422,Low (<25%),1.1,0
375792,0,0.12681998,Low (<25%),12.7,0
375814,0,0.006675173,Low (<25%),0.7,0
375890,0,0.0129613485,Low (<25%),1.3,0
375909,0,0.0005012412,Low (<25%),0.1,0
375987,0,0.03627227,Low (<25%),3.6,0
376072,0,0.16657157,Low (<25%),16.7,0
376144,0,0.29269913,Medium (25-50%),29.3,0
376299,0,0.005666667,Low (<25%),0.6,0
376424,0,0.17089352,Low (<25%),17.1,0
376484,0,0.026814613,Low (<25%),2.7,0
376572,0,0.14297058,Low (<25%),14.3,0
376618,0,0.0064260713,Low (<25%),0.6,0
376630,1,0.999089,Critical (>75%),99.9,1
376725,0,0.008427059,Low (<25%),0.8,0
376862,0,0.024226602,Low (<25%),2.4,0
376863,0,0.009460429,Low (<25%),0.9,0
376929,1,0.8713913,Critical (>75%),87.1,0
376969,0,0.0027711382,Low (<25%),0.3,0
377029,0,0.07958317,Low (<25%),8.0,0
377050,0,0.043145698,Low (<25%),4.3,0
377114,0,0.024029102,Low (<25%),2.4,0
377173,0,0.0057236594,Low (<25%),0.6,0
377247,0,0.002152024,Low (<25%),0.2,0
377288,0,0.015005788,Low (<25%),1.5,0
377289,0,0.004313299,Low (<25%),0.4,0
377302,1,0.9985837,Critical (>75%),99.9,1
377322,0,0.18276922,Low (<25%),18.3,0
377375,0,0.21788518,Low (<25%),21.8,0
377444,1,0.9990085,Critical (>75%),99.9,1
377464,0,0.013998591,Low (<25%),1.4,0
377471,0,0.00017234382,Low (<25%),0.0,0
377489,1,0.88139814,Critical (>75%),88.1,0
377674,0,0.009833134,Low (<25%),1.0,0
377724,0,0.037110407,Low (<25%),3.7,0
377742,0,0.006135059,Low (<25%),0.6,0
377968,0,0.012322344,Low (<25%),1.2,0
378014,0,0.01420655,Low (<25%),1.4,0
378153,0,0.0005897971,Low (<25%),0.1,0
378181,0,0.0036690875,Low (<25%),0.4,0
378267,0,0.0019814756,Low (<25%),0.2,0
378454,0,0.0048284177,Low (<25%),0.5,0
378793,0,0.0172036,Low (<25%),1.7,0
378827,0,0.003795846,Low (<25%),0.4,0
378857,0,0.010128915,Low (<25%),1.0,0
378920,0,0.0056299847,Low (<25%),0.6,0
378968,0,0.010896652,Low (<25%),1.1,0
379110,0,0.0025522728,Low (<25%),0.3,0
379117,1,0.99848515,Critical (>75%),99.8,1
379120,0,0.7272599,High (50-75%),72.7,0
379238,0,0.06245457,Low (<25%),6.2,0
379281,0,0.08432033,Low (<25%),8.4,0
379351,0,0.0030850996,Low (<25%),0.3,0
379384,0,0.018800745,Low (<25%),1.9,0
379414,0,0.007924783,Low (<25%),0.8,0
379446,0,0.012315812,Low (<25%),1.2,0
379506,0,0.0036154343,Low (<25%),0.4,0
379562,0,0.005617343,Low (<25%),0.6,0
379572,0,0.036229476,Low (<25%),3.6,0
379629,0,0.046714082,Low (<25%),4.7,0
379716,0,0.0066474574,Low (<25%),0.7,0
379752,0,0.015787005,Low (<25%),1.6,0
379836,0,0.0022538472,Low (<25%),0.2,0
379962,0,0.030407697,Low (<25%),3.0,0
380001,0,0.011137215,Low (<25%),1.1,0
380031,0,0.008537753,Low (<25%),0.9,0
380059,0,0.019412752,Low (<25%),1.9,0
380099,0,0.025307924,Low (<25%),2.5,0
380110,0,0.008025584,Low (<25%),0.8,0
380183,0,0.021699894,Low (<25%),2.2,0
380247,0,0.000805588,Low (<25%),0.1,0
380255,0,0.01542976,Low (<25%),1.5,0
380262,0,0.01811557,Low (<25%),1.8,0
380294,0,0.0025950402,Low (<25%),0.3,0
380526,0,0.01106491,Low (<25%),1.1,0
380627,0,0.0021736016,Low (<25%),0.2,0
380788,1,0.98905736,Critical (>75%),98.9,1
380795,0,0.0065912013,Low (<25%),0.7,0
380843,0,0.04713197,Low (<25%),4.7,0
380928,0,0.009312836,Low (<25%),0.9,0
381189,0,0.00933564,Low (<25%),0.9,0
381234,0,0.09597666,Low (<25%),9.6,0
381307,0,0.02092082,Low (<25%),2.1,0
381316,0,0.00308411,Low (<25%),0.3,0
381395,0,0.00077545864,Low (<25%),0.1,0
381459,0,0.0013899383,Low (<25%),0.1,0
381472,0,0.0511401,Low (<25%),5.1,0
381496,0,0.002733091,Low (<25%),0.3,0
381651,0,0.038538832,Low (<25%),3.9,0
381748,0,0.021035869,Low (<25%),2.1,0
381901,0,0.0073602777,Low (<25%),0.7,0
382149,0,0.0066230996,Low (<25%),0.7,0
382197,1,0.9289098,Critical (>75%),92.9,0
382243,0,0.005856289,Low (<25%),0.6,0
382252,0,0.0033960973,Low (<25%),0.3,0
382271,0,0.10131765,Low (<25%),10.1,0
382464,0,0.004161669,Low (<25%),0.4,0
382671,0,0.01010273,Low (<25%),1.0,0
382738,0,0.016917642,Low (<25%),1.7,0
382739,0,0.0054754536,Low (<25%),0.5,0
382748,0,0.058698684,Low (<25%),5.9,0
382889,0,0.0058219437,Low (<25%),0.6,0
382953,0,0.023213807,Low (<25%),2.3,0
382980,0,0.00140615,Low (<25%),0.1,0
383108,0,0.0123053985,Low (<25%),1.2,0
383147,0,0.3781319,Medium (25-50%),37.8,0
383190,0,0.023184685,Low (<25%),2.3,0
383202,0,0.01072894,Low (<25%),1.1,0
383367,0,0.004550436,Low (<25%),0.5,0
383399,1,0.90573,Critical (>75%),90.6,0
383421,0,0.004868769,Low (<25%),0.5,0
383627,0,0.004241746,Low (<25%),0.4,0
383656,0,0.03848476,Low (<25%),3.8,0
383701,0,0.11905465,Low (<25%),11.9,0
383787,0,0.10752549,Low (<25%),10.8,0
383808,0,0.0593488,Low (<25%),5.9,0
383826,0,0.16155872,Low (<25%),16.2,0
383842,0,0.18005471,Low (<25%),18.0,0
383891,0,0.0087445285,Low (<25%),0.9,0
383898,0,0.0039366637,Low (<25%),0.4,0
383912,0,0.005751315,Low (<25%),0.6,0
383954,1,0.8245138,Critical (>75%),82.5,0
383962,0,0.042631436,Low (<25%),4.3,0
383969,0,0.4459591,Medium (25-50%),44.6,0
384010,0,0.0013330951,Low (<25%),0.1,0
384090,0,0.024349378,Low (<25%),2.4,0
384146,0,0.002736104,Low (<25%),0.3,0
384269,0,0.114834264,Low (<25%),11.5,0
384286,0,0.034109075,Low (<25%),3.4,0
384328,0,0.007272744,Low (<25%),0.7,0
384336,0,0.1408321,Low (<25%),14.1,0
384412,0,0.00022331072,Low (<25%),0.0,0
384543,0,0.09481991,Low (<25%),9.5,0
384599,0,0.012506248,Low (<25%),1.3,0
384686,0,0.011242669,Low (<25%),1.1,0
384744,0,0.011685397,Low (<25%),1.2,0
384750,0,0.04715166,Low (<25%),4.7,0
384825,0,0.020389378,Low (<25%),2.0,0
384920,0,0.037573487,Low (<25%),3.8,0
384928,0,0.010176736,Low (<25%),1.0,0
384986,0,0.015324043,Low (<25%),1.5,0
385092,0,0.00023550807,Low (<25%),0.0,0
385131,0,0.006009796,Low (<25%),0.6,0
385190,0,0.0025218872,Low (<25%),0.3,0
385235,0,0.004413955,Low (<25%),0.4,0
385358,0,0.0037958836,Low (<25%),0.4,0
385593,0,0.01076037,Low (<25%),1.1,0
385638,1,0.9984036,Critical (>75%),99.8,1
385718,0,0.010388471,Low (<25%),1.0,0
385864,0,0.00754246,Low (<25%),0.8,0
385912,0,0.6427889,High (50-75%),64.3,0
386037,0,0.0033923744,Low (<25%),0.3,0
386342,0,0.033085506,Low (<25%),3.3,0
386363,0,0.048928767,Low (<25%),4.9,0
386607,0,0.005690238,Low (<25%),0.6,0
386649,0,0.13159722,Low (<25%),13.2,0
386790,0,0.1889843,Low (<25%),18.9,0
386825,0,0.05127778,Low (<25%),5.1,0
386926,0,0.005840304,Low (<25%),0.6,0
386979,0,0.13470583,Low (<25%),13.5,0
386986,0,0.0027240822,Low (<25%),0.3,0
387121,0,0.11881563,Low (<25%),11.9,0
387129,0,0.01331643,Low (<25%),1.3,0
387214,0,0.001907543,Low (<25%),0.2,0
387307,0,0.011842034,Low (<25%),1.2,0
387455,0,0.011560863,Low (<25%),1.2,0
387506,0,0.02235305,Low (<25%),2.2,0
387523,0,0.006175585,Low (<25%),0.6,0
387553,0,0.0042213006,Low (<25%),0.4,0
387568,0,0.031270124,Low (<25%),3.1,0
387570,0,0.043661024,Low (<25%),4.4,0
387584,0,0.011338492,Low (<25%),1.1,0
387648,0,0.024758447,Low (<25%),2.5,0
387650,0,0.0099789575,Low (<25%),1.0,0
387695,0,0.017338376,Low (<25%),1.7,0
387705,0,0.0016305542,Low (<25%),0.2,0
387721,0,0.005523007,Low (<25%),0.6,0
387880,0,0.050930653,Low (<25%),5.1,0
387971,0,0.0042306455,Low (<25%),0.4,0
388046,0,0.16838454,Low (<25%),16.8,0
388140,0,0.01718307,Low (<25%),1.7,0
388156,0,0.0017494896,Low (<25%),0.2,0
388292,0,0.022976363,Low (<25%),2.3,0
388448,0,0.05456233,Low (<25%),5.5,0
388478,0,0.031163953,Low (<25%),3.1,0
388624,0,0.005903369,Low (<25%),0.6,0
388639,0,0.030776467,Low (<25%),3.1,0
388777,0,0.0045226896,Low (<25%),0.5,0
388985,0,0.0035779472,Low (<25%),0.4,0
389146,0,0.007056702,Low (<25%),0.7,0
389225,0,0.0095888255,Low (<25%),1.0,0
389387,0,0.12389343,Low (<25%),12.4,0
389429,0,0.006384563,Low (<25%),0.6,0
389488,0,0.024528952,Low (<25%),2.5,0
389551,0,0.16076325,Low (<25%),16.1,0
389565,0,0.015712725,Low (<25%),1.6,0
389583,0,0.008476598,Low (<25%),0.8,0
389706,0,0.006690797,Low (<25%),0.7,0
389741,0,0.14369085,Low (<25%),14.4,0
389804,0,0.006141904,Low (<25%),0.6,0
389812,0,0.024636142,Low (<25%),2.5,0
389928,0,0.004430405,Low (<25%),0.4,0
389995,0,0.7119835,High (50-75%),71.2,0
389996,1,0.9971777,Critical (>75%),99.7,1
390022,0,0.022505276,Low (<25%),2.3,0
390117,0,0.04786689,Low (<25%),4.8,0
390190,0,0.002217298,Low (<25%),0.2,0
390203,0,0.018773293,Low (<25%),1.9,0
390209,0,0.007573316,Low (<25%),0.8,0
390343,0,0.009959854,Low (<25%),1.0,0
390350,0,0.0023133557,Low (<25%),0.2,0
390434,0,0.012727244,Low (<25%),1.3,0
390435,0,0.031884275,Low (<25%),3.2,0
390546,0,0.04725463,Low (<25%),4.7,0
390880,0,0.01216193,Low (<25%),1.2,0
390911,0,0.0043593473,Low (<25%),0.4,0
390924,1,0.9992342,Critical (>75%),99.9,1
390974,0,0.01786712,Low (<25%),1.8,0
390980,1,0.9391143,Critical (>75%),93.9,1
391034,0,0.06059963,Low (<25%),6.1,0
391106,0,0.0058972547,Low (<25%),0.6,0
391313,0,0.005656362,Low (<25%),0.6,0
391357,1,0.96061754,Critical (>75%),96.1,1
391397,0,0.018636836,Low (<25%),1.9,0
391402,0,0.19928855,Low (<25%),19.9,0
391509,0,0.15084898,Low (<25%),15.1,0
391542,0,0.020735152,Low (<25%),2.1,0
391564,0,0.031974114,Low (<25%),3.2,0
391611,0,0.0019912452,Low (<25%),0.2,0
391673,0,0.010644162,Low (<25%),1.1,0
391761,0,0.016442947,Low (<25%),1.6,0
391861,0,0.017771058,Low (<25%),1.8,0
391900,0,0.24287385,Low (<25%),24.3,0
391927,0,0.014628958,Low (<25%),1.5,0
391939,0,0.024263421,Low (<25%),2.4,0
392098,0,0.015412906,Low (<25%),1.5,0
392206,0,0.004069486,Low (<25%),0.4,0
392235,0,0.09355702,Low (<25%),9.4,0
392335,0,0.025525266,Low (<25%),2.6,0
392402,0,0.018640991,Low (<25%),1.9,0
392430,0,0.011502109,Low (<25%),1.2,0
392575,0,0.0027699473,Low (<25%),0.3,0
392582,0,0.021281779,Low (<25%),2.1,0
392619,0,0.00921923,Low (<25%),0.9,0
392682,1,0.9453422,Critical (>75%),94.5,1
392774,0,0.047918085,Low (<25%),4.8,0
392785,0,0.024995359,Low (<25%),2.5,0
392802,0,0.00030103882,Low (<25%),0.0,0
392953,0,0.028082173,Low (<25%),2.8,0
393206,0,0.06246491,Low (<25%),6.2,0
393309,0,0.016019087,Low (<25%),1.6,0
393380,0,0.0015598254,Low (<25%),0.2,0
393403,0,0.022321751,Low (<25%),2.2,0
393565,0,0.027610632,Low (<25%),2.8,0
393604,0,0.12556495,Low (<25%),12.6,0
393806,0,0.009203741,Low (<25%),0.9,0
393853,0,0.015353442,Low (<25%),1.5,0
393888,0,0.03623557,Low (<25%),3.6,0
394078,0,0.20095995,Low (<25%),20.1,0
394167,0,0.0052029523,Low (<25%),0.5,0
394213,1,0.98854315,Critical (>75%),98.9,1
394248,0,0.008698,Low (<25%),0.9,0
394321,0,0.008598516,Low (<25%),0.9,0
394454,0,0.04630642,Low (<25%),4.6,0
394715,0,0.0057659927,Low (<25%),0.6,0
394806,0,0.0047447877,Low (<25%),0.5,0
394812,0,0.02841295,Low (<25%),2.8,0
394927,0,0.12837397,Low (<25%),12.8,0
394941,0,0.03580236,Low (<25%),3.6,0
394979,0,0.032261085,Low (<25%),3.2,0
395026,0,0.002356013,Low (<25%),0.2,0
395121,0,0.22259305,Low (<25%),22.3,0
395168,0,0.13169229,Low (<25%),13.2,0
395324,0,0.003677831,Low (<25%),0.4,0
395384,0,0.30598405,Medium (25-50%),30.6,0
395460,0,0.2521594,Medium (25-50%),25.2,0
395511,0,0.014246514,Low (<25%),1.4,0
395525,0,0.0068963654,Low (<25%),0.7,0
395622,0,0.012682653,Low (<25%),1.3,0
395639,0,0.0015024415,Low (<25%),0.2,0
395871,0,0.008888797,Low (<25%),0.9,0
395887,0,0.0022144134,Low (<25%),0.2,0
395912,0,0.034056682,Low (<25%),3.4,0
396018,0,0.02670774,Low (<25%),2.7,0
396155,0,0.011152156,Low (<25%),1.1,0
396267,0,0.018744115,Low (<25%),1.9,0
396446,0,0.019291637,Low (<25%),1.9,0
396471,0,0.015555488,Low (<25%),1.6,0
396726,0,0.003596838,Low (<25%),0.4,0
396863,0,0.19507685,Low (<25%),19.5,0
396920,0,0.003922973,Low (<25%),0.4,0
396984,0,0.014530478,Low (<25%),1.5,0
396996,0,0.006565014,Low (<25%),0.7,0
396997,0,0.033882983,Low (<25%),3.4,0
396998,0,0.035782684,Low (<25%),3.6,0
397053,0,0.00230243,Low (<25%),0.2,0
397065,0,0.3049124,Medium (25-50%),30.5,0
397104,0,0.010358992,Low (<25%),1.0,0
397141,0,0.010348843,Low (<25%),1.0,0
397242,1,0.9977806,Critical (>75%),99.8,1
397248,0,0.01472292,Low (<25%),1.5,0
397377,0,0.011029735,Low (<25%),1.1,0
397480,0,0.0012773174,Low (<25%),0.1,0
397518,0,0.20757309,Low (<25%),20.8,0
397533,0,0.006404167,Low (<25%),0.6,0
397706,0,0.048421543,Low (<25%),4.8,0
397787,0,0.08080918,Low (<25%),8.1,0
397817,0,0.004991109,Low (<25%),0.5,0
397820,0,0.016431175,Low (<25%),1.6,0
397934,0,0.36148587,Medium (25-50%),36.1,0
397947,0,0.1310787,Low (<25%),13.1,0
398086,0,0.048936445,Low (<25%),4.9,0
398305,0,0.011326546,Low (<25%),1.1,0
398351,0,0.001075025,Low (<25%),0.1,0
398506,0,0.02833267,Low (<25%),2.8,0
398586,0,0.007825572,Low (<25%),0.8,0
398603,0,0.0137200225,Low (<25%),1.4,0
398611,0,0.09981435,Low (<25%),10.0,0
398655,0,0.010434495,Low (<25%),1.0,0
398819,0,0.011523706,Low (<25%),1.2,0
398839,0,0.0012475526,Low (<25%),0.1,0
398846,0,0.03535316,Low (<25%),3.5,0
398924,0,0.0016486053,Low (<25%),0.2,0
398965,0,0.0033152574,Low (<25%),0.3,0
399065,0,0.0965932,Low (<25%),9.7,0
399214,0,0.012323383,Low (<25%),1.2,0
399251,0,0.005017166,Low (<25%),0.5,0
399372,0,0.0042525795,Low (<25%),0.4,0
399379,0,0.007272896,Low (<25%),0.7,0
399397,0,0.009398946,Low (<25%),0.9,0
399417,0,0.01081749,Low (<25%),1.1,0
399418,0,0.022544252,Low (<25%),2.3,0
399514,1,0.9862933,Critical (>75%),98.6,1
399555,0,0.0041935113,Low (<25%),0.4,0
399575,0,0.028528579,Low (<25%),2.9,0
399666,0,0.7197166,High (50-75%),72.0,0
399670,0,0.0037906577,Low (<25%),0.4,0
399678,0,0.0060001654,Low (<25%),0.6,0
399704,0,0.13654993,Low (<25%),13.7,0
399943,0,0.008866045,Low (<25%),0.9,0
399973,0,0.009526035,Low (<25%),1.0,0
399982,0,0.14601544,Low (<25%),14.6,0
400030,0,0.006338402,Low (<25%),0.6,0
400079,0,0.0044769766,Low (<25%),0.4,0
400224,0,0.03404208,Low (<25%),3.4,0
400265,0,0.010241122,Low (<25%),1.0,0
400272,0,0.1609306,Low (<25%),16.1,0
400313,0,0.012081772,Low (<25%),1.2,0
400392,0,0.0019336003,Low (<25%),0.2,0
400404,1,0.97901237,Critical (>75%),97.9,1
400470,0,0.011457346,Low (<25%),1.1,0
400478,1,0.98759437,Critical (>75%),98.8,1
400486,0,0.34626332,Medium (25-50%),34.6,0
400600,0,0.007896518,Low (<25%),0.8,0
400702,0,0.007286549,Low (<25%),0.7,0
400802,0,0.008170944,Low (<25%),0.8,0
400958,0,0.0047654244,Low (<25%),0.5,0
400979,0,0.00432398,Low (<25%),0.4,0
400985,0,0.009037341,Low (<25%),0.9,0
401007,0,0.05116108,Low (<25%),5.1,0
401036,0,0.00062233873,Low (<25%),0.1,0
401055,0,0.022293916,Low (<25%),2.2,0
401060,0,0.009139583,Low (<25%),0.9,0
401062,0,0.13796824,Low (<25%),13.8,0
401101,0,0.041703403,Low (<25%),4.2,0
401336,0,0.05690575,Low (<25%),5.7,0
401422,0,0.017929548,Low (<25%),1.8,0
401424,1,0.99866235,Critical (>75%),99.9,1
401454,0,0.0029909187,Low (<25%),0.3,0
401645,0,0.016571429,Low (<25%),1.7,0
401710,0,0.01729276,Low (<25%),1.7,0
401722,0,0.0073611382,Low (<25%),0.7,0
401760,0,0.025804587,Low (<25%),2.6,0
401766,0,0.0019398006,Low (<25%),0.2,0
401769,0,0.0018894569,Low (<25%),0.2,0
401824,0,0.004595246,Low (<25%),0.5,0
401834,0,0.001892487,Low (<25%),0.2,0
401857,0,0.0072242636,Low (<25%),0.7,0
401858,1,0.93496895,Critical (>75%),93.5,1
401859,0,0.019216076,Low (<25%),1.9,0
401956,1,0.92111754,Critical (>75%),92.1,0
402034,0,0.0086528575,Low (<25%),0.9,0
402052,0,0.29147702,Medium (25-50%),29.1,0
402082,0,0.07350387,Low (<25%),7.4,0
402251,0,0.123656765,Low (<25%),12.4,0
402332,0,0.011946444,Low (<25%),1.2,0
402390,1,0.9464259,Critical (>75%),94.6,1
402638,0,0.04828486,Low (<25%),4.8,0
402697,0,0.2656894,Medium (25-50%),26.6,0
402706,0,0.03243957,Low (<25%),3.2,0
402964,0,0.032519393,Low (<25%),3.3,0
402966,0,0.616054,High (50-75%),61.6,0
403118,0,0.0015189766,Low (<25%),0.2,0
403185,0,0.018662501,Low (<25%),1.9,0
403282,0,0.028083898,Low (<25%),2.8,0
403361,0,0.6220296,High (50-75%),62.2,0
403473,0,0.013291005,Low (<25%),1.3,0
403500,0,0.012121757,Low (<25%),1.2,0
403507,0,0.01616802,Low (<25%),1.6,0
403675,0,0.008206789,Low (<25%),0.8,0
403856,0,0.001523164,Low (<25%),0.2,0
403893,0,0.010192454,Low (<25%),1.0,0
404011,0,0.0070035993,Low (<25%),0.7,0
404106,0,0.0017517562,Low (<25%),0.2,0
404233,0,0.0013157567,Low (<25%),0.1,0
404314,0,0.0026988727,Low (<25%),0.3,0
404339,0,0.31475168,Medium (25-50%),31.5,0
404417,0,0.06931393,Low (<25%),6.9,0
404426,0,0.1255836,Low (<25%),12.6,0
404431,0,0.04452402,Low (<25%),4.5,0
404434,0,0.011104919,Low (<25%),1.1,0
404475,0,0.028410617,Low (<25%),2.8,0
404720,0,0.034457482,Low (<25%),3.4,0
404742,0,0.017214617,Low (<25%),1.7,0
404846,0,0.007105287,Low (<25%),0.7,0
404920,0,0.035038035,Low (<25%),3.5,0
405201,0,0.016741218,Low (<25%),1.7,0
405318,0,0.361382,Medium (25-50%),36.1,0
405339,0,0.0071250573,Low (<25%),0.7,0
405351,0,0.0075732153,Low (<25%),0.8,0
405418,0,0.019734379,Low (<25%),2.0,0
405442,0,0.00091333926,Low (<25%),0.1,0
405500,0,0.008791666,Low (<25%),0.9,0
405597,0,0.033707436,Low (<25%),3.4,0
405602,0,0.0005551031,Low (<25%),0.1,0
405698,0,0.029588731,Low (<25%),3.0,0
405699,0,0.042025007,Low (<25%),4.2,0
405739,1,0.9794573,Critical (>75%),97.9,1
405768,1,0.9926831,Critical (>75%),99.3,1
405804,0,0.0028808233,Low (<25%),0.3,0
405928,0,0.00090362807,Low (<25%),0.1,0
406047,0,0.029024689,Low (<25%),2.9,0
406176,0,0.018560257,Low (<25%),1.9,0
406252,0,0.0019015591,Low (<25%),0.2,0
406254,0,0.044913914,Low (<25%),4.5,0
406287,1,0.98452824,Critical (>75%),98.5,1
406294,0,0.017337978,Low (<25%),1.7,0
406369,0,0.0027297514,Low (<25%),0.3,0
406373,0,0.012557337,Low (<25%),1.3,0
406411,0,0.026047042,Low (<25%),2.6,0
406564,0,0.026529035,Low (<25%),2.7,0
406574,0,0.0013680728,Low (<25%),0.1,0
406810,0,0.021331724,Low (<25%),2.1,0
407032,0,0.007987326,Low (<25%),0.8,0
407119,0,0.0055525727,Low (<25%),0.6,0
407173,0,0.004995089,Low (<25%),0.5,0
407238,0,0.012471411,Low (<25%),1.2,0
407305,0,0.014543169,Low (<25%),1.5,0
407340,0,0.0035006676,Low (<25%),0.4,0
407377,0,0.022680195,Low (<25%),2.3,0
407411,0,0.045087546,Low (<25%),4.5,0
407433,0,0.06950708,Low (<25%),7.0,0
407468,0,0.0037337826,Low (<25%),0.4,0
407768,0,0.18067287,Low (<25%),18.1,0
407798,0,0.0034677794,Low (<25%),0.3,0
407933,0,0.0180016,Low (<25%),1.8,0
407945,0,0.010679033,Low (<25%),1.1,0
407999,0,0.012470418,Low (<25%),1.2,0
408047,0,0.046712343,Low (<25%),4.7,0
408259,0,0.00803738,Low (<25%),0.8,0
408309,0,0.08362724,Low (<25%),8.4,0
408493,0,0.1258123,Low (<25%),12.6,0
408500,0,0.02571397,Low (<25%),2.6,0
408561,0,0.0038781052,Low (<25%),0.4,0
408651,0,0.03831468,Low (<25%),3.8,0
408838,0,0.12646665,Low (<25%),12.6,0
408863,0,0.005254842,Low (<25%),0.5,0
408886,0,0.10654755,Low (<25%),10.7,0
408990,0,0.07504397,Low (<25%),7.5,0
409051,0,0.014316412,Low (<25%),1.4,0
409102,0,0.005230069,Low (<25%),0.5,0
409156,0,0.06515428,Low (<25%),6.5,0
409454,0,0.011409989,Low (<25%),1.1,0
409512,0,0.0014477927,Low (<25%),0.1,0
409603,0,0.0026949188,Low (<25%),0.3,0
409684,0,0.023482008,Low (<25%),2.3,0
409741,0,0.018704291,Low (<25%),1.9,0
409798,0,0.010508668,Low (<25%),1.1,0
409908,0,0.022361081,Low (<25%),2.2,0
409914,0,0.018082306,Low (<25%),1.8,0
409951,0,0.018153824,Low (<25%),1.8,0
409984,0,0.008213554,Low (<25%),0.8,0
410202,0,0.014047121,Low (<25%),1.4,0
410209,0,0.0044865482,Low (<25%),0.4,0
410218,0,0.0031462456,Low (<25%),0.3,0
410341,0,0.003591119,Low (<25%),0.4,0
410343,1,0.9768549,Critical (>75%),97.7,1
410347,0,0.015251623,Low (<25%),1.5,0
410384,0,0.021506445,Low (<25%),2.2,0
410460,1,0.99546885,Critical (>75%),99.5,1
410544,0,0.024678761,Low (<25%),2.5,0
410552,0,0.048492637,Low (<25%),4.8,0
410558,0,0.05205514,Low (<25%),5.2,0
410702,0,0.010035656,Low (<25%),1.0,0
410790,0,0.004345094,Low (<25%),0.4,0
410921,0,0.005633021,Low (<25%),0.6,0
410938,0,0.007937986,Low (<25%),0.8,0
410963,0,0.09160616,Low (<25%),9.2,0
410982,0,0.4099601,Medium (25-50%),41.0,0
411094,0,0.070298925,Low (<25%),7.0,0
411116,0,0.03325824,Low (<25%),3.3,0
411204,0,0.012360647,Low (<25%),1.2,0
411296,0,0.0032792904,Low (<25%),0.3,0
411298,0,0.015620639,Low (<25%),1.6,0
411420,0,0.0018857438,Low (<25%),0.2,0
411523,0,0.0037741242,Low (<25%),0.4,0
411533,0,0.10568921,Low (<25%),10.6,0
411583,0,0.006994522,Low (<25%),0.7,0
411586,0,0.01042537,Low (<25%),1.0,0
411686,0,0.00454551,Low (<25%),0.5,0
411690,0,0.001786555,Low (<25%),0.2,0
411744,0,0.017111722,Low (<25%),1.7,0
411876,0,0.04896615,Low (<25%),4.9,0
411897,0,0.010773463,Low (<25%),1.1,0
412024,0,0.014564507,Low (<25%),1.5,0
412133,0,0.0022483831,Low (<25%),0.2,0
412186,0,0.002786678,Low (<25%),0.3,0
412203,0,0.024472225,Low (<25%),2.4,0
412284,0,0.03657018,Low (<25%),3.7,0
412394,0,0.0011384777,Low (<25%),0.1,0
412402,0,0.004373167,Low (<25%),0.4,0
412429,0,0.61473984,High (50-75%),61.5,0
412487,0,0.041643232,Low (<25%),4.2,0
412743,0,0.09392743,Low (<25%),9.4,0
412793,0,0.00925438,Low (<25%),0.9,0
412803,0,0.02667591,Low (<25%),2.7,0
412817,0,0.01773296,Low (<25%),1.8,0
412854,0,0.020028606,Low (<25%),2.0,0
412880,0,0.001759539,Low (<25%),0.2,0
412902,0,0.006042694,Low (<25%),0.6,0
412944,0,0.019965613,Low (<25%),2.0,0
412995,0,0.0048734145,Low (<25%),0.5,0
413050,0,0.01453157,Low (<25%),1.5,0
413052,0,0.030828139,Low (<25%),3.1,0
413088,0,0.026208863,Low (<25%),2.6,0
413101,0,0.013005095,Low (<25%),1.3,0
413115,0,0.0023341987,Low (<25%),0.2,0
413185,0,0.035736937,Low (<25%),3.6,0
413243,0,0.00453642,Low (<25%),0.5,0
413266,0,0.019336006,Low (<25%),1.9,0
413282,0,0.0036087467,Low (<25%),0.4,0
413330,1,0.93485445,Critical (>75%),93.5,1
413345,0,0.015635274,Low (<25%),1.6,0
413347,0,0.007002028,Low (<25%),0.7,0
413426,0,0.019685559,Low (<25%),2.0,0
413445,1,0.952518,Critical (>75%),95.3,1
413459,0,0.0014032291,Low (<25%),0.1,0
413620,0,0.05523828,Low (<25%),5.5,0
413659,0,0.110160924,Low (<25%),11.0,0
413741,0,0.08502946,Low (<25%),8.5,0
413798,0,0.028757645,Low (<25%),2.9,0
413815,0,0.0098224515,Low (<25%),1.0,0
413853,0,0.20767331,Low (<25%),20.8,0
413994,0,0.0064126896,Low (<25%),0.6,0
414033,0,0.017546434,Low (<25%),1.8,0
414157,0,0.024746398,Low (<25%),2.5,0
414164,0,0.109942175,Low (<25%),11.0,0
414207,0,0.0025898162,Low (<25%),0.3,0
414211,0,0.0033816146,Low (<25%),0.3,0
414239,0,0.74951106,High (50-75%),75.0,0
414305,0,0.0014952081,Low (<25%),0.1,0
414318,0,0.0025545633,Low (<25%),0.3,0
414433,0,0.003726057,Low (<25%),0.4,0
414584,0,0.0029209086,Low (<25%),0.3,0
414727,0,0.002406731,Low (<25%),0.2,0
414741,0,0.0037764143,Low (<25%),0.4,0
414757,0,0.028844375,Low (<25%),2.9,0
415067,0,0.07817657,Low (<25%),7.8,0
415077,0,0.91091025,Critical (>75%),91.1,0
415088,0,0.12180244,Low (<25%),12.2,0
415090,0,0.0055645052,Low (<25%),0.6,0
415148,0,0.0013057049,Low (<25%),0.1,0
415201,0,0.17862669,Low (<25%),17.9,0
415327,0,0.687258,High (50-75%),68.7,0
415332,0,0.006147323,Low (<25%),0.6,0
415341,0,0.008491327,Low (<25%),0.8,0
415372,0,0.0072042844,Low (<25%),0.7,0
415381,0,0.007479115,Low (<25%),0.7,0
415402,0,0.5204534,High (50-75%),52.0,0
415862,0,0.011173467,Low (<25%),1.1,0
415896,0,0.004043372,Low (<25%),0.4,0
415915,0,0.0012585052,Low (<25%),0.1,0
415916,0,0.0026973074,Low (<25%),0.3,0
416091,0,0.00019890472,Low (<25%),0.0,0
416124,0,0.010856305,Low (<25%),1.1,0
416127,0,0.0073228893,Low (<25%),0.7,0
416216,0,0.0027948855,Low (<25%),0.3,0
416575,0,0.0060045864,Low (<25%),0.6,0
416768,0,0.011142117,Low (<25%),1.1,0
416783,0,0.0069708093,Low (<25%),0.7,0
416940,1,0.9967527,Critical (>75%),99.7,1
416973,0,0.008565074,Low (<25%),0.9,0
417082,0,0.012021931,Low (<25%),1.2,0
417118,0,0.0009759538,Low (<25%),0.1,0
417240,0,0.0016141713,Low (<25%),0.2,0
417274,0,0.0062268167,Low (<25%),0.6,0
417507,0,0.004663701,Low (<25%),0.5,0
417564,0,0.0076485737,Low (<25%),0.8,0
417584,0,0.10136402,Low (<25%),10.1,0
417825,0,0.0467992,Low (<25%),4.7,0
417838,0,0.057662185,Low (<25%),5.8,0
417886,0,0.024782915,Low (<25%),2.5,0
417904,0,0.069755234,Low (<25%),7.0,0
417929,0,0.06469049,Low (<25%),6.5,0
418090,0,0.054911602,Low (<25%),5.5,0
418166,0,0.012052525,Low (<25%),1.2,0
418281,0,0.0023851446,Low (<25%),0.2,0
418327,0,0.010338286,Low (<25%),1.0,0
418470,0,0.22198242,Low (<25%),22.2,0
418636,0,0.023266137,Low (<25%),2.3,0
418718,0,0.2515918,Medium (25-50%),25.2,0
418753,0,0.24045333,Low (<25%),24.0,0
418779,0,0.008632283,Low (<25%),0.9,0
418793,0,0.004767026,Low (<25%),0.5,0
418910,0,0.039780203,Low (<25%),4.0,0
418930,0,0.136812,Low (<25%),13.7,0
418938,0,0.13899884,Low (<25%),13.9,0
418958,0,0.0174946,Low (<25%),1.7,0
418990,0,0.0028112396,Low (<25%),0.3,0
419182,0,0.014093424,Low (<25%),1.4,0
419237,1,0.99614006,Critical (>75%),99.6,1
419275,0,0.014497222,Low (<25%),1.4,0
419377,0,0.0075045056,Low (<25%),0.8,0
419493,0,0.00483084,Low (<25%),0.5,0
419522,0,0.013982882,Low (<25%),1.4,0
419540,0,0.038798336,Low (<25%),3.9,0
419570,0,0.0055217315,Low (<25%),0.6,0
419626,0,0.029109906,Low (<25%),2.9,0
419648,0,0.21156491,Low (<25%),21.2,0
419748,0,0.003551007,Low (<25%),0.4,0
419749,0,0.011164699,Low (<25%),1.1,0
419758,0,0.014132542,Low (<25%),1.4,0
419776,0,0.007106935,Low (<25%),0.7,0
419818,0,0.003366907,Low (<25%),0.3,0
419893,0,0.023541711,Low (<25%),2.4,0
419953,0,0.016217692,Low (<25%),1.6,0
419973,0,0.0008301273,Low (<25%),0.1,0
420008,0,0.0026710504,Low (<25%),0.3,0
420010,0,0.0014851028,Low (<25%),0.1,0
420202,0,0.0013167089,Low (<25%),0.1,0
420204,0,0.068900004,Low (<25%),6.9,0
420222,0,0.0098897675,Low (<25%),1.0,0
420339,0,0.0037862866,Low (<25%),0.4,0
420394,0,0.02251558,Low (<25%),2.3,0
420434,0,0.019909741,Low (<25%),2.0,0
420439,0,0.0723193,Low (<25%),7.2,0
420457,0,0.01409844,Low (<25%),1.4,0
420481,0,0.003462882,Low (<25%),0.3,0
420488,0,0.005153283,Low (<25%),0.5,0
420490,0,0.079393,Low (<25%),7.9,0
420508,0,0.022959623,Low (<25%),2.3,0
420515,0,0.040678445,Low (<25%),4.1,0
420590,0,0.070848666,Low (<25%),7.1,0
420627,0,0.032316517,Low (<25%),3.2,0
420738,0,0.004009027,Low (<25%),0.4,0
420786,0,0.01727597,Low (<25%),1.7,0
420890,0,0.044820774,Low (<25%),4.5,0
421001,0,0.1619582,Low (<25%),16.2,0
421191,0,0.00895132,Low (<25%),0.9,0
421458,0,0.0017832867,Low (<25%),0.2,0
421497,0,0.038568746,Low (<25%),3.9,0
421580,0,0.0027422572,Low (<25%),0.3,0
421691,0,0.0071571786,Low (<25%),0.7,0
421744,0,0.012527867,Low (<25%),1.3,0
421748,0,0.0014171569,Low (<25%),0.1,0
421923,0,0.011806777,Low (<25%),1.2,0
421930,0,0.005327357,Low (<25%),0.5,0
422121,0,0.029124027,Low (<25%),2.9,0
422152,0,0.01236601,Low (<25%),1.2,0
422204,0,0.03511076,Low (<25%),3.5,0
422276,0,0.017543953,Low (<25%),1.8,0
422320,0,0.096691236,Low (<25%),9.7,0
422349,0,0.006499988,Low (<25%),0.6,0
422358,0,0.0011635199,Low (<25%),0.1,0
422398,0,0.0009948588,Low (<25%),0.1,0
422496,0,0.014592784,Low (<25%),1.5,0
422750,0,0.0025175428,Low (<25%),0.3,0
422787,0,0.024662813,Low (<25%),2.5,0
422803,0,0.011300395,Low (<25%),1.1,0
422805,0,0.013017885,Low (<25%),1.3,0
422989,1,0.9728295,Critical (>75%),97.3,1
423035,0,0.0035236746,Low (<25%),0.4,0
423096,0,0.009466481,Low (<25%),0.9,0
423119,1,0.84753567,Critical (>75%),84.8,0
423153,0,0.19037494,Low (<25%),19.0,0
423201,0,0.017488308,Low (<25%),1.7,0
423228,0,0.02908791,Low (<25%),2.9,0
423254,0,0.006796627,Low (<25%),0.7,0
423272,0,0.0041505694,Low (<25%),0.4,0
423324,0,0.23562494,Low (<25%),23.6,0
423336,0,0.12955032,Low (<25%),13.0,0
423409,0,0.00043775674,Low (<25%),0.0,0
423432,0,0.0055963905,Low (<25%),0.6,0
423473,0,0.007230689,Low (<25%),0.7,0
423598,0,0.014759029,Low (<25%),1.5,0
423609,0,0.020404482,Low (<25%),2.0,0
423686,0,0.00857224,Low (<25%),0.9,0
423821,0,0.0011568012,Low (<25%),0.1,0
423941,0,0.004726893,Low (<25%),0.5,0
423978,0,0.05950659,Low (<25%),6.0,0
424012,0,0.08841382,Low (<25%),8.8,0
424098,0,0.0015227847,Low (<25%),0.2,0
424100,0,0.030871317,Low (<25%),3.1,0
424126,0,0.27629536,Medium (25-50%),27.6,0
424139,0,0.016622366,Low (<25%),1.7,0
424208,0,0.01898988,Low (<25%),1.9,0
424216,0,0.010619189,Low (<25%),1.1,0
424270,0,0.022701534,Low (<25%),2.3,0
424337,0,0.015133861,Low (<25%),1.5,0
424403,0,0.0057858094,Low (<25%),0.6,0
424526,0,0.010261257,Low (<25%),1.0,0
424540,0,0.005934047,Low (<25%),0.6,0
424688,0,0.06391267,Low (<25%),6.4,0
424793,0,0.06270479,Low (<25%),6.3,0
424812,0,0.012563546,Low (<25%),1.3,0
424837,0,0.0048564286,Low (<25%),0.5,0
424917,0,0.002556198,Low (<25%),0.3,0
424983,0,0.018829333,Low (<25%),1.9,0
425294,0,0.0031679887,Low (<25%),0.3,0
425411,0,0.10716646,Low (<25%),10.7,0
425436,0,0.007383478,Low (<25%),0.7,0
425445,0,0.023061085,Low (<25%),2.3,0
425472,0,0.007779208,Low (<25%),0.8,0
425567,0,0.018372467,Low (<25%),1.8,0
425687,0,0.017650746,Low (<25%),1.8,0
425717,1,0.8490268,Critical (>75%),84.9,0
425720,0,0.032805275,Low (<25%),3.3,0
425779,1,0.9954267,Critical (>75%),99.5,1
425854,1,0.9389052,Critical (>75%),93.9,1
425940,0,0.0033191496,Low (<25%),0.3,0
426027,0,0.06416055,Low (<25%),6.4,0
426124,0,0.11475034,Low (<25%),11.5,0
426185,0,0.1369029,Low (<25%),13.7,0
426223,0,0.0053140325,Low (<25%),0.5,0
426302,0,0.1352699,Low (<25%),13.5,0
426317,0,0.03687186,Low (<25%),3.7,0
426351,0,0.00980682,Low (<25%),1.0,0
426384,0,0.007604668,Low (<25%),0.8,0
426414,0,0.0031098286,Low (<25%),0.3,0
426429,0,0.0058386987,Low (<25%),0.6,0
426439,0,0.0060095517,Low (<25%),0.6,0
426530,0,0.12821592,Low (<25%),12.8,0
426533,0,0.03242905,Low (<25%),3.2,0
426536,0,0.0101344865,Low (<25%),1.0,0
426698,0,0.011929706,Low (<25%),1.2,0
426720,0,0.005653565,Low (<25%),0.6,0
426791,0,0.06540718,Low (<25%),6.5,0
426958,0,0.015765727,Low (<25%),1.6,0
426981,0,0.08104339,Low (<25%),8.1,0
426990,0,0.004137733,Low (<25%),0.4,0
426994,0,0.019057307,Low (<25%),1.9,0
427036,0,0.0337243,Low (<25%),3.4,0
427140,0,0.03071114,Low (<25%),3.1,0
427163,0,0.014624718,Low (<25%),1.5,0
427177,0,0.01879633,Low (<25%),1.9,0
427329,0,0.02618456,Low (<25%),2.6,0
427354,0,0.004166579,Low (<25%),0.4,0
427358,0,0.0022206784,Low (<25%),0.2,0
427388,1,0.9916899,Critical (>75%),99.2,1
427444,0,0.0131742805,Low (<25%),1.3,0
427733,0,0.012994516,Low (<25%),1.3,0
427919,0,0.017316576,Low (<25%),1.7,0
427976,0,0.008534609,Low (<25%),0.9,0
427980,0,0.015046748,Low (<25%),1.5,0
428020,0,0.04590974,Low (<25%),4.6,0
428129,0,0.050317153,Low (<25%),5.0,0
428130,0,0.002872987,Low (<25%),0.3,0
428152,0,0.011267061,Low (<25%),1.1,0
428162,0,0.0014354036,Low (<25%),0.1,0
428249,0,0.0156637,Low (<25%),1.6,0
428305,0,0.041663468,Low (<25%),4.2,0
428345,0,0.16590342,Low (<25%),16.6,0
428376,0,0.004293462,Low (<25%),0.4,0
428402,0,0.0037134136,Low (<25%),0.4,0
428520,0,0.22607939,Low (<25%),22.6,0
428523,0,0.02114647,Low (<25%),2.1,0
428536,0,0.015039697,Low (<25%),1.5,0
428565,0,0.17699398,Low (<25%),17.7,0
428604,0,0.018150697,Low (<25%),1.8,0
428649,0,0.01343032,Low (<25%),1.3,0
428710,0,0.0021705395,Low (<25%),0.2,0
428757,0,0.021781182,Low (<25%),2.2,0
428765,0,0.040300887,Low (<25%),4.0,0
428778,0,0.0010970514,Low (<25%),0.1,0
428826,0,0.008071744,Low (<25%),0.8,0
428843,0,0.026803974,Low (<25%),2.7,0
428853,0,0.0012046002,Low (<25%),0.1,0
428903,0,0.0048585655,Low (<25%),0.5,0
428919,0,0.02233974,Low (<25%),2.2,0
428922,0,0.0042925184,Low (<25%),0.4,0
429054,0,0.009921892,Low (<25%),1.0,0
429238,0,0.005412719,Low (<25%),0.5,0
429244,0,0.0013056396,Low (<25%),0.1,0
429292,0,0.0070245224,Low (<25%),0.7,0
429308,0,0.0034850435,Low (<25%),0.3,0
429354,0,0.0027361913,Low (<25%),0.3,0
429460,1,0.9650613,Critical (>75%),96.5,1
429471,0,0.042686563,Low (<25%),4.3,0
429557,0,0.093400985,Low (<25%),9.3,0
429692,1,0.972832,Critical (>75%),97.3,1
429829,0,0.0021615978,Low (<25%),0.2,0
429849,0,0.08560221,Low (<25%),8.6,0
429894,0,0.101171605,Low (<25%),10.1,0
429921,0,0.0034737808,Low (<25%),0.3,0
429933,0,0.0031681303,Low (<25%),0.3,0
430048,0,0.007640792,Low (<25%),0.8,0
430059,0,0.00040534517,Low (<25%),0.0,0
430097,0,0.014166664,Low (<25%),1.4,0
430107,0,0.039833598,Low (<25%),4.0,0
430197,0,0.014691956,Low (<25%),1.5,0
430228,0,0.0016006656,Low (<25%),0.2,0
430265,0,0.19742349,Low (<25%),19.7,0
430323,0,0.20694995,Low (<25%),20.7,0
430398,0,0.0007131056,Low (<25%),0.1,0
430413,0,0.022857254,Low (<25%),2.3,0
430475,0,0.0083531,Low (<25%),0.8,0
430500,0,0.0049572233,Low (<25%),0.5,0
430503,0,0.014226057,Low (<25%),1.4,0
430555,0,0.005850762,Low (<25%),0.6,0
430569,0,0.012383889,Low (<25%),1.2,0
430618,0,0.0066600386,Low (<25%),0.7,0
430712,0,0.25303718,Medium (25-50%),25.3,0
430813,0,0.006547181,Low (<25%),0.7,0
430817,0,0.22194856,Low (<25%),22.2,0
430880,0,0.0011571054,Low (<25%),0.1,0
431020,0,0.11286455,Low (<25%),11.3,0
431021,0,0.01804427,Low (<25%),1.8,0
431034,0,0.0126843015,Low (<25%),1.3,0
431201,0,0.5540065,High (50-75%),55.4,0
431277,0,0.7679895,Critical (>75%),76.8,0
431521,0,0.020890849,Low (<25%),2.1,0
431533,0,0.01197976,Low (<25%),1.2,0
431586,0,0.0065058568,Low (<25%),0.7,0
431640,0,0.0016720877,Low (<25%),0.2,0
431829,0,0.015758136,Low (<25%),1.6,0
431899,0,0.03366455,Low (<25%),3.4,0
432031,0,0.0022779896,Low (<25%),0.2,0
432059,0,0.004777194,Low (<25%),0.5,0
432145,0,0.015172111,Low (<25%),1.5,0
432200,0,0.124303795,Low (<25%),12.4,0
432215,0,0.006385434,Low (<25%),0.6,0
432255,0,0.003701447,Low (<25%),0.4,0
432298,0,0.0069153393,Low (<25%),0.7,0
432302,0,0.0039388295,Low (<25%),0.4,0
432366,0,0.0686412,Low (<25%),6.9,0
432370,0,0.032425955,Low (<25%),3.2,0
432451,0,0.05417709,Low (<25%),5.4,0
432493,0,0.0031675084,Low (<25%),0.3,0
432564,1,0.9377697,Critical (>75%),93.8,1
432592,0,0.009909375,Low (<25%),1.0,0
432598,0,0.013893987,Low (<25%),1.4,0
432655,0,0.009293056,Low (<25%),0.9,0
432716,0,0.04395764,Low (<25%),4.4,0
432718,0,0.007948643,Low (<25%),0.8,0
432843,0,0.02313262,Low (<25%),2.3,0
432920,0,0.04011721,Low (<25%),4.0,0
432938,0,0.009728585,Low (<25%),1.0,0
432961,0,0.0020486815,Low (<25%),0.2,0
433017,0,0.038883746,Low (<25%),3.9,0
433172,0,0.02282715,Low (<25%),2.3,0
433300,1,0.9955315,Critical (>75%),99.6,1
433353,0,0.0051902765,Low (<25%),0.5,0
433496,0,0.04972075,Low (<25%),5.0,0
433510,0,0.00044482134,Low (<25%),0.0,0
433678,0,0.0020047838,Low (<25%),0.2,0
433752,0,0.14023128,Low (<25%),14.0,0
433812,0,0.15689921,Low (<25%),15.7,0
433815,0,0.009645397,Low (<25%),1.0,0
433857,0,0.0012694751,Low (<25%),0.1,0
433946,0,0.0023627754,Low (<25%),0.2,0
434081,0,0.011299042,Low (<25%),1.1,0
434098,0,0.0011603074,Low (<25%),0.1,0
434113,0,0.020861588,Low (<25%),2.1,0
434136,0,0.010911797,Low (<25%),1.1,0
434215,0,0.016488222,Low (<25%),1.6,0
434385,0,0.005753764,Low (<25%),0.6,0
434470,0,0.0007851843,Low (<25%),0.1,0
434477,0,0.00600868,Low (<25%),0.6,0
434489,0,0.0009973514,Low (<25%),0.1,0
434568,0,0.014869242,Low (<25%),1.5,0
434621,0,0.053516228,Low (<25%),5.4,0
434657,1,0.83279735,Critical (>75%),83.3,0
434658,0,0.044225145,Low (<25%),4.4,0
434679,0,0.0033326675,Low (<25%),0.3,0
434693,0,0.15218408,Low (<25%),15.2,0
434751,0,0.00067072595,Low (<25%),0.1,0
434760,0,0.0016586501,Low (<25%),0.2,0
434802,0,0.0033266558,Low (<25%),0.3,0
434807,0,0.0010650692,Low (<25%),0.1,0
434888,0,0.0016400605,Low (<25%),0.2,0
434922,0,0.0016415234,Low (<25%),0.2,0
435049,0,0.0083228955,Low (<25%),0.8,0
435097,0,0.0077719754,Low (<25%),0.8,0
435129,0,0.038612373,Low (<25%),3.9,0
435156,0,0.0008681791,Low (<25%),0.1,0
435223,0,0.2317756,Low (<25%),23.2,0
435249,0,0.08877237,Low (<25%),8.9,0
435378,0,0.006663832,Low (<25%),0.7,0
435557,0,0.00716206,Low (<25%),0.7,0
435613,0,0.0041318918,Low (<25%),0.4,0
435657,0,0.12812562,Low (<25%),12.8,0
435789,0,0.0067667603,Low (<25%),0.7,0
436010,0,0.0032576465,Low (<25%),0.3,0
436041,1,0.9428755,Critical (>75%),94.3,1
436081,0,0.028774146,Low (<25%),2.9,0
436087,0,0.0009198179,Low (<25%),0.1,0
436226,0,0.0009106489,Low (<25%),0.1,0
436235,0,0.01059233,Low (<25%),1.1,0
436247,0,0.15098855,Low (<25%),15.1,0
436266,0,0.29504633,Medium (25-50%),29.5,0
436419,0,0.00025095054,Low (<25%),0.0,0
436475,0,0.00087702274,Low (<25%),0.1,0
436569,0,0.0016987773,Low (<25%),0.2,0
436705,1,0.9110491,Critical (>75%),91.1,0
436719,0,0.011395502,Low (<25%),1.1,0
436805,0,0.09774463,Low (<25%),9.8,0
436827,0,0.02411069,Low (<25%),2.4,0
436874,0,0.0027690558,Low (<25%),0.3,0
436901,0,0.01127542,Low (<25%),1.1,0
436969,0,0.009666751,Low (<25%),1.0,0
436971,0,0.5226301,High (50-75%),52.3,0
436975,0,0.008446206,Low (<25%),0.8,0
437022,0,0.002635702,Low (<25%),0.3,0
437074,0,0.03199209,Low (<25%),3.2,0
437086,0,0.0010845115,Low (<25%),0.1,0
437158,0,0.0028439523,Low (<25%),0.3,0
437197,0,0.008246598,Low (<25%),0.8,0
437251,1,0.99358106,Critical (>75%),99.4,1
437269,1,0.959073,Critical (>75%),95.9,1
437288,0,0.09537616,Low (<25%),9.5,0
437357,0,0.09375969,Low (<25%),9.4,0
437407,0,0.030690584,Low (<25%),3.1,0
437440,0,0.00041997968,Low (<25%),0.0,0
437545,0,0.026531195,Low (<25%),2.7,0
437598,0,0.0020259744,Low (<25%),0.2,0
437737,0,0.0064576985,Low (<25%),0.6,0
437810,0,0.030064143,Low (<25%),3.0,0
438023,0,0.020222288,Low (<25%),2.0,0
438199,0,0.020822784,Low (<25%),2.1,0
438263,0,0.10302646,Low (<25%),10.3,0
438299,0,0.039063226,Low (<25%),3.9,0
438383,0,0.13777778,Low (<25%),13.8,0
438525,1,0.99760664,Critical (>75%),99.8,1
438526,0,0.0142447455,Low (<25%),1.4,0
438641,0,0.0077016177,Low (<25%),0.8,0
438707,0,0.0018626562,Low (<25%),0.2,0
438746,0,0.0118245315,Low (<25%),1.2,0
438822,0,0.008101854,Low (<25%),0.8,0
438869,0,0.007953378,Low (<25%),0.8,0
438875,0,0.02282606,Low (<25%),2.3,0
438936,0,0.008953952,Low (<25%),0.9,0
439013,0,0.0033348287,Low (<25%),0.3,0
439092,0,0.0020519912,Low (<25%),0.2,0
439251,0,0.0056229206,Low (<25%),0.6,0
439296,0,0.07031099,Low (<25%),7.0,0
439350,0,0.017856088,Low (<25%),1.8,0
439361,0,0.016791,Low (<25%),1.7,0
439566,0,0.039871976,Low (<25%),4.0,0
439572,0,0.0006056031,Low (<25%),0.1,0
439574,0,0.002865872,Low (<25%),0.3,0
439675,0,0.19203085,Low (<25%),19.2,0
439696,0,0.039454762,Low (<25%),3.9,0
439819,0,0.004167685,Low (<25%),0.4,0
439900,0,0.0066327252,Low (<25%),0.7,0
440112,0,0.02726021,Low (<25%),2.7,0
440198,0,0.024735667,Low (<25%),2.5,0
440209,0,0.009937948,Low (<25%),1.0,0
440213,0,0.01426718,Low (<25%),1.4,0
440320,0,0.0064796624,Low (<25%),0.6,0
440511,0,0.21251266,Low (<25%),21.3,0
440595,0,0.003396564,Low (<25%),0.3,0
440618,0,0.008154038,Low (<25%),0.8,0
440642,0,0.014947557,Low (<25%),1.5,0
440785,0,0.0041653183,Low (<25%),0.4,0
440885,0,0.0095567405,Low (<25%),1.0,0
440928,0,0.001833381,Low (<25%),0.2,0
440939,0,0.0062722857,Low (<25%),0.6,0
440967,0,0.017525798,Low (<25%),1.8,0
441113,0,0.23435956,Low (<25%),23.4,0
441128,0,0.009882435,Low (<25%),1.0,0
441135,0,0.01678246,Low (<25%),1.7,0
441155,0,0.030516444,Low (<25%),3.1,0
441304,0,0.006829978,Low (<25%),0.7,0
441313,0,0.0051263645,Low (<25%),0.5,0
441340,0,0.021660343,Low (<25%),2.2,0
441345,0,0.008482789,Low (<25%),0.8,0
441356,0,0.0640598,Low (<25%),6.4,0
441359,0,0.009724457,Low (<25%),1.0,0
441389,0,0.006911905,Low (<25%),0.7,0
441419,1,0.9945733,Critical (>75%),99.5,1
441423,0,0.0129249245,Low (<25%),1.3,0
441439,0,0.020763421,Low (<25%),2.1,0
441440,0,0.15081528,Low (<25%),15.1,0
441442,0,0.008602106,Low (<25%),0.9,0
441509,0,0.037232812,Low (<25%),3.7,0
441623,0,0.006796424,Low (<25%),0.7,0
441631,0,0.0012447431,Low (<25%),0.1,0
441670,1,0.9869086,Critical (>75%),98.7,1
441724,0,0.025871433,Low (<25%),2.6,0
441741,0,0.7016958,High (50-75%),70.2,0
441782,0,0.020652609,Low (<25%),2.1,0
441964,0,0.07254199,Low (<25%),7.3,0
442014,0,0.0021906015,Low (<25%),0.2,0
442018,0,0.011964846,Low (<25%),1.2,0
442103,0,0.38383865,Medium (25-50%),38.4,0
442192,0,0.031353693,Low (<25%),3.1,0
442249,0,0.021664983,Low (<25%),2.2,0
442251,0,0.012747564,Low (<25%),1.3,0
442252,0,0.014588686,Low (<25%),1.5,0
442282,0,0.0127073,Low (<25%),1.3,0
442304,0,0.007906715,Low (<25%),0.8,0
442306,0,0.038325243,Low (<25%),3.8,0
442418,0,0.022113891,Low (<25%),2.2,0
442458,0,0.05533177,Low (<25%),5.5,0
442479,0,0.015106374,Low (<25%),1.5,0
442525,0,0.0061528375,Low (<25%),0.6,0
442609,0,0.058786817,Low (<25%),5.9,0
442792,0,0.022811372,Low (<25%),2.3,0
442831,1,0.9966575,Critical (>75%),99.7,1
442838,0,0.01022239,Low (<25%),1.0,0
442868,0,0.047277734,Low (<25%),4.7,0
442879,0,0.010413384,Low (<25%),1.0,0
442956,0,0.039003655,Low (<25%),3.9,0
442980,0,0.016185451,Low (<25%),1.6,0
443130,0,0.0026406792,Low (<25%),0.3,0
443198,0,0.038440593,Low (<25%),3.8,0
443199,0,0.009943486,Low (<25%),1.0,0
443231,0,0.004645048,Low (<25%),0.5,0
443232,0,0.012932075,Low (<25%),1.3,0
443243,0,0.006942385,Low (<25%),0.7,0
443595,0,0.004567226,Low (<25%),0.5,0
443865,0,0.0016013844,Low (<25%),0.2,0
443896,0,0.0024605421,Low (<25%),0.2,0
443967,0,0.00027007304,Low (<25%),0.0,0
443985,0,0.072715424,Low (<25%),7.3,0
444022,0,0.0031715913,Low (<25%),0.3,0
444060,0,0.17277877,Low (<25%),17.3,0
444085,0,0.023866419,Low (<25%),2.4,0
444092,0,0.0023228752,Low (<25%),0.2,0
444154,0,0.008419181,Low (<25%),0.8,0
444237,0,0.025565825,Low (<25%),2.6,0
444259,0,0.004444173,Low (<25%),0.4,0
444300,0,0.08801028,Low (<25%),8.8,0
444365,0,0.012531354,Low (<25%),1.3,0
444366,0,0.016539777,Low (<25%),1.7,0
444371,0,0.0037818449,Low (<25%),0.4,0
444524,0,0.033677436,Low (<25%),3.4,0
444646,0,0.016302394,Low (<25%),1.6,0
444652,0,0.21964318,Low (<25%),22.0,0
444684,0,0.0029099043,Low (<25%),0.3,0
444686,0,0.042649284,Low (<25%),4.3,0
444748,0,0.01930404,Low (<25%),1.9,0
444778,0,0.013592913,Low (<25%),1.4,0
444786,0,0.019086385,Low (<25%),1.9,0
444894,0,0.009508113,Low (<25%),1.0,0
444931,0,0.0045663454,Low (<25%),0.5,0
444997,0,0.016600626,Low (<25%),1.7,0
445024,0,0.0071469094,Low (<25%),0.7,0
445073,0,0.008873729,Low (<25%),0.9,0
445137,0,0.0036807728,Low (<25%),0.4,0
445145,1,0.8931896,Critical (>75%),89.3,0
445169,0,0.006524817,Low (<25%),0.7,0
445176,0,0.11909333,Low (<25%),11.9,0
445177,0,0.017657451,Low (<25%),1.8,0
445251,0,0.0006261644,Low (<25%),0.1,0
445338,0,0.0072716395,Low (<25%),0.7,0
445370,0,0.080963954,Low (<25%),8.1,0
445432,0,0.018312605,Low (<25%),1.8,0
445451,0,0.0024957685,Low (<25%),0.2,0
445496,0,0.018754927,Low (<25%),1.9,0
445549,0,0.014359425,Low (<25%),1.4,0
445632,0,0.052023537,Low (<25%),5.2,0
445673,0,0.011842905,Low (<25%),1.2,0
445675,0,0.001834053,Low (<25%),0.2,0
445704,0,0.032183036,Low (<25%),3.2,0
445746,0,0.025909975,Low (<25%),2.6,0
445839,0,0.011372341,Low (<25%),1.1,0
445867,0,0.036947537,Low (<25%),3.7,0
445879,0,0.023842147,Low (<25%),2.4,0
446171,0,0.056663115,Low (<25%),5.7,0
446302,0,0.012790887,Low (<25%),1.3,0
446315,1,0.90889657,Critical (>75%),90.9,0
446352,0,0.0006574528,Low (<25%),0.1,0
446403,0,0.007790688,Low (<25%),0.8,0
446712,0,0.002029698,Low (<25%),0.2,0
446886,1,0.9537796,Critical (>75%),95.4,1
446988,0,0.013505358,Low (<25%),1.4,0
446991,0,0.0033650643,Low (<25%),0.3,0
447092,0,0.054172214,Low (<25%),5.4,0
447387,0,0.002929867,Low (<25%),0.3,0
447401,0,0.019137383,Low (<25%),1.9,0
447439,1,0.9884022,Critical (>75%),98.8,1
447470,0,0.008232064,Low (<25%),0.8,0
447544,0,0.030584868,Low (<25%),3.1,0
447647,0,0.008943155,Low (<25%),0.9,0
447675,0,0.0014919775,Low (<25%),0.1,0
447771,0,0.06636763,Low (<25%),6.6,0
447796,0,0.05022004,Low (<25%),5.0,0
447804,1,0.9365704,Critical (>75%),93.7,1
447925,0,0.009670083,Low (<25%),1.0,0
447943,0,0.020698108,Low (<25%),2.1,0
447962,0,0.005607571,Low (<25%),0.6,0
448136,0,0.008564624,Low (<25%),0.9,0
448142,0,0.10986009,Low (<25%),11.0,0
448147,0,0.01804916,Low (<25%),1.8,0
448273,0,0.048705418,Low (<25%),4.9,0
448354,0,0.27091387,Medium (25-50%),27.1,0
448577,0,0.022744864,Low (<25%),2.3,0
448654,0,0.0023614597,Low (<25%),0.2,0
448774,0,0.0368523,Low (<25%),3.7,0
448812,0,0.016434304,Low (<25%),1.6,0
448823,1,0.9988174,Critical (>75%),99.9,1
448896,0,0.0014726684,Low (<25%),0.1,0
448912,0,0.024743848,Low (<25%),2.5,0
449046,0,0.0010605857,Low (<25%),0.1,0
449084,0,0.0038137257,Low (<25%),0.4,0
449223,0,0.00054967985,Low (<25%),0.1,0
449417,0,0.018707613,Low (<25%),1.9,0
449441,0,5.235462e-05,Low (<25%),0.0,0
449530,0,0.17115289,Low (<25%),17.1,0
449555,0,0.014394549,Low (<25%),1.4,0
449654,0,0.0130726425,Low (<25%),1.3,0
449843,0,0.010899664,Low (<25%),1.1,0
449858,0,0.0088343145,Low (<25%),0.9,0
450150,0,0.1242949,Low (<25%),12.4,0
450205,0,0.20924546,Low (<25%),20.9,0
450323,0,0.0054485174,Low (<25%),0.5,0
450621,0,0.066760615,Low (<25%),6.7,0
450665,0,0.006553928,Low (<25%),0.7,0
450698,0,0.057618104,Low (<25%),5.8,0
450735,0,0.0003293134,Low (<25%),0.0,0
450865,0,0.010446047,Low (<25%),1.0,0
450888,0,0.009919218,Low (<25%),1.0,0
450896,0,0.03890829,Low (<25%),3.9,0
450995,0,0.0015859341,Low (<25%),0.2,0
451183,1,0.9978362,Critical (>75%),99.8,1
451226,0,0.019332696,Low (<25%),1.9,0
451240,0,0.011100196,Low (<25%),1.1,0
451391,0,0.01035281,Low (<25%),1.0,0
451425,0,0.02021689,Low (<25%),2.0,0
451446,0,0.0059878835,Low (<25%),0.6,0
451469,0,0.0042496747,Low (<25%),0.4,0
451528,0,0.000976724,Low (<25%),0.1,0
451711,0,0.8516821,Critical (>75%),85.2,0
451740,0,0.07769206,Low (<25%),7.8,0
451819,0,0.032756895,Low (<25%),3.3,0
451886,0,0.017113704,Low (<25%),1.7,0
452208,0,0.100759916,Low (<25%),10.1,0
452279,1,0.9968389,Critical (>75%),99.7,1
452282,0,0.011034048,Low (<25%),1.1,0
452342,0,0.07656436,Low (<25%),7.7,0
452417,0,0.0036451123,Low (<25%),0.4,0
452439,0,0.23633416,Low (<25%),23.6,0
452459,1,0.9425893,Critical (>75%),94.3,1
452464,0,0.09640827,Low (<25%),9.6,0
452530,0,0.013350782,Low (<25%),1.3,0
452684,1,0.9641545,Critical (>75%),96.4,1
452725,0,0.018899819,Low (<25%),1.9,0
452873,0,0.009419345,Low (<25%),0.9,0
452976,0,0.02460388,Low (<25%),2.5,0
452985,1,0.9993444,Critical (>75%),99.9,1
452994,0,0.00016313724,Low (<25%),0.0,0
453032,0,0.002975628,Low (<25%),0.3,0
453034,0,0.015585526,Low (<25%),1.6,0
453133,0,0.002558183,Low (<25%),0.3,0
453135,0,0.0028010055,Low (<25%),0.3,0
453136,0,0.009922627,Low (<25%),1.0,0
453349,0,0.00158241,Low (<25%),0.2,0
453408,0,0.029979197,Low (<25%),3.0,0
453448,0,0.12757699,Low (<25%),12.8,0
453466,0,0.23123081,Low (<25%),23.1,0
453654,0,0.023760261,Low (<25%),2.4,0
453719,0,0.0037748218,Low (<25%),0.4,0
453887,0,0.0016864336,Low (<25%),0.2,0
453971,0,0.0018765231,Low (<25%),0.2,0
453972,0,0.002210038,Low (<25%),0.2,0
454022,0,0.0142273195,Low (<25%),1.4,0
454041,0,0.0029512586,Low (<25%),0.3,0
454073,0,0.0020115077,Low (<25%),0.2,0
454145,0,0.042776484,Low (<25%),4.3,0
454327,0,0.08882745,Low (<25%),8.9,0
454440,0,0.004108269,Low (<25%),0.4,0
454471,0,0.0014659872,Low (<25%),0.1,0
454514,0,0.0071483944,Low (<25%),0.7,0
454543,0,0.06415908,Low (<25%),6.4,0
454628,0,0.29757497,Medium (25-50%),29.8,0
454630,0,0.07772183,Low (<25%),7.8,0
454632,0,0.043552216,Low (<25%),4.4,0
454663,0,0.012602809,Low (<25%),1.3,0
454668,0,0.022815607,Low (<25%),2.3,0
454690,0,0.009629368,Low (<25%),1.0,0
454718,0,0.0046075885,Low (<25%),0.5,0
454720,0,0.004157748,Low (<25%),0.4,0
454750,0,0.0070481203,Low (<25%),0.7,0
454880,0,0.009489607,Low (<25%),0.9,0
454985,0,0.03916477,Low (<25%),3.9,0
455023,0,0.011217919,Low (<25%),1.1,0
455068,0,0.0071781124,Low (<25%),0.7,0
455234,1,0.9706372,Critical (>75%),97.1,1
455319,0,0.0018257804,Low (<25%),0.2,0
455474,0,0.008785347,Low (<25%),0.9,0
455594,0,0.0007895025,Low (<25%),0.1,0
455606,0,0.012589246,Low (<25%),1.3,0
455651,0,0.00883097,Low (<25%),0.9,0
455758,1,0.90023446,Critical (>75%),90.0,0
455866,0,0.0010697041,Low (<25%),0.1,0
455892,0,0.008347876,Low (<25%),0.8,0
455896,0,0.0039663143,Low (<25%),0.4,0
455937,0,0.005695283,Low (<25%),0.6,0
455941,0,0.028803077,Low (<25%),2.9,0
456095,0,0.082178496,Low (<25%),8.2,0
456117,0,0.009210723,Low (<25%),0.9,0
456128,0,0.016370207,Low (<25%),1.6,0
456140,0,0.013533135,Low (<25%),1.4,0
456167,0,0.03578006,Low (<25%),3.6,0
456177,0,0.020394487,Low (<25%),2.0,0
456259,0,0.007964307,Low (<25%),0.8,0
456294,0,0.0073385807,Low (<25%),0.7,0
456360,0,0.21315652,Low (<25%),21.3,0
456367,0,0.06841049,Low (<25%),6.8,0
456432,0,0.022280108,Low (<25%),2.2,0
456433,0,0.012625325,Low (<25%),1.3,0
456436,0,0.009615213,Low (<25%),1.0,0
456554,0,0.059458777,Low (<25%),5.9,0
456613,0,0.022211531,Low (<25%),2.2,0
456632,0,0.009904711,Low (<25%),1.0,0
456716,0,0.008718313,Low (<25%),0.9,0
456785,0,0.012956604,Low (<25%),1.3,0
456822,0,0.0054360386,Low (<25%),0.5,0
456839,0,0.01758975,Low (<25%),1.8,0
456887,0,0.031005455,Low (<25%),3.1,0
456958,0,0.002464003,Low (<25%),0.2,0
457077,0,0.0007488246,Low (<25%),0.1,0
457456,0,0.111494854,Low (<25%),11.1,0
457489,0,0.42757154,Medium (25-50%),42.8,0
457525,0,0.0075696427,Low (<25%),0.8,0
457535,0,0.01781892,Low (<25%),1.8,0
457536,0,0.033693515,Low (<25%),3.4,0
457716,0,0.014831594,Low (<25%),1.5,0
457797,0,0.007004134,Low (<25%),0.7,0
458041,0,0.0143302055,Low (<25%),1.4,0
458072,0,0.012397638,Low (<25%),1.2,0
458074,0,0.006950404,Low (<25%),0.7,0
458199,0,0.13408044,Low (<25%),13.4,0
458202,0,0.014218515,Low (<25%),1.4,0
458320,0,0.03144285,Low (<25%),3.1,0
458614,0,0.104087315,Low (<25%),10.4,0
458697,0,0.009159793,Low (<25%),0.9,0
458939,0,0.005372079,Low (<25%),0.5,0
458963,0,0.010154022,Low (<25%),1.0,0
458984,0,0.02707093,Low (<25%),2.7,0
459017,0,0.049032766,Low (<25%),4.9,0
459099,0,0.015481297,Low (<25%),1.5,0
459128,0,0.018209323,Low (<25%),1.8,0
459163,0,0.013782928,Low (<25%),1.4,0
459164,0,0.0061193234,Low (<25%),0.6,0
459223,0,0.0028804042,Low (<25%),0.3,0
459345,0,0.019102398,Low (<25%),1.9,0
459404,0,0.007663118,Low (<25%),0.8,0
459517,0,0.008022472,Low (<25%),0.8,0
459563,0,0.0040710773,Low (<25%),0.4,0
459636,0,0.00721999,Low (<25%),0.7,0
459683,0,0.008080686,Low (<25%),0.8,0
459735,0,0.055701498,Low (<25%),5.6,0
459737,0,0.020480007,Low (<25%),2.0,0
459801,0,0.0014319611,Low (<25%),0.1,0
459835,1,0.9399239,Critical (>75%),94.0,1
459936,0,0.0054899724,Low (<25%),0.5,0
459948,0,0.19782126,Low (<25%),19.8,0
459971,0,0.014961092,Low (<25%),1.5,0
459991,0,0.0022461775,Low (<25%),0.2,0
459999,0,0.08557977,Low (<25%),8.6,0
460025,0,0.015691258,Low (<25%),1.6,0
460037,0,0.04112775,Low (<25%),4.1,0
460043,0,0.040078424,Low (<25%),4.0,0
460058,0,0.062227342,Low (<25%),6.2,0
460091,0,0.001647002,Low (<25%),0.2,0
460110,0,0.0340973,Low (<25%),3.4,0
460207,0,0.0014342907,Low (<25%),0.1,0
460272,0,0.0074241096,Low (<25%),0.7,0
460291,0,0.0031115485,Low (<25%),0.3,0
460349,0,0.0036477402,Low (<25%),0.4,0
460629,0,0.03815448,Low (<25%),3.8,0
460673,1,0.9136659,Critical (>75%),91.4,0
460894,0,0.06429557,Low (<25%),6.4,0
460929,0,0.031512205,Low (<25%),3.2,0
460934,0,0.0047782306,Low (<25%),0.5,0
460938,0,0.004802021,Low (<25%),0.5,0
461012,0,0.0027080264,Low (<25%),0.3,0
461199,0,0.0068020145,Low (<25%),0.7,0
461353,0,0.0008051314,Low (<25%),0.1,0
461354,0,0.0026727265,Low (<25%),0.3,0
461540,0,0.0189922,Low (<25%),1.9,0
461559,0,0.006548326,Low (<25%),0.7,0
461859,0,0.0070117493,Low (<25%),0.7,0
461937,0,0.0416032,Low (<25%),4.2,0
461974,0,0.5081207,High (50-75%),50.8,0
462036,0,0.33460444,Medium (25-50%),33.5,0
462077,0,0.006704346,Low (<25%),0.7,0
462128,0,0.54913074,High (50-75%),54.9,0
462174,0,0.00091043295,Low (<25%),0.1,0
462247,0,0.22125906,Low (<25%),22.1,0
462279,0,0.006465187,Low (<25%),0.6,0
462337,0,0.6729873,High (50-75%),67.3,0
462355,0,0.028411243,Low (<25%),2.8,0
462366,1,0.9995517,Critical (>75%),100.0,1
462459,0,0.07770646,Low (<25%),7.8,0
462495,0,0.0049251225,Low (<25%),0.5,0
462595,0,0.006877342,Low (<25%),0.7,0
462616,0,0.17395087,Low (<25%),17.4,0
462638,0,0.050006084,Low (<25%),5.0,0
462663,0,0.010537391,Low (<25%),1.1,0
462701,0,0.0061926264,Low (<25%),0.6,0
462803,0,0.01860651,Low (<25%),1.9,0
462815,0,0.0060493774,Low (<25%),0.6,0
462833,0,0.007956923,Low (<25%),0.8,0
462974,0,0.04577925,Low (<25%),4.6,0
462993,0,0.060389,Low (<25%),6.0,0
463146,1,0.92136925,Critical (>75%),92.1,0
463230,0,0.023185771,Low (<25%),2.3,0
463263,0,0.08080466,Low (<25%),8.1,0
463298,0,0.0051796148,Low (<25%),0.5,0
463361,0,0.001550283,Low (<25%),0.2,0
463490,0,0.002751635,Low (<25%),0.3,0
463606,0,0.03280939,Low (<25%),3.3,0
463751,0,0.009254362,Low (<25%),0.9,0
463833,1,0.9805886,Critical (>75%),98.1,1
463854,0,0.26601657,Medium (25-50%),26.6,0
463882,0,0.013102044,Low (<25%),1.3,0
463890,0,0.003042178,Low (<25%),0.3,0
463926,0,0.057049062,Low (<25%),5.7,0
463971,0,0.02654386,Low (<25%),2.7,0
464044,0,0.021442823,Low (<25%),2.1,0
464105,0,0.008816366,Low (<25%),0.9,0
464137,0,0.035185374,Low (<25%),3.5,0
464166,0,0.073955566,Low (<25%),7.4,0
464187,0,0.01760772,Low (<25%),1.8,0
464220,0,0.001996309,Low (<25%),0.2,0
464248,0,0.0029668855,Low (<25%),0.3,0
464256,0,0.0055577913,Low (<25%),0.6,0
464385,0,0.049296983,Low (<25%),4.9,0
464394,0,0.006299966,Low (<25%),0.6,0
464447,0,0.006759281,Low (<25%),0.7,0
464606,0,0.0066438057,Low (<25%),0.7,0
464639,1,0.91146123,Critical (>75%),91.1,0
464720,0,0.012057045,Low (<25%),1.2,0
464771,1,0.9985738,Critical (>75%),99.9,1
464799,0,0.034370914,Low (<25%),3.4,0
464828,1,0.89372647,Critical (>75%),89.4,0
464959,0,0.01936828,Low (<25%),1.9,0
464962,0,0.022427479,Low (<25%),2.2,0
464970,0,0.17534745,Low (<25%),17.5,0
465095,0,0.031861216,Low (<25%),3.2,0
465170,0,0.027887773,Low (<25%),2.8,0
465197,0,0.0021308488,Low (<25%),0.2,0
465241,0,0.0002570481,Low (<25%),0.0,0
465260,0,0.012635475,Low (<25%),1.3,0
465347,0,0.1462194,Low (<25%),14.6,0
465412,0,0.009997997,Low (<25%),1.0,0
465421,0,0.058792744,Low (<25%),5.9,0
465424,0,0.014768656,Low (<25%),1.5,0
465530,0,0.001657755,Low (<25%),0.2,0
465540,0,0.017313557,Low (<25%),1.7,0
465570,0,0.0016789415,Low (<25%),0.2,0
465603,0,0.018512977,Low (<25%),1.9,0
465692,0,0.33486587,Medium (25-50%),33.5,0
465729,0,0.084226914,Low (<25%),8.4,0
465741,0,0.013671455,Low (<25%),1.4,0
465746,0,0.26556545,Medium (25-50%),26.6,0
465842,0,0.021594383,Low (<25%),2.2,0
465891,0,0.11992425,Low (<25%),12.0,0
465931,0,0.002755478,Low (<25%),0.3,0
465962,0,0.0018065812,Low (<25%),0.2,0
465980,0,0.060770817,Low (<25%),6.1,0
465990,0,0.045345996,Low (<25%),4.5,0
466147,0,0.108716,Low (<25%),10.9,0
466645,0,0.011927699,Low (<25%),1.2,0
466754,0,0.2827453,Medium (25-50%),28.3,0
466781,0,0.0037903031,Low (<25%),0.4,0
466795,0,0.007949238,Low (<25%),0.8,0
466813,1,0.9440202,Critical (>75%),94.4,1
466862,0,0.040972114,Low (<25%),4.1,0
466865,0,0.036968242,Low (<25%),3.7,0
466953,0,0.020347651,Low (<25%),2.0,0
466998,0,0.016315842,Low (<25%),1.6,0
467046,0,0.030720515,Low (<25%),3.1,0
467143,0,0.007185786,Low (<25%),0.7,0
467151,0,0.10396729,Low (<25%),10.4,0
467175,0,0.015582054,Low (<25%),1.6,0
467182,0,0.04460914,Low (<25%),4.5,0
467222,0,0.015014615,Low (<25%),1.5,0
467249,1,0.9153369,Critical (>75%),91.5,0
467359,0,0.08770807,Low (<25%),8.8,0
467361,0,0.003491292,Low (<25%),0.3,0
467382,0,0.16500935,Low (<25%),16.5,0
467401,0,0.050133545,Low (<25%),5.0,0
467455,1,0.9983966,Critical (>75%),99.8,1
467510,1,0.9135792,Critical (>75%),91.4,0
467607,0,0.0011379031,Low (<25%),0.1,0
467631,0,0.0036344496,Low (<25%),0.4,0
467848,0,0.0019965342,Low (<25%),0.2,0
467926,0,0.0475801,Low (<25%),4.8,0
467945,0,0.020791117,Low (<25%),2.1,0
468067,0,0.010592494,Low (<25%),1.1,0
468138,0,0.10411959,Low (<25%),10.4,0
468192,0,0.042763393,Low (<25%),4.3,0
468220,0,0.044853073,Low (<25%),4.5,0
468310,0,0.0071320944,Low (<25%),0.7,0
468516,0,0.027354889,Low (<25%),2.7,0
468945,0,0.009867712,Low (<25%),1.0,0
468970,0,0.0031173043,Low (<25%),0.3,0
469075,0,0.02842925,Low (<25%),2.8,0
469230,0,0.01934528,Low (<25%),1.9,0
469238,0,0.011317061,Low (<25%),1.1,0
469404,0,0.017303467,Low (<25%),1.7,0
469616,0,0.21267603,Low (<25%),21.3,0
469660,0,0.018981703,Low (<25%),1.9,0
469684,0,0.0055668303,Low (<25%),0.6,0
469718,0,0.01488554,Low (<25%),1.5,0
469781,0,0.07394212,Low (<25%),7.4,0
469977,0,0.022356385,Low (<25%),2.2,0
470022,0,0.00841591,Low (<25%),0.8,0
470076,0,0.00399086,Low (<25%),0.4,0
470123,0,0.0050994987,Low (<25%),0.5,0
470245,0,0.0048404,Low (<25%),0.5,0
470272,0,0.01583205,Low (<25%),1.6,0
470323,0,0.011251295,Low (<25%),1.1,0
470334,1,0.9140133,Critical (>75%),91.4,0
470373,1,0.8457332,Critical (>75%),84.6,0
470381,0,0.1461825,Low (<25%),14.6,0
470469,0,0.036799245,Low (<25%),3.7,0
470480,0,0.012065386,Low (<25%),1.2,0
470591,0,0.0012693651,Low (<25%),0.1,0
470671,0,0.017998686,Low (<25%),1.8,0
470738,0,0.03218735,Low (<25%),3.2,0
470989,0,0.0038244494,Low (<25%),0.4,0
471000,0,0.00409558,Low (<25%),0.4,0
471015,0,0.0005558557,Low (<25%),0.1,0
471098,0,0.004199647,Low (<25%),0.4,0
471170,0,0.014688741,Low (<25%),1.5,0
471188,0,0.13160235,Low (<25%),13.2,0
471204,0,0.12711595,Low (<25%),12.7,0
471440,0,0.21382421,Low (<25%),21.4,0
471460,0,0.0011446287,Low (<25%),0.1,0
471523,0,0.08483108,Low (<25%),8.5,0
471583,0,0.013940318,Low (<25%),1.4,0
471662,0,0.004548404,Low (<25%),0.5,0
471858,0,0.01694611,Low (<25%),1.7,0
472009,0,0.003600011,Low (<25%),0.4,0
472225,0,0.0011737199,Low (<25%),0.1,0
472314,0,0.011833143,Low (<25%),1.2,0
472325,0,0.008091739,Low (<25%),0.8,0
472356,0,0.01613957,Low (<25%),1.6,0
472373,0,0.032901317,Low (<25%),3.3,0
472405,0,0.12835649,Low (<25%),12.8,0
472445,1,0.99705195,Critical (>75%),99.7,1
472488,1,0.9979881,Critical (>75%),99.8,1
472521,0,0.0027106623,Low (<25%),0.3,0
472532,0,0.0034156945,Low (<25%),0.3,0
472540,0,0.006411915,Low (<25%),0.6,0
472589,1,0.9392845,Critical (>75%),93.9,1
472674,0,0.006650219,Low (<25%),0.7,0
472692,0,0.005078437,Low (<25%),0.5,0
472695,0,0.008305451,Low (<25%),0.8,0
472719,0,0.09698592,Low (<25%),9.7,0
472787,0,0.005556732,Low (<25%),0.6,0
472824,0,0.005014196,Low (<25%),0.5,0
472879,0,0.014334282,Low (<25%),1.4,0
472933,0,0.04614255,Low (<25%),4.6,0
472942,0,0.003299382,Low (<25%),0.3,0
472964,0,0.012766391,Low (<25%),1.3,0
473093,0,0.012812485,Low (<25%),1.3,0
473144,0,0.04360717,Low (<25%),4.4,0
473194,0,0.20392667,Low (<25%),20.4,0
473204,0,0.005981263,Low (<25%),0.6,0
473259,0,0.15537496,Low (<25%),15.5,0
473409,0,0.010249657,Low (<25%),1.0,0
473410,0,0.041372564,Low (<25%),4.1,0
473548,0,0.016305376,Low (<25%),1.6,0
473563,0,0.02476854,Low (<25%),2.5,0
473564,1,0.9989009,Critical (>75%),99.9,1
473622,0,0.009495615,Low (<25%),0.9,0
473636,0,0.02145125,Low (<25%),2.1,0
473674,0,0.0003923366,Low (<25%),0.0,0
473758,0,0.019081024,Low (<25%),1.9,0
473772,0,0.0021921406,Low (<25%),0.2,0
473775,0,0.021135977,Low (<25%),2.1,0
473786,0,0.005892792,Low (<25%),0.6,0
474174,1,0.96830887,Critical (>75%),96.8,1
474305,0,0.005312755,Low (<25%),0.5,0
474333,0,0.0030715289,Low (<25%),0.3,0
474342,0,0.013973109,Low (<25%),1.4,0
474458,0,0.026754087,Low (<25%),2.7,0
474752,0,0.017045652,Low (<25%),1.7,0
474779,0,0.7445068,High (50-75%),74.5,0
474846,0,0.0018625674,Low (<25%),0.2,0
474894,0,0.003926716,Low (<25%),0.4,0
474905,0,0.70768374,High (50-75%),70.8,0
474921,0,0.049197216,Low (<25%),4.9,0
474945,0,0.028296316,Low (<25%),2.8,0
475034,0,0.00083513686,Low (<25%),0.1,0
475123,0,0.0028890728,Low (<25%),0.3,0
475132,0,0.0014515462,Low (<25%),0.1,0
475172,0,0.20974053,Low (<25%),21.0,0
475175,0,0.049952447,Low (<25%),5.0,0
475233,0,0.0074980943,Low (<25%),0.7,0
475395,1,0.8573902,Critical (>75%),85.7,0
475500,0,0.013647371,Low (<25%),1.4,0
475532,0,0.005839033,Low (<25%),0.6,0
475535,0,0.0055646794,Low (<25%),0.6,0
475550,0,0.011720478,Low (<25%),1.2,0
475634,0,0.13517253,Low (<25%),13.5,0
475690,0,0.012716068,Low (<25%),1.3,0
475713,0,0.030565318,Low (<25%),3.1,0
475930,1,0.995478,Critical (>75%),99.5,1
475950,0,0.035869095,Low (<25%),3.6,0
475974,0,0.021341706,Low (<25%),2.1,0
475991,0,0.008763442,Low (<25%),0.9,0
476068,0,0.0038103703,Low (<25%),0.4,0
476258,0,0.008689185,Low (<25%),0.9,0
476288,0,0.0034784602,Low (<25%),0.3,0
476327,0,0.05295532,Low (<25%),5.3,0
476431,0,0.01683518,Low (<25%),1.7,0
476477,0,0.031258173,Low (<25%),3.1,0
476497,0,0.027326852,Low (<25%),2.7,0
476539,0,0.04095039,Low (<25%),4.1,0
476571,0,0.025221732,Low (<25%),2.5,0
476648,0,0.0055459733,Low (<25%),0.6,0
476652,0,0.0044056727,Low (<25%),0.4,0
476875,0,0.026830308,Low (<25%),2.7,0
477157,0,0.000576531,Low (<25%),0.1,0
477219,0,0.0030267457,Low (<25%),0.3,0
477295,0,0.005850013,Low (<25%),0.6,0
477362,0,0.09215712,Low (<25%),9.2,0
477468,0,0.027759893,Low (<25%),2.8,0
477517,0,0.0099363625,Low (<25%),1.0,0
477598,0,0.057727814,Low (<25%),5.8,0
477676,0,0.008441607,Low (<25%),0.8,0
477739,0,0.011596509,Low (<25%),1.2,0
477787,0,0.069582544,Low (<25%),7.0,0
477869,0,0.01582142,Low (<25%),1.6,0
477993,0,0.005698405,Low (<25%),0.6,0
478050,0,0.040462513,Low (<25%),4.0,0
478107,0,0.33424535,Medium (25-50%),33.4,0
478108,0,0.0031767436,Low (<25%),0.3,0
478127,0,0.098142676,Low (<25%),9.8,0
478142,0,0.084534034,Low (<25%),8.5,0
478247,0,0.0005146026,Low (<25%),0.1,0
478278,0,0.0045112637,Low (<25%),0.5,0
478315,0,0.0022512153,Low (<25%),0.2,0
478373,0,0.02946866,Low (<25%),2.9,0
478431,0,0.0017144097,Low (<25%),0.2,0
478666,0,0.0019540556,Low (<25%),0.2,0
478700,0,0.03289659,Low (<25%),3.3,0
478770,0,0.012644223,Low (<25%),1.3,0
478785,0,0.20066743,Low (<25%),20.1,0
478792,0,0.009081818,Low (<25%),0.9,0
478890,0,0.002562255,Low (<25%),0.3,0
478912,0,0.0018398479,Low (<25%),0.2,0
478986,0,0.018065825,Low (<25%),1.8,0
479015,0,0.0019143989,Low (<25%),0.2,0
479198,0,0.0751813,Low (<25%),7.5,0
479278,0,0.016872164,Low (<25%),1.7,0
479445,0,0.0011594517,Low (<25%),0.1,0
479509,0,0.36675546,Medium (25-50%),36.7,0
479593,0,0.0056740977,Low (<25%),0.6,0
479724,0,0.0043385183,Low (<25%),0.4,0
479766,0,0.010067146,Low (<25%),1.0,0
479815,0,0.02603771,Low (<25%),2.6,0
479872,0,0.0028118053,Low (<25%),0.3,0
479950,0,0.1163762,Low (<25%),11.6,0
479960,0,0.019801265,Low (<25%),2.0,0
480158,0,0.0065983864,Low (<25%),0.7,0
480200,0,0.0044342936,Low (<25%),0.4,0
480203,0,0.0017121368,Low (<25%),0.2,0
480239,0,0.014060956,Low (<25%),1.4,0
480259,0,0.19229802,Low (<25%),19.2,0
480275,0,0.0057588485,Low (<25%),0.6,0
480435,1,0.99768436,Critical (>75%),99.8,1
480502,0,0.09021665,Low (<25%),9.0,0
480732,0,0.040547147,Low (<25%),4.1,0
480760,0,0.0014450509,Low (<25%),0.1,0
480846,0,0.03451356,Low (<25%),3.5,0
480864,0,0.0030691002,Low (<25%),0.3,0
480872,0,3.2997774e-05,Low (<25%),0.0,0
480909,0,0.013154581,Low (<25%),1.3,0
480934,0,0.12942955,Low (<25%),12.9,0
480957,0,0.056118164,Low (<25%),5.6,0
481018,0,0.005233087,Low (<25%),0.5,0
481028,0,0.0028157388,Low (<25%),0.3,0
481048,0,0.015186253,Low (<25%),1.5,0
481076,0,0.26130795,Medium (25-50%),26.1,0
481105,0,0.0015612326,Low (<25%),0.2,0
481191,0,0.04403545,Low (<25%),4.4,0
481293,0,0.0024616425,Low (<25%),0.2,0
481457,0,0.0011920308,Low (<25%),0.1,0
481660,0,0.004402081,Low (<25%),0.4,0
481851,0,0.23854671,Low (<25%),23.9,0
481857,0,0.011689192,Low (<25%),1.2,0
481860,0,0.1996124,Low (<25%),20.0,0
481893,0,0.0075956513,Low (<25%),0.8,0
481902,1,0.99885833,Critical (>75%),99.9,1
481931,0,0.013883605,Low (<25%),1.4,0
481955,0,0.0068199355,Low (<25%),0.7,0
481987,1,0.9994708,Critical (>75%),99.9,1
482169,0,0.017201351,Low (<25%),1.7,0
482218,0,0.019726599,Low (<25%),2.0,0
482256,0,0.0040509026,Low (<25%),0.4,0
482345,0,0.028190816,Low (<25%),2.8,0
482351,0,0.00879909,Low (<25%),0.9,0
482402,0,0.0042392174,Low (<25%),0.4,0
482525,0,0.024134481,Low (<25%),2.4,0
482528,0,0.07590043,Low (<25%),7.6,0
482551,0,0.0025849985,Low (<25%),0.3,0
482561,0,0.01875018,Low (<25%),1.9,0
482681,0,0.0037760306,Low (<25%),0.4,0
482711,0,0.0017275285,Low (<25%),0.2,0
482882,0,0.14907031,Low (<25%),14.9,0
482922,0,0.016287733,Low (<25%),1.6,0
482940,0,0.006178468,Low (<25%),0.6,0
483125,0,0.0055974843,Low (<25%),0.6,0
483154,0,0.00038882802,Low (<25%),0.0,0
483198,0,0.029906828,Low (<25%),3.0,0
483436,0,0.0038138814,Low (<25%),0.4,0
483623,0,0.010483699,Low (<25%),1.0,0
483627,0,0.010550115,Low (<25%),1.1,0
483631,1,0.85011864,Critical (>75%),85.0,0
483747,1,0.99800056,Critical (>75%),99.8,1
483768,0,0.052449927,Low (<25%),5.2,0
483863,0,0.0068993308,Low (<25%),0.7,0
483899,0,0.009240954,Low (<25%),0.9,0
484194,0,0.041391995,Low (<25%),4.1,0
484243,0,0.0033017553,Low (<25%),0.3,0
484317,0,0.041140106,Low (<25%),4.1,0
484422,0,0.02997797,Low (<25%),3.0,0
484446,0,0.003927335,Low (<25%),0.4,0
484495,0,0.006480912,Low (<25%),0.6,0
484504,0,0.0048678746,Low (<25%),0.5,0
484543,1,0.9991357,Critical (>75%),99.9,1
484592,0,0.021015145,Low (<25%),2.1,0
484625,0,0.0011633503,Low (<25%),0.1,0
484718,0,0.026795756,Low (<25%),2.7,0
484733,0,0.11950826,Low (<25%),12.0,0
484774,0,0.09362184,Low (<25%),9.4,0
484811,0,0.06379043,Low (<25%),6.4,0
484853,0,0.012251144,Low (<25%),1.2,0
484894,0,0.00044065437,Low (<25%),0.0,0
485040,0,0.08124276,Low (<25%),8.1,0
485062,0,0.026678137,Low (<25%),2.7,0
485196,0,0.04954322,Low (<25%),5.0,0
485258,1,0.935799,Critical (>75%),93.6,1
485280,0,0.024189534,Low (<25%),2.4,0
485281,1,0.8846239,Critical (>75%),88.5,0
485282,0,0.028758263,Low (<25%),2.9,0
485283,0,0.031340674,Low (<25%),3.1,0
485330,0,0.0037149927,Low (<25%),0.4,0
485383,0,0.028920047,Low (<25%),2.9,0
485397,0,0.015934264,Low (<25%),1.6,0
485557,0,0.0166351,Low (<25%),1.7,0
485674,0,0.0071470207,Low (<25%),0.7,0
485742,0,0.08348555,Low (<25%),8.3,0
485745,0,0.0047200536,Low (<25%),0.5,0
485787,0,0.06442377,Low (<25%),6.4,0
485795,0,0.008285064,Low (<25%),0.8,0
485845,0,0.008714345,Low (<25%),0.9,0
485933,0,0.004621983,Low (<25%),0.5,0
486048,0,0.007798182,Low (<25%),0.8,0
486075,0,0.004800768,Low (<25%),0.5,0
486112,0,0.1227532,Low (<25%),12.3,0
486117,0,0.0051252944,Low (<25%),0.5,0
486139,0,0.0052917097,Low (<25%),0.5,0
486197,0,0.0023831972,Low (<25%),0.2,0
486200,0,0.00036352195,Low (<25%),0.0,0
486226,0,0.0018681564,Low (<25%),0.2,0
486359,0,0.026138492,Low (<25%),2.6,0
486600,0,0.023346573,Low (<25%),2.3,0
486708,1,0.90560466,Critical (>75%),90.6,0
486776,0,0.016851857,Low (<25%),1.7,0
486831,0,0.15399534,Low (<25%),15.4,0
486860,0,0.5207615,High (50-75%),52.1,0
486890,0,0.0031705871,Low (<25%),0.3,0
486897,0,0.0011395768,Low (<25%),0.1,0
486909,0,0.0047426377,Low (<25%),0.5,0
486933,0,0.014279914,Low (<25%),1.4,0
486955,0,0.014642423,Low (<25%),1.5,0
486956,0,0.0013261113,Low (<25%),0.1,0
487070,0,0.002662586,Low (<25%),0.3,0
487195,0,0.00821581,Low (<25%),0.8,0
487212,0,0.004426274,Low (<25%),0.4,0
487228,0,0.47867703,Medium (25-50%),47.9,0
487359,0,0.003441983,Low (<25%),0.3,0
487486,0,0.027347822,Low (<25%),2.7,0
487605,0,0.011581544,Low (<25%),1.2,0
487726,0,0.032868173,Low (<25%),3.3,0
487727,0,0.002287566,Low (<25%),0.2,0
487777,0,0.0047458573,Low (<25%),0.5,0
487799,0,0.0014046545,Low (<25%),0.1,0
487807,0,0.007666249,Low (<25%),0.8,0
487901,0,0.0028927098,Low (<25%),0.3,0
487930,0,0.05305037,Low (<25%),5.3,0
488009,0,0.6995755,High (50-75%),70.0,0
488044,0,0.006579806,Low (<25%),0.7,0
488071,0,0.006466813,Low (<25%),0.6,0
488130,0,0.0006146884,Low (<25%),0.1,0
488188,0,0.0120635675,Low (<25%),1.2,0
488268,0,0.0026238856,Low (<25%),0.3,0
488303,0,0.042167444,Low (<25%),4.2,0
488535,0,0.010013986,Low (<25%),1.0,0
488549,0,0.0636944,Low (<25%),6.4,0
488647,0,0.15751949,Low (<25%),15.8,0
488675,0,0.005434616,Low (<25%),0.5,0
488679,0,0.017575508,Low (<25%),1.8,0
488799,0,0.031123785,Low (<25%),3.1,0
488811,0,0.0013973522,Low (<25%),0.1,0
488853,0,0.016289499,Low (<25%),1.6,0
488872,0,0.0033154022,Low (<25%),0.3,0
488884,0,0.06954019,Low (<25%),7.0,0
489108,0,0.004440126,Low (<25%),0.4,0
489115,0,0.031521797,Low (<25%),3.2,0
489221,0,0.24203289,Low (<25%),24.2,0
489244,0,0.0013462508,Low (<25%),0.1,0
489279,0,0.0068907505,Low (<25%),0.7,0
489301,0,0.006558754,Low (<25%),0.7,0
489335,0,0.023607278,Low (<25%),2.4,0
489371,0,0.006703647,Low (<25%),0.7,0
489391,0,0.000363496,Low (<25%),0.0,0
489523,0,0.002987157,Low (<25%),0.3,0
489534,0,0.0019059125,Low (<25%),0.2,0
489549,0,0.041402232,Low (<25%),4.1,0
489609,1,0.8738838,Critical (>75%),87.4,0
489628,0,0.29362673,Medium (25-50%),29.4,0
489781,0,0.033807047,Low (<25%),3.4,0
489842,0,0.0014359239,Low (<25%),0.1,0
489856,0,0.013094019,Low (<25%),1.3,0
489956,0,0.038014527,Low (<25%),3.8,0
489985,0,0.014585909,Low (<25%),1.5,0
490053,0,0.0043976945,Low (<25%),0.4,0
490250,0,0.013640369,Low (<25%),1.4,0
490439,1,0.97007465,Critical (>75%),97.0,1
490479,0,0.006076391,Low (<25%),0.6,0
490487,0,0.026700996,Low (<25%),2.7,0
490553,0,0.026840668,Low (<25%),2.7,0
490562,0,0.3398587,Medium (25-50%),34.0,0
490563,0,0.02486908,Low (<25%),2.5,0
490774,0,0.04777523,Low (<25%),4.8,0
490806,0,0.04933253,Low (<25%),4.9,0
490824,0,0.028433813,Low (<25%),2.8,0
490840,0,0.016243808,Low (<25%),1.6,0
490860,0,0.008347102,Low (<25%),0.8,0
490932,0,0.0067273844,Low (<25%),0.7,0
490984,0,0.022725454,Low (<25%),2.3,0
491005,0,0.30827585,Medium (25-50%),30.8,0
491122,0,0.04692254,Low (<25%),4.7,0
491242,0,0.00083821936,Low (<25%),0.1,0
491244,0,0.041895013,Low (<25%),4.2,0
491253,0,0.020548133,Low (<25%),2.1,0
491310,0,0.04877549,Low (<25%),4.9,0
491351,0,0.020403014,Low (<25%),2.0,0
491369,0,0.17396452,Low (<25%),17.4,0
491391,0,0.0025752222,Low (<25%),0.3,0
491404,0,0.034138728,Low (<25%),3.4,0
491481,0,0.00041440185,Low (<25%),0.0,0
491513,0,0.04997721,Low (<25%),5.0,0
491690,0,0.0018357403,Low (<25%),0.2,0
491773,0,0.016923105,Low (<25%),1.7,0
491907,0,0.004908505,Low (<25%),0.5,0
491948,0,0.027754309,Low (<25%),2.8,0
491986,0,0.004695579,Low (<25%),0.5,0
491987,0,0.027871963,Low (<25%),2.8,0
492036,1,0.98510844,Critical (>75%),98.5,1
492090,0,0.0018356389,Low (<25%),0.2,0
492158,0,0.0014879133,Low (<25%),0.1,0
492159,0,0.041978057,Low (<25%),4.2,0
492165,0,0.011984473,Low (<25%),1.2,0
492226,0,0.00039136628,Low (<25%),0.0,0
492367,0,0.8471538,Critical (>75%),84.7,0
492401,0,0.021743981,Low (<25%),2.2,0
492433,0,0.009768283,Low (<25%),1.0,0
492496,0,0.0007143023,Low (<25%),0.1,0
492505,0,0.025329387,Low (<25%),2.5,0
492575,1,0.9945773,Critical (>75%),99.5,1
492695,0,0.02915077,Low (<25%),2.9,0
492757,0,0.016916547,Low (<25%),1.7,0
492789,0,0.021761084,Low (<25%),2.2,0
492812,0,0.022526555,Low (<25%),2.3,0
492883,0,0.018517727,Low (<25%),1.9,0
492966,0,0.051157206,Low (<25%),5.1,0
492973,0,0.00073726696,Low (<25%),0.1,0
493061,0,0.017776893,Low (<25%),1.8,0
493088,0,0.0009792323,Low (<25%),0.1,0
493283,0,0.022159984,Low (<25%),2.2,0
493350,0,0.021451319,Low (<25%),2.1,0
493369,0,0.05817347,Low (<25%),5.8,0
493427,0,0.0018739295,Low (<25%),0.2,0
493598,0,0.0027490754,Low (<25%),0.3,0
493640,0,0.0020060723,Low (<25%),0.2,0
493677,0,0.0024001538,Low (<25%),0.2,0
493775,0,0.012894762,Low (<25%),1.3,0
493800,0,0.009120956,Low (<25%),0.9,0
493819,0,0.009297575,Low (<25%),0.9,0
493894,0,0.03446583,Low (<25%),3.4,0
493925,0,0.042613473,Low (<25%),4.3,0
493972,0,0.04674785,Low (<25%),4.7,0
494062,0,0.0111880815,Low (<25%),1.1,0
494179,0,0.0051741893,Low (<25%),0.5,0
494206,0,0.005541389,Low (<25%),0.6,0
494213,0,0.009593759,Low (<25%),1.0,0
494263,0,0.0034158097,Low (<25%),0.3,0
494284,0,0.056691833,Low (<25%),5.7,0
494384,0,0.02756049,Low (<25%),2.8,0
494498,0,0.0060087545,Low (<25%),0.6,0
494515,0,0.06786241,Low (<25%),6.8,0
494600,0,0.009590479,Low (<25%),1.0,0
494885,0,0.019162249,Low (<25%),1.9,0
494887,0,0.0652828,Low (<25%),6.5,0
494899,0,0.03152153,Low (<25%),3.2,0
495027,0,0.19085565,Low (<25%),19.1,0
495058,0,0.042306524,Low (<25%),4.2,0
495148,0,0.04236015,Low (<25%),4.2,0
495168,0,0.010572249,Low (<25%),1.1,0
495253,0,0.008405279,Low (<25%),0.8,0
495286,0,0.042684916,Low (<25%),4.3,0
495381,0,0.012033003,Low (<25%),1.2,0
495403,0,0.008559127,Low (<25%),0.9,0
495707,0,0.035645943,Low (<25%),3.6,0
495773,0,0.0024690656,Low (<25%),0.2,0
495787,0,0.017863875,Low (<25%),1.8,0
495912,0,0.009082221,Low (<25%),0.9,0
495942,0,0.003213379,Low (<25%),0.3,0
496014,0,0.006538063,Low (<25%),0.7,0
496191,0,0.015168178,Low (<25%),1.5,0
496233,0,0.107106656,Low (<25%),10.7,0
496325,0,0.0017291033,Low (<25%),0.2,0
496329,0,0.030969474,Low (<25%),3.1,0
496371,0,0.020676743,Low (<25%),2.1,0
496387,0,0.022264237,Low (<25%),2.2,0
496403,1,0.98960435,Critical (>75%),99.0,1
496675,0,0.016486373,Low (<25%),1.6,0
496686,1,0.9972076,Critical (>75%),99.7,1
496728,0,0.04902195,Low (<25%),4.9,0
496759,0,0.048165377,Low (<25%),4.8,0
496820,0,0.039875027,Low (<25%),4.0,0
496831,0,0.013692736,Low (<25%),1.4,0
497106,0,0.04058135,Low (<25%),4.1,0
497108,0,0.008323906,Low (<25%),0.8,0
497194,0,0.0028375415,Low (<25%),0.3,0
497201,0,0.039297067,Low (<25%),3.9,0
497281,0,0.0021115297,Low (<25%),0.2,0
497421,0,0.010312281,Low (<25%),1.0,0
497467,0,0.0052355547,Low (<25%),0.5,0
497494,0,0.018912222,Low (<25%),1.9,0
497576,0,0.00013387714,Low (<25%),0.0,0
497613,0,0.01321182,Low (<25%),1.3,0
497648,0,0.0017477941,Low (<25%),0.2,0
497784,0,0.022024333,Low (<25%),2.2,0
497836,0,0.016108437,Low (<25%),1.6,0
497854,0,0.0067284266,Low (<25%),0.7,0
497861,0,0.023090683,Low (<25%),2.3,0
497891,0,0.0045524733,Low (<25%),0.5,0
498028,0,0.0030450153,Low (<25%),0.3,0
498030,0,0.015280403,Low (<25%),1.5,0
498149,0,0.11665057,Low (<25%),11.7,0
498319,0,0.26255536,Medium (25-50%),26.3,0
498514,0,0.0012922075,Low (<25%),0.1,0
498573,0,0.004628804,Low (<25%),0.5,0
498587,0,0.13007228,Low (<25%),13.0,0
498610,0,0.35125092,Medium (25-50%),35.1,0
498632,0,0.0077583296,Low (<25%),0.8,0
498643,0,0.0018384414,Low (<25%),0.2,0
498644,0,0.0039726133,Low (<25%),0.4,0
498694,0,0.010754119,Low (<25%),1.1,0
498793,0,0.0024838594,Low (<25%),0.2,0
498897,0,0.12187481,Low (<25%),12.2,0
498923,0,0.03718833,Low (<25%),3.7,0
498932,0,0.028539425,Low (<25%),2.9,0
498989,0,0.031438477,Low (<25%),3.1,0
499027,0,0.0018492304,Low (<25%),0.2,0
499089,0,0.02554099,Low (<25%),2.6,0
499128,0,0.00911321,Low (<25%),0.9,0
499132,0,0.0143376235,Low (<25%),1.4,0
499482,0,0.00060630887,Low (<25%),0.1,0
499518,0,0.06956097,Low (<25%),7.0,0
499563,0,0.004130856,Low (<25%),0.4,0
499658,0,0.018900406,Low (<25%),1.9,0
499874,0,0.0016565354,Low (<25%),0.2,0
499875,0,0.032122,Low (<25%),3.2,0
499890,0,0.0024188028,Low (<25%),0.2,0
499932,0,0.0009038214,Low (<25%),0.1,0
499945,0,0.008910268,Low (<25%),0.9,0
499963,0,0.004376698,Low (<25%),0.4,0
500022,0,0.0061868154,Low (<25%),0.6,0
500026,0,0.16262992,Low (<25%),16.3,0
500038,0,0.0023230796,Low (<25%),0.2,0
500058,1,0.99712294,Critical (>75%),99.7,1
500060,0,0.009554371,Low (<25%),1.0,0
500248,0,0.0011589349,Low (<25%),0.1,0
500280,0,0.0028604877,Low (<25%),0.3,0
500374,0,0.00041696365,Low (<25%),0.0,0
500455,0,0.01632604,Low (<25%),1.6,0
500759,0,0.008469188,Low (<25%),0.8,0
500767,0,0.0031163252,Low (<25%),0.3,0
500782,0,0.04664073,Low (<25%),4.7,0
500788,0,0.002394117,Low (<25%),0.2,0
501030,0,0.010994479,Low (<25%),1.1,0
501109,0,0.008762949,Low (<25%),0.9,0
501131,0,0.0013883746,Low (<25%),0.1,0
501209,0,0.07870102,Low (<25%),7.9,0
501278,0,0.03909637,Low (<25%),3.9,0
501363,0,0.014913254,Low (<25%),1.5,0
501490,0,0.00082659983,Low (<25%),0.1,0
501551,0,0.0033284887,Low (<25%),0.3,0
501552,0,0.04758505,Low (<25%),4.8,0
501569,1,0.9985984,Critical (>75%),99.9,1
501602,0,0.06118831,Low (<25%),6.1,0
501655,0,0.009457381,Low (<25%),0.9,0
501699,0,0.0032491959,Low (<25%),0.3,0
501704,0,0.013539025,Low (<25%),1.4,0
501854,0,0.0069140587,Low (<25%),0.7,0
501856,0,0.010384163,Low (<25%),1.0,0
501877,0,0.0001332349,Low (<25%),0.0,0
501976,0,0.018571548,Low (<25%),1.9,0
502012,0,0.004992516,Low (<25%),0.5,0
502023,0,0.17394613,Low (<25%),17.4,0
502141,0,0.0064290836,Low (<25%),0.6,0
502163,0,0.01741876,Low (<25%),1.7,0
502212,0,0.020190388,Low (<25%),2.0,0
502376,0,0.002757296,Low (<25%),0.3,0
502390,0,0.007283455,Low (<25%),0.7,0
502534,0,0.016975146,Low (<25%),1.7,0
502573,0,0.0002858873,Low (<25%),0.0,0
502585,0,0.08305848,Low (<25%),8.3,0
502592,0,0.006775396,Low (<25%),0.7,0
502615,0,0.0066037304,Low (<25%),0.7,0
502670,0,0.00081518735,Low (<25%),0.1,0
502708,0,0.026319573,Low (<25%),2.6,0
502745,0,0.064026184,Low (<25%),6.4,0
502848,0,0.0004916323,Low (<25%),0.0,0
502943,0,0.03663921,Low (<25%),3.7,0
502946,0,0.1387919,Low (<25%),13.9,0
502977,0,0.014328179,Low (<25%),1.4,0
503217,0,0.0069059664,Low (<25%),0.7,0
503257,0,0.03621692,Low (<25%),3.6,0
503305,0,0.073796704,Low (<25%),7.4,0
503357,0,0.00494424,Low (<25%),0.5,0
503494,0,0.33041915,Medium (25-50%),33.0,0
503560,0,0.009672664,Low (<25%),1.0,0
503573,0,0.012240404,Low (<25%),1.2,0
503598,0,0.046905503,Low (<25%),4.7,0
503615,0,0.0045245728,Low (<25%),0.5,0
503638,0,0.00067373284,Low (<25%),0.1,0
503673,0,0.037634205,Low (<25%),3.8,0
503832,0,0.0045770523,Low (<25%),0.5,0
503938,0,0.014010725,Low (<25%),1.4,0
504078,0,0.0015460147,Low (<25%),0.2,0
504208,0,0.0026763119,Low (<25%),0.3,0
504219,0,0.009404066,Low (<25%),0.9,0
504260,0,0.008181364,Low (<25%),0.8,0
504311,0,0.02316415,Low (<25%),2.3,0
504403,0,0.16491814,Low (<25%),16.5,0
504525,0,0.010892357,Low (<25%),1.1,0
504564,0,0.12541845,Low (<25%),12.5,0
504589,0,0.020105937,Low (<25%),2.0,0
504638,0,0.042385284,Low (<25%),4.2,0
504715,0,0.05566624,Low (<25%),5.6,0
504802,0,0.012742657,Low (<25%),1.3,0
504860,0,0.06272704,Low (<25%),6.3,0
504867,0,0.0011538767,Low (<25%),0.1,0
504919,0,0.0061079976,Low (<25%),0.6,0
505179,0,0.11968226,Low (<25%),12.0,0
505204,0,0.06027349,Low (<25%),6.0,0
505390,0,0.0008536185,Low (<25%),0.1,0
505680,0,0.002177675,Low (<25%),0.2,0
505776,0,0.00933549,Low (<25%),0.9,0
505779,0,0.0046617384,Low (<25%),0.5,0
505790,0,0.014293948,Low (<25%),1.4,0
505798,0,0.0014342341,Low (<25%),0.1,0
505962,0,0.015212091,Low (<25%),1.5,0
506170,0,0.019176155,Low (<25%),1.9,0
506190,0,0.010163228,Low (<25%),1.0,0
506193,1,0.9469384,Critical (>75%),94.7,1
506252,0,0.7196877,High (50-75%),72.0,0
506293,1,0.99902165,Critical (>75%),99.9,1
506372,0,0.069101654,Low (<25%),6.9,0
506400,0,0.0057254834,Low (<25%),0.6,0
506418,0,0.0046232315,Low (<25%),0.5,0
506572,0,0.015064928,Low (<25%),1.5,0
506746,0,0.005279751,Low (<25%),0.5,0
506776,0,0.0073267207,Low (<25%),0.7,0
507005,0,0.0031105161,Low (<25%),0.3,0
507008,0,0.000664038,Low (<25%),0.1,0
507112,0,0.025632773,Low (<25%),2.6,0
507128,1,0.9519269,Critical (>75%),95.2,1
507189,0,0.013775346,Low (<25%),1.4,0
507281,0,0.04521307,Low (<25%),4.5,0
507486,0,0.030093877,Low (<25%),3.0,0
507503,0,0.045531206,Low (<25%),4.6,0
507514,0,0.00629996,Low (<25%),0.6,0
507555,0,0.0016215685,Low (<25%),0.2,0
507567,0,0.0039254255,Low (<25%),0.4,0
507838,0,0.027037347,Low (<25%),2.7,0
507998,0,0.0043803523,Low (<25%),0.4,0
508022,0,0.00648,Low (<25%),0.6,0
508080,0,0.0041702976,Low (<25%),0.4,0
508115,0,0.0018621155,Low (<25%),0.2,0
508126,0,0.039043006,Low (<25%),3.9,0
508399,0,0.021164196,Low (<25%),2.1,0
508402,0,0.20706233,Low (<25%),20.7,0
508456,0,0.003731566,Low (<25%),0.4,0
508488,0,0.006087035,Low (<25%),0.6,0
508501,0,0.004078696,Low (<25%),0.4,0
508795,0,0.010583738,Low (<25%),1.1,0
508821,0,0.00544391,Low (<25%),0.5,0
508824,0,0.0014369751,Low (<25%),0.1,0
508854,0,0.009873901,Low (<25%),1.0,0
508923,0,0.024352396,Low (<25%),2.4,0
508934,0,0.0045156856,Low (<25%),0.5,0
509044,0,0.01135923,Low (<25%),1.1,0
509060,0,0.078040056,Low (<25%),7.8,0
509108,0,0.005189661,Low (<25%),0.5,0
509136,0,0.01130031,Low (<25%),1.1,0
509149,1,0.995756,Critical (>75%),99.6,1
509223,0,0.020398594,Low (<25%),2.0,0
509345,0,0.25769466,Medium (25-50%),25.8,0
509474,0,0.0036861992,Low (<25%),0.4,0
509513,0,0.0036013282,Low (<25%),0.4,0
509514,0,0.001158355,Low (<25%),0.1,0
509607,0,0.60882854,High (50-75%),60.9,0
509669,0,0.004695782,Low (<25%),0.5,0
509686,0,0.008233683,Low (<25%),0.8,0
509714,0,0.01220412,Low (<25%),1.2,0
509746,0,0.0047656302,Low (<25%),0.5,0
509809,0,0.06558025,Low (<25%),6.6,0
509810,0,0.012040812,Low (<25%),1.2,0
509909,1,0.9332661,Critical (>75%),93.3,0
509928,0,0.00611155,Low (<25%),0.6,0
509962,0,0.010030389,Low (<25%),1.0,0
509965,0,0.025728367,Low (<25%),2.6,0
510182,1,0.99834955,Critical (>75%),99.8,1
510224,0,0.013818297,Low (<25%),1.4,0
510264,0,0.024250817,Low (<25%),2.4,0
510329,0,0.030261578,Low (<25%),3.0,0
510353,0,0.2580851,Medium (25-50%),25.8,0
510440,0,0.0027622564,Low (<25%),0.3,0
510502,0,0.010185731,Low (<25%),1.0,0
510505,0,0.003834046,Low (<25%),0.4,0
510513,0,0.21137977,Low (<25%),21.1,0
510537,0,0.018981991,Low (<25%),1.9,0
510644,0,0.19720335,Low (<25%),19.7,0
510841,0,0.03274758,Low (<25%),3.3,0
510865,0,0.00666482,Low (<25%),0.7,0
511053,0,0.05583024,Low (<25%),5.6,0
511226,0,0.000331146,Low (<25%),0.0,0
511253,0,0.009015626,Low (<25%),0.9,0
511302,0,0.00167433,Low (<25%),0.2,0
511342,0,0.03726797,Low (<25%),3.7,0
511444,0,0.068509586,Low (<25%),6.9,0
511472,0,0.026586203,Low (<25%),2.7,0
511541,0,0.5421039,High (50-75%),54.2,0
511568,0,0.015667392,Low (<25%),1.6,0
511573,0,0.024576407,Low (<25%),2.5,0
511584,0,0.0013770118,Low (<25%),0.1,0
511588,0,0.0034981172,Low (<25%),0.3,0
511642,0,0.0038756856,Low (<25%),0.4,0
511765,0,0.002964494,Low (<25%),0.3,0
511862,0,0.0051727,Low (<25%),0.5,0
511875,0,0.011401875,Low (<25%),1.1,0
511922,0,0.07298477,Low (<25%),7.3,0
512071,0,0.001886689,Low (<25%),0.2,0
512097,0,0.0047395914,Low (<25%),0.5,0
512177,0,0.0121931,Low (<25%),1.2,0
512179,0,0.048298344,Low (<25%),4.8,0
512191,0,0.009482174,Low (<25%),0.9,0
512219,0,0.0047005047,Low (<25%),0.5,0
512262,0,0.01752745,Low (<25%),1.8,0
512284,0,0.100437105,Low (<25%),10.0,0
512296,0,0.00028986638,Low (<25%),0.0,0
512358,0,0.0021479556,Low (<25%),0.2,0
512426,0,0.0061988276,Low (<25%),0.6,0
512471,0,0.0023054213,Low (<25%),0.2,0
512522,0,0.008715792,Low (<25%),0.9,0
512580,1,0.9813353,Critical (>75%),98.1,1
512599,0,0.0030377384,Low (<25%),0.3,0
512615,0,0.014108684,Low (<25%),1.4,0
512869,0,0.004102401,Low (<25%),0.4,0
512897,0,0.004244724,Low (<25%),0.4,0
512906,0,0.08160908,Low (<25%),8.2,0
513081,0,0.031895593,Low (<25%),3.2,0
513099,0,0.0050275954,Low (<25%),0.5,0
513123,0,0.013215525,Low (<25%),1.3,0
513125,0,0.076449774,Low (<25%),7.6,0
513170,0,0.018840736,Low (<25%),1.9,0
513229,0,0.0038032637,Low (<25%),0.4,0
513246,0,0.017310036,Low (<25%),1.7,0
513446,0,0.09962217,Low (<25%),10.0,0
513480,0,0.0032157688,Low (<25%),0.3,0
513553,0,0.0317226,Low (<25%),3.2,0
513590,0,0.5538774,High (50-75%),55.4,0
513661,0,0.0034510465,Low (<25%),0.3,0
513708,0,0.0434369,Low (<25%),4.3,0
513778,0,0.001476987,Low (<25%),0.1,0
513820,0,0.02593964,Low (<25%),2.6,0
514042,0,0.02727017,Low (<25%),2.7,0
514145,0,0.0017953371,Low (<25%),0.2,0
514235,0,0.028761635,Low (<25%),2.9,0
514272,0,0.0057704607,Low (<25%),0.6,0
514395,0,0.023136668,Low (<25%),2.3,0
514403,0,0.0048858533,Low (<25%),0.5,0
514451,0,0.21040997,Low (<25%),21.0,0
514523,0,0.21314509,Low (<25%),21.3,0
514530,0,0.06470209,Low (<25%),6.5,0
514552,0,0.01710474,Low (<25%),1.7,0
514559,0,0.00376231,Low (<25%),0.4,0
514616,0,0.03191374,Low (<25%),3.2,0
514632,0,0.0219309,Low (<25%),2.2,0
514652,0,0.0007833216,Low (<25%),0.1,0
515049,0,0.004230587,Low (<25%),0.4,0
515134,0,0.05998297,Low (<25%),6.0,0
515165,0,0.026622502,Low (<25%),2.7,0
515185,0,0.012555469,Low (<25%),1.3,0
515386,0,0.000984023,Low (<25%),0.1,0
515605,1,0.977404,Critical (>75%),97.7,1
515634,0,0.00032614928,Low (<25%),0.0,0
515645,0,0.0057581193,Low (<25%),0.6,0
515656,0,0.012820237,Low (<25%),1.3,0
515663,0,0.0012285315,Low (<25%),0.1,0
515667,0,0.0038777331,Low (<25%),0.4,0
515775,0,0.005712382,Low (<25%),0.6,0
515805,0,0.016252406,Low (<25%),1.6,0
515822,0,0.0036782452,Low (<25%),0.4,0
515826,0,0.008965486,Low (<25%),0.9,0
515860,0,0.0011880469,Low (<25%),0.1,0
515905,0,0.14046337,Low (<25%),14.0,0
515969,0,0.007941536,Low (<25%),0.8,0
515981,0,0.002707044,Low (<25%),0.3,0
516133,0,0.008838194,Low (<25%),0.9,0
516224,0,0.002015934,Low (<25%),0.2,0
516242,0,0.0031504028,Low (<25%),0.3,0
516255,0,0.023652961,Low (<25%),2.4,0
516271,0,0.019464815,Low (<25%),1.9,0
516301,0,0.005595913,Low (<25%),0.6,0
516329,0,0.011013025,Low (<25%),1.1,0
516337,0,0.016535573,Low (<25%),1.7,0
516362,0,0.0042414665,Low (<25%),0.4,0
516474,0,0.0023751198,Low (<25%),0.2,0
516491,0,0.007342979,Low (<25%),0.7,0
516519,0,0.017585827,Low (<25%),1.8,0
516544,0,0.017287778,Low (<25%),1.7,0
516594,0,0.023663089,Low (<25%),2.4,0
516674,0,0.028493818,Low (<25%),2.8,0
516984,0,0.004666722,Low (<25%),0.5,0
516995,0,0.010684127,Low (<25%),1.1,0
517087,0,0.002925879,Low (<25%),0.3,0
517190,0,0.01842085,Low (<25%),1.8,0
517222,0,0.23586111,Low (<25%),23.6,0
517267,1,0.8575671,Critical (>75%),85.8,0
517295,0,0.101055525,Low (<25%),10.1,0
517405,0,0.0049328734,Low (<25%),0.5,0
517472,0,0.023995893,Low (<25%),2.4,0
517533,0,0.02109209,Low (<25%),2.1,0
517538,0,0.020107126,Low (<25%),2.0,0
517559,0,0.0034617584,Low (<25%),0.3,0
517614,1,0.87353426,Critical (>75%),87.4,0
517702,0,0.0038951023,Low (<25%),0.4,0
517729,0,0.04073278,Low (<25%),4.1,0
517739,0,0.00074099796,Low (<25%),0.1,0
517758,0,0.0103705,Low (<25%),1.0,0
517781,0,0.22989643,Low (<25%),23.0,0
517797,0,0.09979109,Low (<25%),10.0,0
517867,0,0.012294687,Low (<25%),1.2,0
517945,0,0.003191594,Low (<25%),0.3,0
518061,0,0.13928378,Low (<25%),13.9,0
518064,0,0.05319235,Low (<25%),5.3,0
518236,0,0.0026343814,Low (<25%),0.3,0
518305,0,0.0064482642,Low (<25%),0.6,0
518533,0,0.0025437109,Low (<25%),0.3,0
518561,0,0.010720285,Low (<25%),1.1,0
518582,0,0.013139388,Low (<25%),1.3,0
518622,0,0.009268596,Low (<25%),0.9,0
518677,0,0.0029577396,Low (<25%),0.3,0
518771,0,0.029811086,Low (<25%),3.0,0
518834,0,0.0065163225,Low (<25%),0.7,0
519087,0,0.0018584154,Low (<25%),0.2,0
519203,0,0.030470377,Low (<25%),3.0,0
519276,0,0.012106104,Low (<25%),1.2,0
519300,0,0.047757532,Low (<25%),4.8,0
519419,0,0.053973112,Low (<25%),5.4,0
519442,0,0.005688393,Low (<25%),0.6,0
519677,0,0.0012455852,Low (<25%),0.1,0
519726,0,0.44089872,Medium (25-50%),44.1,0
519742,0,0.011393123,Low (<25%),1.1,0
519766,1,0.93407434,Critical (>75%),93.4,0
519796,0,0.0136617115,Low (<25%),1.4,0
519826,0,0.0026245173,Low (<25%),0.3,0
519873,0,0.0011632362,Low (<25%),0.1,0
519933,0,0.011202639,Low (<25%),1.1,0
519984,0,0.039036173,Low (<25%),3.9,0
520091,0,0.041047737,Low (<25%),4.1,0
520094,0,0.44514874,Medium (25-50%),44.5,0
520137,0,0.007924255,Low (<25%),0.8,0
520163,0,0.034287836,Low (<25%),3.4,0
520202,0,0.06440653,Low (<25%),6.4,0
520207,0,0.02452951,Low (<25%),2.5,0
520428,0,0.0017815315,Low (<25%),0.2,0
520660,0,0.011849038,Low (<25%),1.2,0
520821,0,0.04624851,Low (<25%),4.6,0
521111,0,0.0013309593,Low (<25%),0.1,0
521176,0,0.025092168,Low (<25%),2.5,0
521217,0,0.0013139948,Low (<25%),0.1,0
521225,0,0.026695538,Low (<25%),2.7,0
521252,0,0.031872336,Low (<25%),3.2,0
521311,0,0.0013019515,Low (<25%),0.1,0
521384,0,0.008838666,Low (<25%),0.9,0
521431,0,0.001046611,Low (<25%),0.1,0
521486,0,0.0050465204,Low (<25%),0.5,0
521545,0,0.06866255,Low (<25%),6.9,0
521576,0,0.010367839,Low (<25%),1.0,0
521653,0,0.021834204,Low (<25%),2.2,0
521684,0,0.020914411,Low (<25%),2.1,0
521699,1,0.9967488,Critical (>75%),99.7,1
521702,0,0.0060420586,Low (<25%),0.6,0
521875,0,0.035680633,Low (<25%),3.6,0
521949,1,0.99848676,Critical (>75%),99.8,1
522111,0,0.019214705,Low (<25%),1.9,0
522234,0,0.0023382707,Low (<25%),0.2,0
522251,0,0.03458217,Low (<25%),3.5,0
522261,0,0.19733156,Low (<25%),19.7,0
522285,0,0.00024843964,Low (<25%),0.0,0
522408,0,0.015584107,Low (<25%),1.6,0
522493,0,0.023691544,Low (<25%),2.4,0
522572,0,0.007847906,Low (<25%),0.8,0
522618,0,0.0051105837,Low (<25%),0.5,0
522677,0,0.003649909,Low (<25%),0.4,0
522758,0,0.015614678,Low (<25%),1.6,0
522763,0,0.00036066325,Low (<25%),0.0,0
522866,0,0.01666768,Low (<25%),1.7,0
522924,0,0.0051025385,Low (<25%),0.5,0
522935,0,0.019829096,Low (<25%),2.0,0
523037,0,0.020133387,Low (<25%),2.0,0
523110,0,0.0011804079,Low (<25%),0.1,0
523170,0,0.0031995317,Low (<25%),0.3,0
523188,0,0.0012603536,Low (<25%),0.1,0
523194,0,0.000646183,Low (<25%),0.1,0
523246,0,0.0027930175,Low (<25%),0.3,0
523272,0,0.016863205,Low (<25%),1.7,0
523288,0,0.0025675101,Low (<25%),0.3,0
523296,0,0.218922,Low (<25%),21.9,0
523394,0,0.010556095,Low (<25%),1.1,0
523399,1,0.97967064,Critical (>75%),98.0,1
523642,0,0.009717507,Low (<25%),1.0,0
523722,0,0.4454441,Medium (25-50%),44.5,0
523897,0,0.012618382,Low (<25%),1.3,0
523904,0,0.027138678,Low (<25%),2.7,0
524055,0,0.0372023,Low (<25%),3.7,0
524234,0,0.0059289834,Low (<25%),0.6,0
524379,0,0.008725297,Low (<25%),0.9,0
524483,0,0.00969146,Low (<25%),1.0,0
524586,0,0.5025668,High (50-75%),50.3,0
524968,1,0.9089772,Critical (>75%),90.9,0
525129,0,0.020906473,Low (<25%),2.1,0
525188,0,0.018446105,Low (<25%),1.8,0
525245,0,0.001967005,Low (<25%),0.2,0
525246,0,0.099944495,Low (<25%),10.0,0
525508,0,0.0015717713,Low (<25%),0.2,0
525525,0,0.009675785,Low (<25%),1.0,0
525548,0,0.009147113,Low (<25%),0.9,0
525579,0,0.013822872,Low (<25%),1.4,0
525612,0,0.002515855,Low (<25%),0.3,0
525740,0,0.011100369,Low (<25%),1.1,0
525765,0,0.0072158077,Low (<25%),0.7,0
525918,0,0.11284776,Low (<25%),11.3,0
526020,0,0.00043714602,Low (<25%),0.0,0
526064,0,0.0014561171,Low (<25%),0.1,0
526094,0,0.0014852152,Low (<25%),0.1,0
526164,0,0.0014576376,Low (<25%),0.1,0
526165,0,0.02024923,Low (<25%),2.0,0
526222,0,0.0010564186,Low (<25%),0.1,0
526316,0,0.04090262,Low (<25%),4.1,0
526344,0,0.0037333376,Low (<25%),0.4,0
526349,0,0.036236677,Low (<25%),3.6,0
526374,0,0.023472497,Low (<25%),2.3,0
526481,0,0.022049315,Low (<25%),2.2,0
526508,0,0.012039672,Low (<25%),1.2,0
526579,0,0.022323953,Low (<25%),2.2,0
526586,0,0.0032450058,Low (<25%),0.3,0
526644,0,0.014017742,Low (<25%),1.4,0
526663,0,0.0020239132,Low (<25%),0.2,0
526747,0,0.0055117044,Low (<25%),0.6,0
526765,0,0.026554814,Low (<25%),2.7,0
526784,0,0.0010090168,Low (<25%),0.1,0
526822,0,0.005923309,Low (<25%),0.6,0
527004,0,0.0036393155,Low (<25%),0.4,0
527067,0,0.0016469776,Low (<25%),0.2,0
527235,0,0.0031949468,Low (<25%),0.3,0
527244,0,0.08705797,Low (<25%),8.7,0
527337,0,0.0011866608,Low (<25%),0.1,0
527434,0,0.0050665634,Low (<25%),0.5,0
527565,0,0.037612606,Low (<25%),3.8,0
527582,0,0.00074790994,Low (<25%),0.1,0
527622,0,0.01842655,Low (<25%),1.8,0
527640,0,0.26884326,Medium (25-50%),26.9,0
527656,1,0.86844796,Critical (>75%),86.8,0
527712,0,0.0030554845,Low (<25%),0.3,0
527773,0,0.1405537,Low (<25%),14.1,0
527838,0,0.02653154,Low (<25%),2.7,0
527941,0,0.014723341,Low (<25%),1.5,0
528055,0,0.0020506908,Low (<25%),0.2,0
528122,0,0.014953967,Low (<25%),1.5,0
528160,0,0.007189512,Low (<25%),0.7,0
528173,0,0.0037219932,Low (<25%),0.4,0
528226,0,0.05428142,Low (<25%),5.4,0
528229,0,0.006672492,Low (<25%),0.7,0
528331,0,0.0070092757,Low (<25%),0.7,0
528332,0,0.008737679,Low (<25%),0.9,0
528363,0,0.29107127,Medium (25-50%),29.1,0
528413,0,0.0024981902,Low (<25%),0.2,0
528447,0,0.010656929,Low (<25%),1.1,0
528492,0,0.022327617,Low (<25%),2.2,0
528693,0,0.021033566,Low (<25%),2.1,0
528712,0,0.01238158,Low (<25%),1.2,0
528809,0,0.0015034268,Low (<25%),0.2,0
528985,0,0.0042644,Low (<25%),0.4,0
529085,0,0.0019696786,Low (<25%),0.2,0
529098,0,0.21112216,Low (<25%),21.1,0
529106,0,0.02301686,Low (<25%),2.3,0
529140,0,0.0040496965,Low (<25%),0.4,0
529218,0,0.010583059,Low (<25%),1.1,0
529390,0,0.09250875,Low (<25%),9.3,0
529415,0,0.021163065,Low (<25%),2.1,0
529458,0,0.0051516234,Low (<25%),0.5,0
529544,0,0.19123346,Low (<25%),19.1,0
529746,0,0.022537617,Low (<25%),2.3,0
529922,0,0.008339355,Low (<25%),0.8,0
530051,0,0.02574622,Low (<25%),2.6,0
530098,0,0.0075862864,Low (<25%),0.8,0
530105,1,0.93901765,Critical (>75%),93.9,1
530113,0,0.22579326,Low (<25%),22.6,0
530119,0,0.111819625,Low (<25%),11.2,0
530206,0,0.030783372,Low (<25%),3.1,0
530235,0,0.0017199788,Low (<25%),0.2,0
530281,0,0.039230622,Low (<25%),3.9,0
530299,0,0.009046074,Low (<25%),0.9,0
530425,0,0.004173303,Low (<25%),0.4,0
530436,0,0.0064369226,Low (<25%),0.6,0
530508,0,0.011941903,Low (<25%),1.2,0
530517,0,0.02038553,Low (<25%),2.0,0
530613,0,0.008443075,Low (<25%),0.8,0
530621,0,0.0009138262,Low (<25%),0.1,0
530666,0,0.018102318,Low (<25%),1.8,0
530770,0,0.012734429,Low (<25%),1.3,0
530833,0,0.0016259622,Low (<25%),0.2,0
530839,0,0.003461444,Low (<25%),0.3,0
530880,0,0.008768215,Low (<25%),0.9,0
530955,0,0.09169152,Low (<25%),9.2,0
530978,0,0.0006389533,Low (<25%),0.1,0
531052,0,0.008441,Low (<25%),0.8,0
531286,0,0.013328264,Low (<25%),1.3,0
531290,0,0.08519988,Low (<25%),8.5,0
531293,0,0.0018527454,Low (<25%),0.2,0
531398,0,0.00976678,Low (<25%),1.0,0
531430,0,0.00079601473,Low (<25%),0.1,0
531514,0,0.116593115,Low (<25%),11.7,0
531515,0,0.0031467555,Low (<25%),0.3,0
531619,0,0.0019359769,Low (<25%),0.2,0
531793,0,0.008384116,Low (<25%),0.8,0
531841,0,0.0039065303,Low (<25%),0.4,0
531868,0,0.0040598754,Low (<25%),0.4,0
531976,0,0.025285332,Low (<25%),2.5,0
532203,0,0.009632324,Low (<25%),1.0,0
532333,0,0.00516778,Low (<25%),0.5,0
532378,0,0.0037109621,Low (<25%),0.4,0
532419,0,0.0013684969,Low (<25%),0.1,0
532422,0,0.016749667,Low (<25%),1.7,0
532464,0,0.011224338,Low (<25%),1.1,0
532592,0,0.048281386,Low (<25%),4.8,0
532759,0,0.5415971,High (50-75%),54.2,0
532813,0,0.0023671023,Low (<25%),0.2,0
532848,1,0.996148,Critical (>75%),99.6,1
532925,1,0.99302226,Critical (>75%),99.3,1
532945,0,0.0015152732,Low (<25%),0.2,0
532978,0,0.012616309,Low (<25%),1.3,0
532997,0,0.0024546902,Low (<25%),0.2,0
533157,0,0.005431686,Low (<25%),0.5,0
533198,0,0.007324942,Low (<25%),0.7,0
533213,1,0.98718774,Critical (>75%),98.7,1
533302,0,0.009602598,Low (<25%),1.0,0
533365,0,0.0069846334,Low (<25%),0.7,0
533391,0,0.004169086,Low (<25%),0.4,0
533470,0,0.008049928,Low (<25%),0.8,0
533509,0,0.021368574,Low (<25%),2.1,0
533539,0,0.0031741688,Low (<25%),0.3,0
533638,0,0.011552371,Low (<25%),1.2,0
533666,0,0.005352628,Low (<25%),0.5,0
533742,0,0.07389567,Low (<25%),7.4,0
533766,0,0.012212596,Low (<25%),1.2,0
533950,0,0.041156013,Low (<25%),4.1,0
534009,0,0.009161953,Low (<25%),0.9,0
534151,0,0.03953905,Low (<25%),4.0,0
534452,0,0.017078696,Low (<25%),1.7,0
534464,0,0.10359383,Low (<25%),10.4,0
534481,0,0.024225188,Low (<25%),2.4,0
534510,1,0.9797177,Critical (>75%),98.0,1
534649,0,0.0122302845,Low (<25%),1.2,0
534716,0,0.007589457,Low (<25%),0.8,0
534734,0,0.013030764,Low (<25%),1.3,0
534813,0,0.0071047856,Low (<25%),0.7,0
534904,0,0.03217243,Low (<25%),3.2,0
534905,0,0.08187253,Low (<25%),8.2,0
534972,0,0.0018345288,Low (<25%),0.2,0
535151,0,0.0063936287,Low (<25%),0.6,0
535183,1,0.99933916,Critical (>75%),99.9,1
535233,0,0.015257266,Low (<25%),1.5,0
535251,0,0.0017096424,Low (<25%),0.2,0
535320,0,0.011248204,Low (<25%),1.1,0
535367,0,0.009059685,Low (<25%),0.9,0
535413,0,0.19847816,Low (<25%),19.8,0
535436,0,0.00035975207,Low (<25%),0.0,0
535482,0,0.0023188882,Low (<25%),0.2,0
535525,1,0.9289855,Critical (>75%),92.9,0
535539,0,0.04104841,Low (<25%),4.1,0
535544,0,0.01819577,Low (<25%),1.8,0
535587,0,0.031760536,Low (<25%),3.2,0
535852,0,0.12455018,Low (<25%),12.5,0
535892,0,0.02006708,Low (<25%),2.0,0
535944,0,0.007315469,Low (<25%),0.7,0
536018,0,0.051783044,Low (<25%),5.2,0
536066,0,0.0039919484,Low (<25%),0.4,0
536082,0,0.0009112487,Low (<25%),0.1,0
536092,0,0.014020102,Low (<25%),1.4,0
536124,0,0.12274375,Low (<25%),12.3,0
536132,1,0.933568,Critical (>75%),93.4,0
536186,0,0.004014354,Low (<25%),0.4,0
536409,0,0.030321972,Low (<25%),3.0,0
536485,0,0.003272166,Low (<25%),0.3,0
536517,0,0.002824366,Low (<25%),0.3,0
536535,0,0.0015895382,Low (<25%),0.2,0
536567,0,0.005854832,Low (<25%),0.6,0
536577,0,0.04669186,Low (<25%),4.7,0
536603,0,0.075059146,Low (<25%),7.5,0
536671,0,0.029295383,Low (<25%),2.9,0
536699,1,0.9980135,Critical (>75%),99.8,1
536794,0,0.006463762,Low (<25%),0.6,0
536823,0,0.019131476,Low (<25%),1.9,0
536941,0,0.18592523,Low (<25%),18.6,0
537013,0,0.0064012767,Low (<25%),0.6,0
537038,0,0.038816158,Low (<25%),3.9,0
537124,0,0.013725566,Low (<25%),1.4,0
537132,0,0.0055708042,Low (<25%),0.6,0
537387,0,0.15043008,Low (<25%),15.0,0
537397,0,0.0036646344,Low (<25%),0.4,0
537405,0,0.0036924914,Low (<25%),0.4,0
537421,0,0.0015770302,Low (<25%),0.2,0
537613,0,0.03884871,Low (<25%),3.9,0
537701,0,0.001505879,Low (<25%),0.2,0
537711,0,0.007922317,Low (<25%),0.8,0
537722,0,0.010420649,Low (<25%),1.0,0
537795,0,0.050605763,Low (<25%),5.1,0
537852,0,0.022024801,Low (<25%),2.2,0
537887,0,0.16322754,Low (<25%),16.3,0
537907,0,0.000609361,Low (<25%),0.1,0
537914,0,0.015076537,Low (<25%),1.5,0
537990,0,0.0105003165,Low (<25%),1.1,0
538042,0,0.0077722324,Low (<25%),0.8,0
538341,0,0.0077116853,Low (<25%),0.8,0
538507,0,0.018111374,Low (<25%),1.8,0
538550,0,0.032136936,Low (<25%),3.2,0
538760,0,0.18975139,Low (<25%),19.0,0
538770,0,0.013200697,Low (<25%),1.3,0
538795,0,0.37310913,Medium (25-50%),37.3,0
538854,0,0.0032463542,Low (<25%),0.3,0
538877,0,0.010331955,Low (<25%),1.0,0
538902,0,0.23570314,Low (<25%),23.6,0
538949,0,0.0016560362,Low (<25%),0.2,0
538979,0,0.1738711,Low (<25%),17.4,0
539106,0,0.023434453,Low (<25%),2.3,0
539125,0,0.008090814,Low (<25%),0.8,0
539144,0,0.015450027,Low (<25%),1.5,0
539322,0,0.00097758,Low (<25%),0.1,0
539358,0,0.005094663,Low (<25%),0.5,0
539370,0,0.21342213,Low (<25%),21.3,0
539436,0,0.07231261,Low (<25%),7.2,0
539537,0,0.034331534,Low (<25%),3.4,0
539673,1,0.9585736,Critical (>75%),95.9,1
539674,0,0.0058297017,Low (<25%),0.6,0
539704,0,0.006227442,Low (<25%),0.6,0
539739,0,0.0060623935,Low (<25%),0.6,0
539742,0,0.003966241,Low (<25%),0.4,0
539760,0,0.007387347,Low (<25%),0.7,0
539776,0,0.00028906163,Low (<25%),0.0,0
539854,1,0.99052316,Critical (>75%),99.1,1
540011,0,0.0048239133,Low (<25%),0.5,0
540109,0,0.0006942224,Low (<25%),0.1,0
540112,0,0.004239193,Low (<25%),0.4,0
540142,0,0.0023408718,Low (<25%),0.2,0
540268,0,0.1167884,Low (<25%),11.7,0
540316,0,0.027458668,Low (<25%),2.7,0
540497,0,0.08248189,Low (<25%),8.2,0
540548,0,0.004195983,Low (<25%),0.4,0
540551,0,0.013280884,Low (<25%),1.3,0
540628,0,0.0046555474,Low (<25%),0.5,0
540715,0,0.011187549,Low (<25%),1.1,0
540751,0,0.015877808,Low (<25%),1.6,0
540756,0,0.02006372,Low (<25%),2.0,0
540905,0,0.0035929282,Low (<25%),0.4,0
540918,0,0.0069558164,Low (<25%),0.7,0
540966,0,0.041667983,Low (<25%),4.2,0
541000,0,0.011931549,Low (<25%),1.2,0
541008,0,0.010501061,Low (<25%),1.1,0
541009,0,0.031112349,Low (<25%),3.1,0
541037,0,0.002624692,Low (<25%),0.3,0
541040,1,0.9129373,Critical (>75%),91.3,0
541078,0,0.09448768,Low (<25%),9.4,0
541163,0,0.012693854,Low (<25%),1.3,0
541178,0,0.0069045965,Low (<25%),0.7,0
541239,0,0.066199966,Low (<25%),6.6,0
541358,0,0.0041117216,Low (<25%),0.4,0
541557,0,0.0207781,Low (<25%),2.1,0
541564,0,0.016074644,Low (<25%),1.6,0
541741,0,0.002843579,Low (<25%),0.3,0
541751,0,0.31603682,Medium (25-50%),31.6,0
541898,0,0.080166616,Low (<25%),8.0,0
541953,1,0.9065179,Critical (>75%),90.7,0
541961,0,0.012470794,Low (<25%),1.2,0
542002,0,0.012299084,Low (<25%),1.2,0
542014,0,0.0062575107,Low (<25%),0.6,0
542043,0,0.019539163,Low (<25%),2.0,0
542085,0,0.003858322,Low (<25%),0.4,0
542118,0,0.009939046,Low (<25%),1.0,0
542180,0,0.023167139,Low (<25%),2.3,0
542182,0,0.086417034,Low (<25%),8.6,0
542287,0,0.27583498,Medium (25-50%),27.6,0
542296,0,0.0004468513,Low (<25%),0.0,0
542696,0,0.0023938948,Low (<25%),0.2,0
542893,0,0.033245854,Low (<25%),3.3,0
542976,0,0.0013395904,Low (<25%),0.1,0
543119,0,0.0052496996,Low (<25%),0.5,0
543285,0,0.0982132,Low (<25%),9.8,0
543326,0,0.0029612402,Low (<25%),0.3,0
543422,0,0.002234456,Low (<25%),0.2,0
543456,1,0.9952775,Critical (>75%),99.5,1
543460,0,0.011944345,Low (<25%),1.2,0
543478,0,0.1892113,Low (<25%),18.9,0
543693,0,0.007352429,Low (<25%),0.7,0
543852,0,0.0059186616,Low (<25%),0.6,0
543862,0,0.0022716096,Low (<25%),0.2,0
543881,1,0.9737119,Critical (>75%),97.4,1
543901,0,0.03854892,Low (<25%),3.9,0
543918,0,0.0076213116,Low (<25%),0.8,0
543956,0,0.09824019,Low (<25%),9.8,0
543978,0,0.010938215,Low (<25%),1.1,0
544167,0,0.01670667,Low (<25%),1.7,0
544182,0,0.0015663942,Low (<25%),0.2,0
544301,0,0.09943216,Low (<25%),9.9,0
544306,1,0.9770347,Critical (>75%),97.7,1
544421,0,0.012560926,Low (<25%),1.3,0
544493,0,0.001399311,Low (<25%),0.1,0
544561,0,0.01089785,Low (<25%),1.1,0
544569,1,0.92506135,Critical (>75%),92.5,0
544619,1,0.93572533,Critical (>75%),93.6,1
544690,0,0.06337867,Low (<25%),6.3,0
544752,0,0.02050683,Low (<25%),2.1,0
544837,0,0.0048224437,Low (<25%),0.5,0
544890,0,0.016500806,Low (<25%),1.7,0
545087,0,0.014948926,Low (<25%),1.5,0
545127,0,0.0021505244,Low (<25%),0.2,0
545144,0,0.07672022,Low (<25%),7.7,0
545179,0,0.0020211297,Low (<25%),0.2,0
545278,0,0.048369616,Low (<25%),4.8,0
545378,0,0.017466757,Low (<25%),1.7,0
545410,1,0.8823681,Critical (>75%),88.2,0
545421,0,0.01573714,Low (<25%),1.6,0
545497,0,0.0018393453,Low (<25%),0.2,0
545534,0,0.0010448791,Low (<25%),0.1,0
545541,0,0.01696789,Low (<25%),1.7,0
545567,0,0.0027375773,Low (<25%),0.3,0
545582,0,0.008324339,Low (<25%),0.8,0
545586,0,0.0750013,Low (<25%),7.5,0
545659,0,0.029867351,Low (<25%),3.0,0
545744,0,0.010414239,Low (<25%),1.0,0
545883,0,0.009337678,Low (<25%),0.9,0
545917,0,0.07809589,Low (<25%),7.8,0
545947,0,0.0016992674,Low (<25%),0.2,0
546025,0,0.0059916163,Low (<25%),0.6,0
546039,0,0.101832464,Low (<25%),10.2,0
546163,0,0.0014678765,Low (<25%),0.1,0
546177,0,0.03703584,Low (<25%),3.7,0
546231,0,0.07658006,Low (<25%),7.7,0
546456,0,0.023913143,Low (<25%),2.4,0
546665,0,0.015936717,Low (<25%),1.6,0
546758,0,0.061977882,Low (<25%),6.2,0
546773,0,0.0018398839,Low (<25%),0.2,0
546796,0,0.01830704,Low (<25%),1.8,0
546827,0,0.0032393518,Low (<25%),0.3,0
546869,0,0.014179337,Low (<25%),1.4,0
546997,0,0.38763395,Medium (25-50%),38.8,0
547016,0,0.016827842,Low (<25%),1.7,0
547190,0,0.026670782,Low (<25%),2.7,0
547213,0,0.009691606,Low (<25%),1.0,0
547342,0,0.0016382781,Low (<25%),0.2,0
547355,0,0.051940784,Low (<25%),5.2,0
547357,0,0.13554135,Low (<25%),13.6,0
547360,0,0.0023335877,Low (<25%),0.2,0
547407,0,0.066727675,Low (<25%),6.7,0
547442,0,0.004015027,Low (<25%),0.4,0
547500,0,0.004592854,Low (<25%),0.5,0
547522,0,0.16508248,Low (<25%),16.5,0
547542,0,0.14323948,Low (<25%),14.3,0
547559,0,0.004236356,Low (<25%),0.4,0
547561,0,0.08222616,Low (<25%),8.2,0
547575,0,0.023383861,Low (<25%),2.3,0
547649,0,0.019896984,Low (<25%),2.0,0
547699,0,0.033857595,Low (<25%),3.4,0
547802,0,0.009174883,Low (<25%),0.9,0
548037,0,0.0029653485,Low (<25%),0.3,0
548126,0,0.010808432,Low (<25%),1.1,0
548228,0,0.11876285,Low (<25%),11.9,0
548238,0,0.018784003,Low (<25%),1.9,0
548244,0,0.028397363,Low (<25%),2.8,0
548251,0,0.044326782,Low (<25%),4.4,0
548335,0,0.0051292786,Low (<25%),0.5,0
548390,0,0.008067305,Low (<25%),0.8,0
548565,0,0.016872853,Low (<25%),1.7,0
548682,0,0.014431749,Low (<25%),1.4,0
548722,0,0.0029270966,Low (<25%),0.3,0
548752,0,0.0015025066,Low (<25%),0.2,0
548999,0,0.000632926,Low (<25%),0.1,0
549034,0,0.116830856,Low (<25%),11.7,0
549064,0,0.00348874,Low (<25%),0.3,0
549080,0,0.015530105,Low (<25%),1.6,0
549091,0,0.060925804,Low (<25%),6.1,0
549132,0,0.040953267,Low (<25%),4.1,0
549200,1,0.9187864,Critical (>75%),91.9,0
549238,0,0.000502695,Low (<25%),0.1,0
549402,0,0.012838403,Low (<25%),1.3,0
549404,0,5.1689563e-05,Low (<25%),0.0,0
549415,0,0.08056055,Low (<25%),8.1,0
549444,0,0.007993404,Low (<25%),0.8,0
549537,0,0.12083221,Low (<25%),12.1,0
549540,0,0.024648834,Low (<25%),2.5,0
549541,0,0.010617371,Low (<25%),1.1,0
549562,0,0.13552918,Low (<25%),13.6,0
549598,1,0.91280824,Critical (>75%),91.3,0
549612,0,0.10340163,Low (<25%),10.3,0
549686,0,0.0016965129,Low (<25%),0.2,0
549715,0,0.016295575,Low (<25%),1.6,0
549751,0,0.0007529229,Low (<25%),0.1,0
549757,0,0.024089377,Low (<25%),2.4,0
549858,0,0.010864988,Low (<25%),1.1,0
549862,0,0.0016114701,Low (<25%),0.2,0
549982,0,0.002841845,Low (<25%),0.3,0
550058,0,0.2506849,Medium (25-50%),25.1,0
550173,0,0.0143519705,Low (<25%),1.4,0
550213,0,0.02896928,Low (<25%),2.9,0
550262,0,0.009450956,Low (<25%),0.9,0
550352,0,0.018761655,Low (<25%),1.9,0
550434,0,0.0036523235,Low (<25%),0.4,0
550519,0,0.02299934,Low (<25%),2.3,0
550539,0,0.00047320774,Low (<25%),0.0,0
550686,0,0.002418422,Low (<25%),0.2,0
550769,0,0.39228013,Medium (25-50%),39.2,0
550839,0,0.65801084,High (50-75%),65.8,0
550856,0,0.0074725486,Low (<25%),0.7,0
550896,0,0.021676846,Low (<25%),2.2,0
551055,0,0.017017633,Low (<25%),1.7,0
551154,0,0.0037782772,Low (<25%),0.4,0
551248,0,0.29621345,Medium (25-50%),29.6,0
551296,0,0.006604863,Low (<25%),0.7,0
551300,0,0.011864196,Low (<25%),1.2,0
551391,0,0.002988346,Low (<25%),0.3,0
551429,0,0.0016737473,Low (<25%),0.2,0
551510,0,0.0034536137,Low (<25%),0.3,0
551652,0,0.0029859475,Low (<25%),0.3,0
551710,0,0.012346714,Low (<25%),1.2,0
551809,0,0.007058556,Low (<25%),0.7,0
551828,0,0.015608369,Low (<25%),1.6,0
551833,0,0.010627358,Low (<25%),1.1,0
551837,0,0.06740899,Low (<25%),6.7,0
551938,0,0.010968181,Low (<25%),1.1,0
551946,0,0.0039729755,Low (<25%),0.4,0
551975,0,0.0071615675,Low (<25%),0.7,0
551981,0,0.005935932,Low (<25%),0.6,0
552016,0,0.002177101,Low (<25%),0.2,0
552278,0,0.0070670266,Low (<25%),0.7,0
552328,0,0.025929233,Low (<25%),2.6,0
552364,0,0.07898941,Low (<25%),7.9,0
552441,0,0.0051833433,Low (<25%),0.5,0
552576,0,0.019088024,Low (<25%),1.9,0
552669,0,0.01660635,Low (<25%),1.7,0
552747,0,0.18611479,Low (<25%),18.6,0
552755,1,0.9975926,Critical (>75%),99.8,1
552818,0,0.00728875,Low (<25%),0.7,0
552823,0,0.19841476,Low (<25%),19.8,0
552966,0,0.0022462073,Low (<25%),0.2,0
553061,0,0.028541317,Low (<25%),2.9,0
553089,0,0.0015820249,Low (<25%),0.2,0
553254,0,0.023044648,Low (<25%),2.3,0
553261,0,0.012718541,Low (<25%),1.3,0
553389,0,0.0017801878,Low (<25%),0.2,0
553396,0,0.012198872,Low (<25%),1.2,0
553412,0,0.11551437,Low (<25%),11.6,0
553453,0,0.05116201,Low (<25%),5.1,0
553530,0,0.0071727172,Low (<25%),0.7,0
553558,0,0.06143304,Low (<25%),6.1,0
553567,1,0.9940889,Critical (>75%),99.4,1
553879,0,0.07598556,Low (<25%),7.6,0
553943,0,0.0028108826,Low (<25%),0.3,0
553954,0,0.011096878,Low (<25%),1.1,0
553956,0,0.0040860106,Low (<25%),0.4,0
553973,0,0.017913116,Low (<25%),1.8,0
554104,0,0.046484087,Low (<25%),4.6,0
554136,0,0.007921073,Low (<25%),0.8,0
554155,0,0.15416119,Low (<25%),15.4,0
554255,0,0.022521066,Low (<25%),2.3,0
554442,0,0.0052317595,Low (<25%),0.5,0
554449,0,0.068708725,Low (<25%),6.9,0
554453,0,0.003320944,Low (<25%),0.3,0
554487,0,0.052039012,Low (<25%),5.2,0
554636,0,0.007859677,Low (<25%),0.8,0
554761,0,0.04127958,Low (<25%),4.1,0
554888,1,0.9939213,Critical (>75%),99.4,1
554983,0,0.011045976,Low (<25%),1.1,0
555001,0,0.06669506,Low (<25%),6.7,0
555050,0,0.008161763,Low (<25%),0.8,0
555102,0,0.013791525,Low (<25%),1.4,0
555112,1,0.9989384,Critical (>75%),99.9,1
555118,0,0.025428861,Low (<25%),2.5,0
555205,0,0.09667512,Low (<25%),9.7,0
555218,0,0.005567039,Low (<25%),0.6,0
555298,0,0.0065421932,Low (<25%),0.7,0
555301,0,0.020712659,Low (<25%),2.1,0
555398,0,0.012126908,Low (<25%),1.2,0
555541,0,0.01141849,Low (<25%),1.1,0
555576,0,0.0017430177,Low (<25%),0.2,0
555745,0,0.00201502,Low (<25%),0.2,0
555831,1,0.99222636,Critical (>75%),99.2,1
555947,0,0.04917058,Low (<25%),4.9,0
556050,0,0.17883183,Low (<25%),17.9,0
556136,0,0.054255676,Low (<25%),5.4,0
556164,0,0.009705423,Low (<25%),1.0,0
556188,0,0.031946976,Low (<25%),3.2,0
556266,0,0.0026674592,Low (<25%),0.3,0
556313,0,0.021032324,Low (<25%),2.1,0
556453,0,0.08250347,Low (<25%),8.3,0
556492,0,8.0550315e-05,Low (<25%),0.0,0
556622,0,0.058730263,Low (<25%),5.9,0
556626,0,0.016163401,Low (<25%),1.6,0
556649,0,0.010412691,Low (<25%),1.0,0
556688,0,0.35749376,Medium (25-50%),35.7,0
556778,0,0.0024094423,Low (<25%),0.2,0
556808,0,0.011885361,Low (<25%),1.2,0
556865,0,0.0861079,Low (<25%),8.6,0
556958,0,0.0403609,Low (<25%),4.0,0
556982,0,0.021811636,Low (<25%),2.2,0
557138,0,0.0012259346,Low (<25%),0.1,0
557289,0,0.031371757,Low (<25%),3.1,0
557458,0,0.004602181,Low (<25%),0.5,0
557500,0,0.021287743,Low (<25%),2.1,0
557519,0,0.008072993,Low (<25%),0.8,0
557525,0,0.050477054,Low (<25%),5.0,0
557633,0,0.0042205006,Low (<25%),0.4,0
557640,0,0.014629102,Low (<25%),1.5,0
557723,0,0.041640416,Low (<25%),4.2,0
557739,0,0.008907839,Low (<25%),0.9,0
557752,0,0.14660594,Low (<25%),14.7,0
557872,0,0.057651345,Low (<25%),5.8,0
557880,0,0.0006573297,Low (<25%),0.1,0
557932,0,0.0010695191,Low (<25%),0.1,0
557996,0,0.032359507,Low (<25%),3.2,0
558040,0,0.02311789,Low (<25%),2.3,0
558097,0,0.066602975,Low (<25%),6.7,0
558258,0,0.28115842,Medium (25-50%),28.1,0
558451,0,0.018404111,Low (<25%),1.8,0
558511,0,0.0020535619,Low (<25%),0.2,0
558543,0,0.004876774,Low (<25%),0.5,0
558598,0,0.11733656,Low (<25%),11.7,0
558686,0,0.024153924,Low (<25%),2.4,0
558854,0,0.012377704,Low (<25%),1.2,0
558969,0,0.003568679,Low (<25%),0.4,0
559005,0,0.015742436,Low (<25%),1.6,0
559007,0,0.015961023,Low (<25%),1.6,0
559016,0,0.033230998,Low (<25%),3.3,0
559111,0,0.20993543,Low (<25%),21.0,0
559261,1,0.91562814,Critical (>75%),91.6,0
559279,0,0.02805362,Low (<25%),2.8,0
559304,1,0.9191735,Critical (>75%),91.9,0
559342,0,0.10625693,Low (<25%),10.6,0
559362,0,0.046468724,Low (<25%),4.6,0
559388,0,0.0031967012,Low (<25%),0.3,0
559483,0,0.0019280566,Low (<25%),0.2,0
559576,0,0.010038901,Low (<25%),1.0,0
559622,0,0.007623356,Low (<25%),0.8,0
559721,0,0.23362061,Low (<25%),23.4,0
559723,0,0.0027501462,Low (<25%),0.3,0
559726,0,0.011431927,Low (<25%),1.1,0
559879,0,0.007686382,Low (<25%),0.8,0
560024,0,0.00446372,Low (<25%),0.4,0
560149,0,0.16358541,Low (<25%),16.4,0
560283,1,0.9696806,Critical (>75%),97.0,1
560505,0,0.26936412,Medium (25-50%),26.9,0
560528,0,0.0020374225,Low (<25%),0.2,0
560597,0,0.0014767908,Low (<25%),0.1,0
560713,0,0.024478607,Low (<25%),2.4,0
560714,0,0.015925167,Low (<25%),1.6,0
560936,0,0.00593728,Low (<25%),0.6,0
560990,0,0.77841437,Critical (>75%),77.8,0
561041,0,0.10792981,Low (<25%),10.8,0
561053,0,0.11402023,Low (<25%),11.4,0
561072,0,0.008080446,Low (<25%),0.8,0
561107,0,0.037986375,Low (<25%),3.8,0
561219,0,0.005842652,Low (<25%),0.6,0
561228,0,0.0062010274,Low (<25%),0.6,0
561251,0,0.0026483396,Low (<25%),0.3,0
561284,0,0.09821043,Low (<25%),9.8,0
561321,0,0.017930465,Low (<25%),1.8,0
561413,0,0.004100153,Low (<25%),0.4,0
561481,0,0.010202855,Low (<25%),1.0,0
561520,0,0.009297363,Low (<25%),0.9,0
561570,0,0.09800549,Low (<25%),9.8,0
561620,0,0.0078084674,Low (<25%),0.8,0
561621,0,0.013913019,Low (<25%),1.4,0
561640,0,0.0051637343,Low (<25%),0.5,0
561654,0,0.0031836487,Low (<25%),0.3,0
561801,0,0.0019487992,Low (<25%),0.2,0
561873,0,0.028840415,Low (<25%),2.9,0
561874,0,0.0016562837,Low (<25%),0.2,0
561961,0,0.064448364,Low (<25%),6.4,0
561981,1,0.9968652,Critical (>75%),99.7,1
562084,0,0.0027625023,Low (<25%),0.3,0
562093,0,0.02579833,Low (<25%),2.6,0
562234,0,0.012587284,Low (<25%),1.3,0
562305,0,0.0029985455,Low (<25%),0.3,0
562361,0,0.004520526,Low (<25%),0.5,0
562376,0,0.08624972,Low (<25%),8.6,0
562404,0,0.03242439,Low (<25%),3.2,0
562411,0,0.062337834,Low (<25%),6.2,0
562510,1,0.99955195,Critical (>75%),100.0,1
562588,0,0.27800217,Medium (25-50%),27.8,0
562644,0,0.2864662,Medium (25-50%),28.6,0
562655,0,0.0020918597,Low (<25%),0.2,0
562661,0,0.0014579562,Low (<25%),0.1,0
562677,0,0.049605973,Low (<25%),5.0,0
562734,0,0.24960586,Low (<25%),25.0,0
562737,0,0.002754765,Low (<25%),0.3,0
563076,0,0.06098867,Low (<25%),6.1,0
563094,0,0.09800484,Low (<25%),9.8,0
563188,0,0.0042493665,Low (<25%),0.4,0
563217,0,0.004561757,Low (<25%),0.5,0
563386,0,0.14286497,Low (<25%),14.3,0
563410,0,0.00039665308,Low (<25%),0.0,0
563587,0,0.0028571808,Low (<25%),0.3,0
563633,0,0.0088889105,Low (<25%),0.9,0
563749,0,0.27137393,Medium (25-50%),27.1,0
563774,0,0.0036847144,Low (<25%),0.4,0
563945,0,0.010490744,Low (<25%),1.0,0
563977,0,0.017264446,Low (<25%),1.7,0
563981,0,0.008143876,Low (<25%),0.8,0
564111,0,0.16460814,Low (<25%),16.5,0
564114,0,0.012508457,Low (<25%),1.3,0
564138,0,0.010802529,Low (<25%),1.1,0
564141,0,0.004306939,Low (<25%),0.4,0
564201,0,0.0047106813,Low (<25%),0.5,0
564305,0,0.023035944,Low (<25%),2.3,0
564449,0,0.078887194,Low (<25%),7.9,0
564650,0,0.0472548,Low (<25%),4.7,0
564707,0,0.025973216,Low (<25%),2.6,0
564841,0,0.05926778,Low (<25%),5.9,0
564882,0,0.004073427,Low (<25%),0.4,0
564909,0,0.0069698454,Low (<25%),0.7,0
564959,0,0.024713585,Low (<25%),2.5,0
564973,0,0.0052835965,Low (<25%),0.5,0
565008,0,0.005466951,Low (<25%),0.5,0
565040,0,0.04044826,Low (<25%),4.0,0
565041,0,0.001165304,Low (<25%),0.1,0
565133,0,0.0056224302,Low (<25%),0.6,0
565171,0,0.0023141461,Low (<25%),0.2,0
565242,0,0.027123958,Low (<25%),2.7,0
565351,0,0.019738253,Low (<25%),2.0,0
565452,0,0.025159098,Low (<25%),2.5,0
565533,0,0.0027428728,Low (<25%),0.3,0
565602,0,0.04505788,Low (<25%),4.5,0
565690,0,0.061359905,Low (<25%),6.1,0
565710,0,0.003222544,Low (<25%),0.3,0
565805,0,0.012906427,Low (<25%),1.3,0
565811,0,0.04004896,Low (<25%),4.0,0
565841,0,0.039721496,Low (<25%),4.0,0
565876,0,0.029654486,Low (<25%),3.0,0
565900,0,0.011533997,Low (<25%),1.2,0
565960,0,0.0106887445,Low (<25%),1.1,0
565991,0,0.074447684,Low (<25%),7.4,0
566165,0,0.011407853,Low (<25%),1.1,0
566182,0,0.013705712,Low (<25%),1.4,0
566374,0,0.024150997,Low (<25%),2.4,0
566630,0,0.022032274,Low (<25%),2.2,0
566640,0,0.0037365402,Low (<25%),0.4,0
566696,0,0.030844077,Low (<25%),3.1,0
566714,0,0.0031279991,Low (<25%),0.3,0
566737,0,0.022836678,Low (<25%),2.3,0
566767,0,0.0018843677,Low (<25%),0.2,0
566808,0,0.014980943,Low (<25%),1.5,0
566851,0,0.018595133,Low (<25%),1.9,0
566951,1,0.89146507,Critical (>75%),89.1,0
566957,0,0.0060604396,Low (<25%),0.6,0
566961,0,0.006490108,Low (<25%),0.6,0
566991,0,0.15393971,Low (<25%),15.4,0
567048,0,0.007636079,Low (<25%),0.8,0
567070,0,0.0040876814,Low (<25%),0.4,0
567151,0,0.30020425,Medium (25-50%),30.0,0
567210,0,0.005443396,Low (<25%),0.5,0
567227,0,0.0040891455,Low (<25%),0.4,0
567256,0,0.04042166,Low (<25%),4.0,0
567261,0,0.005382045,Low (<25%),0.5,0
567319,0,0.00036354866,Low (<25%),0.0,0
567412,0,0.005686376,Low (<25%),0.6,0
567420,0,0.0023959489,Low (<25%),0.2,0
567571,0,0.0035902676,Low (<25%),0.4,0
567670,0,0.0034420027,Low (<25%),0.3,0
567865,0,0.13121212,Low (<25%),13.1,0
567875,0,0.18404898,Low (<25%),18.4,0
568111,0,0.030381875,Low (<25%),3.0,0
568171,0,0.0063467263,Low (<25%),0.6,0
568172,0,0.012520844,Low (<25%),1.3,0
568205,0,0.008591308,Low (<25%),0.9,0
568286,0,0.035174966,Low (<25%),3.5,0
568329,0,0.011203067,Low (<25%),1.1,0
568442,0,0.023152148,Low (<25%),2.3,0
568484,0,0.13324733,Low (<25%),13.3,0
568525,0,0.014632628,Low (<25%),1.5,0
568547,0,0.0038154144,Low (<25%),0.4,0
568594,0,0.002290685,Low (<25%),0.2,0
568678,0,0.01629047,Low (<25%),1.6,0
568712,0,0.0030397205,Low (<25%),0.3,0
568734,0,0.009914451,Low (<25%),1.0,0
568769,0,0.004361796,Low (<25%),0.4,0
568786,0,0.0016075424,Low (<25%),0.2,0
568798,0,0.043400798,Low (<25%),4.3,0
568814,0,0.03312142,Low (<25%),3.3,0
568953,0,0.026727164,Low (<25%),2.7,0
569236,0,0.024202244,Low (<25%),2.4,0
569313,0,0.0028939396,Low (<25%),0.3,0
569315,0,0.09131154,Low (<25%),9.1,0
569319,0,0.003469574,Low (<25%),0.3,0
569347,0,0.0010922056,Low (<25%),0.1,0
569369,0,0.0013655319,Low (<25%),0.1,0
569603,0,0.013532849,Low (<25%),1.4,0
569677,0,0.013701515,Low (<25%),1.4,0
569720,0,0.0014820752,Low (<25%),0.1,0
569769,0,0.078397766,Low (<25%),7.8,0
569846,0,0.13207076,Low (<25%),13.2,0
569880,0,0.0022990939,Low (<25%),0.2,0
569940,0,0.028597374,Low (<25%),2.9,0
569972,0,0.0056705237,Low (<25%),0.6,0
570116,0,0.0030829506,Low (<25%),0.3,0
570299,0,0.0032822136,Low (<25%),0.3,0
570318,0,0.025404777,Low (<25%),2.5,0
570406,0,0.010029622,Low (<25%),1.0,0
570469,0,0.012898579,Low (<25%),1.3,0
570600,0,0.2875803,Medium (25-50%),28.8,0
570637,0,0.09167907,Low (<25%),9.2,0
570683,0,0.014896536,Low (<25%),1.5,0
570784,0,0.003768513,Low (<25%),0.4,0
570796,0,0.022079293,Low (<25%),2.2,0
570806,0,0.022353515,Low (<25%),2.2,0
570920,0,0.012241892,Low (<25%),1.2,0
570971,0,0.025773061,Low (<25%),2.6,0
571017,0,0.0036047588,Low (<25%),0.4,0
571123,0,0.02696068,Low (<25%),2.7,0
571163,0,0.009608268,Low (<25%),1.0,0
571169,0,0.009860711,Low (<25%),1.0,0
571180,0,0.0027971778,Low (<25%),0.3,0
571215,0,0.0025686058,Low (<25%),0.3,0
571239,0,0.003461431,Low (<25%),0.3,0
571340,0,0.010819137,Low (<25%),1.1,0
571498,0,0.81125313,Critical (>75%),81.1,0
571603,0,0.00683953,Low (<25%),0.7,0
571643,0,0.0012193002,Low (<25%),0.1,0
571760,0,0.0038804933,Low (<25%),0.4,0
571942,0,0.024397353,Low (<25%),2.4,0
571964,0,0.012033508,Low (<25%),1.2,0
571970,0,0.016837003,Low (<25%),1.7,0
571992,0,0.0017787123,Low (<25%),0.2,0
572015,0,0.02190002,Low (<25%),2.2,0
572045,0,0.35405058,Medium (25-50%),35.4,0
572073,0,0.021719318,Low (<25%),2.2,0
572094,1,0.92334175,Critical (>75%),92.3,0
572263,0,0.003674317,Low (<25%),0.4,0
572265,0,0.003341155,Low (<25%),0.3,0
572282,0,0.010871477,Low (<25%),1.1,0
572345,0,0.12467343,Low (<25%),12.5,0
572410,0,0.027305432,Low (<25%),2.7,0
572505,0,0.0079928255,Low (<25%),0.8,0
572547,0,0.05956574,Low (<25%),6.0,0
572647,0,0.18539093,Low (<25%),18.5,0
572663,0,0.011594503,Low (<25%),1.2,0
572668,0,0.35077557,Medium (25-50%),35.1,0
572811,0,0.018646121,Low (<25%),1.9,0
572836,1,0.996405,Critical (>75%),99.6,1
572890,0,0.17434801,Low (<25%),17.4,0
572927,0,0.21728453,Low (<25%),21.7,0
573078,0,0.13651145,Low (<25%),13.7,0
573217,0,0.021434685,Low (<25%),2.1,0
573290,0,0.0003185849,Low (<25%),0.0,0
573332,0,0.004071038,Low (<25%),0.4,0
573344,0,0.021697793,Low (<25%),2.2,0
573446,0,0.02587963,Low (<25%),2.6,0
573458,0,0.0016043038,Low (<25%),0.2,0
573505,0,0.009212059,Low (<25%),0.9,0
573649,0,0.0035779574,Low (<25%),0.4,0
573681,0,0.0046861665,Low (<25%),0.5,0
573897,0,0.004656292,Low (<25%),0.5,0
573954,0,0.024963992,Low (<25%),2.5,0
573964,0,0.014420455,Low (<25%),1.4,0
573972,0,0.047158405,Low (<25%),4.7,0
573986,1,0.9607138,Critical (>75%),96.1,1
574081,0,0.08346268,Low (<25%),8.3,0
574163,0,0.008783542,Low (<25%),0.9,0
574302,0,0.4868234,Medium (25-50%),48.7,0
574330,0,0.03616244,Low (<25%),3.6,0
574391,0,0.07553681,Low (<25%),7.6,0
574506,0,0.004985959,Low (<25%),0.5,0
574542,0,0.031601828,Low (<25%),3.2,0
574640,0,0.112310335,Low (<25%),11.2,0
574674,0,0.15517458,Low (<25%),15.5,0
574723,0,0.079336666,Low (<25%),7.9,0
574726,0,0.009616203,Low (<25%),1.0,0
574771,0,0.032291304,Low (<25%),3.2,0
574835,0,0.015187437,Low (<25%),1.5,0
574899,0,0.0038819883,Low (<25%),0.4,0
574930,0,0.0018881919,Low (<25%),0.2,0
575015,1,0.99960166,Critical (>75%),100.0,1
575030,0,0.101689674,Low (<25%),10.2,0
575070,0,0.035141565,Low (<25%),3.5,0
575123,0,0.012931862,Low (<25%),1.3,0
575147,0,0.007802385,Low (<25%),0.8,0
575342,1,0.9883133,Critical (>75%),98.8,1
575434,0,0.008617132,Low (<25%),0.9,0
575487,0,0.0088752005,Low (<25%),0.9,0
575571,0,0.026034713,Low (<25%),2.6,0
575573,0,0.14741763,Low (<25%),14.7,0
575574,0,0.0050935172,Low (<25%),0.5,0
575612,0,0.06421024,Low (<25%),6.4,0
575818,0,0.005275768,Low (<25%),0.5,0
575821,0,0.058305785,Low (<25%),5.8,0
575833,0,0.002939883,Low (<25%),0.3,0
575844,0,0.002615553,Low (<25%),0.3,0
575849,0,0.027962247,Low (<25%),2.8,0
575948,0,0.005628994,Low (<25%),0.6,0
576051,0,0.031890877,Low (<25%),3.2,0
576071,0,0.353512,Medium (25-50%),35.4,0
576074,0,0.019264506,Low (<25%),1.9,0
576110,0,0.019105146,Low (<25%),1.9,0
576184,0,0.39614365,Medium (25-50%),39.6,0
576217,0,0.013800373,Low (<25%),1.4,0
576294,0,0.016338665,Low (<25%),1.6,0
576345,0,0.015305809,Low (<25%),1.5,0
576354,0,0.002973552,Low (<25%),0.3,0
576363,0,0.0033497214,Low (<25%),0.3,0
576498,0,0.007111573,Low (<25%),0.7,0
576576,0,0.0126255015,Low (<25%),1.3,0
576587,0,0.00069794426,Low (<25%),0.1,0
576658,0,0.00012112515,Low (<25%),0.0,0
576690,0,0.0047742683,Low (<25%),0.5,0
576692,0,0.010458832,Low (<25%),1.0,0
576716,0,0.047368422,Low (<25%),4.7,0
576736,0,0.00025017007,Low (<25%),0.0,0
576871,0,0.02430551,Low (<25%),2.4,0
576878,0,0.046962816,Low (<25%),4.7,0
576911,0,0.00038280067,Low (<25%),0.0,0
576936,0,0.045683842,Low (<25%),4.6,0
576947,0,0.11651277,Low (<25%),11.7,0
577124,0,0.048162583,Low (<25%),4.8,0
577151,0,0.0064795855,Low (<25%),0.6,0
577156,0,0.0060868533,Low (<25%),0.6,0
577265,0,0.0025336756,Low (<25%),0.3,0
577278,0,0.008694136,Low (<25%),0.9,0
577322,0,0.013348558,Low (<25%),1.3,0
577360,0,0.040653277,Low (<25%),4.1,0
577374,0,0.046517678,Low (<25%),4.7,0
577386,0,0.012155893,Low (<25%),1.2,0
577398,0,0.0015195712,Low (<25%),0.2,0
577405,0,0.015256628,Low (<25%),1.5,0
577467,0,0.26961344,Medium (25-50%),27.0,0
577501,0,0.0155792665,Low (<25%),1.6,0
577535,0,0.011443643,Low (<25%),1.1,0
577726,0,0.068580486,Low (<25%),6.9,0
577795,0,0.0011743725,Low (<25%),0.1,0
577844,0,0.044304416,Low (<25%),4.4,0
577860,1,0.9445752,Critical (>75%),94.5,1
577872,1,0.966128,Critical (>75%),96.6,1
578013,0,0.04286522,Low (<25%),4.3,0
578020,0,0.02006897,Low (<25%),2.0,0
578114,0,0.0074036517,Low (<25%),0.7,0
578167,0,0.004672262,Low (<25%),0.5,0
578203,0,0.012037697,Low (<25%),1.2,0
578688,0,0.019785173,Low (<25%),2.0,0
578788,1,0.9993356,Critical (>75%),99.9,1
578811,0,0.024736725,Low (<25%),2.5,0
578837,0,0.0047058747,Low (<25%),0.5,0
578944,0,0.0015983294,Low (<25%),0.2,0
578998,0,0.0015156384,Low (<25%),0.2,0
579005,0,0.009969206,Low (<25%),1.0,0
579015,0,0.08200578,Low (<25%),8.2,0
579034,0,0.016569246,Low (<25%),1.7,0
579283,0,0.0062588723,Low (<25%),0.6,0
579318,0,0.0048227455,Low (<25%),0.5,0
579322,0,0.027882097,Low (<25%),2.8,0
579377,0,0.0030794865,Low (<25%),0.3,0
579424,0,0.07298535,Low (<25%),7.3,0
579438,0,0.06138536,Low (<25%),6.1,0
579581,0,0.0048165866,Low (<25%),0.5,0
579684,1,0.96145356,Critical (>75%),96.1,1
579710,0,0.09617918,Low (<25%),9.6,0
579726,0,0.0055464283,Low (<25%),0.6,0
579785,0,0.023604646,Low (<25%),2.4,0
579847,0,0.017812695,Low (<25%),1.8,0
579890,0,0.007569543,Low (<25%),0.8,0
579931,0,0.028703256,Low (<25%),2.9,0
579943,0,0.010552704,Low (<25%),1.1,0
579990,0,0.008555766,Low (<25%),0.9,0
580068,1,0.99894804,Critical (>75%),99.9,1
580159,0,0.020405471,Low (<25%),2.0,0
580169,0,0.10742924,Low (<25%),10.7,0
580201,0,0.028947322,Low (<25%),2.9,0
580212,0,0.01401819,Low (<25%),1.4,0
580324,0,0.020680605,Low (<25%),2.1,0
580341,0,0.0025698214,Low (<25%),0.3,0
580356,0,0.029584548,Low (<25%),3.0,0
580472,0,0.0048690042,Low (<25%),0.5,0
580493,0,0.015971962,Low (<25%),1.6,0
580500,0,0.00031069017,Low (<25%),0.0,0
580554,0,0.019864617,Low (<25%),2.0,0
580586,0,0.022388903,Low (<25%),2.2,0
580834,0,0.21291432,Low (<25%),21.3,0
581007,0,0.5446857,High (50-75%),54.5,0
581079,0,0.018706141,Low (<25%),1.9,0
581260,0,0.019137692,Low (<25%),1.9,0
581294,0,0.0017096993,Low (<25%),0.2,0
581396,0,0.02616031,Low (<25%),2.6,0
581427,0,0.03272794,Low (<25%),3.3,0
581481,0,0.01794745,Low (<25%),1.8,0
581513,0,0.027716525,Low (<25%),2.8,0
581531,0,0.0019789774,Low (<25%),0.2,0
581533,0,0.011256177,Low (<25%),1.1,0
581596,0,0.008415051,Low (<25%),0.8,0
581661,0,0.056954637,Low (<25%),5.7,0
581668,0,0.006671117,Low (<25%),0.7,0
581682,0,0.05450404,Low (<25%),5.5,0
581712,0,0.14350827,Low (<25%),14.4,0
581913,0,0.0104580615,Low (<25%),1.0,0
581999,0,0.016985556,Low (<25%),1.7,0
582066,0,0.015334156,Low (<25%),1.5,0
582257,0,0.011459778,Low (<25%),1.1,0
582364,0,0.020467909,Low (<25%),2.0,0
582427,0,0.0064338096,Low (<25%),0.6,0
582429,1,0.9656137,Critical (>75%),96.6,1
582493,0,0.0027477331,Low (<25%),0.3,0
582646,0,0.16670117,Low (<25%),16.7,0
582690,0,0.0028031508,Low (<25%),0.3,0
582861,0,0.02349311,Low (<25%),2.3,0
582874,0,0.0012906331,Low (<25%),0.1,0
582883,0,0.0243178,Low (<25%),2.4,0
582929,0,0.026849246,Low (<25%),2.7,0
582930,0,0.07834182,Low (<25%),7.8,0
583003,0,0.17522722,Low (<25%),17.5,0
583005,0,0.010347364,Low (<25%),1.0,0
583175,1,0.99808407,Critical (>75%),99.8,1
583223,0,0.0022023367,Low (<25%),0.2,0
583227,0,0.010415596,Low (<25%),1.0,0
583252,0,0.025818065,Low (<25%),2.6,0
583272,0,0.00013555802,Low (<25%),0.0,0
583327,0,0.0011357339,Low (<25%),0.1,0
583415,0,0.01695668,Low (<25%),1.7,0
583513,0,0.0065888637,Low (<25%),0.7,0
583539,0,0.13099872,Low (<25%),13.1,0
583565,0,0.006799788,Low (<25%),0.7,0
583610,0,0.007356122,Low (<25%),0.7,0
583648,0,0.0045173815,Low (<25%),0.5,0
583670,0,0.0010884586,Low (<25%),0.1,0
583718,0,0.10848258,Low (<25%),10.8,0
583754,0,0.00075553596,Low (<25%),0.1,0
584017,0,0.005643685,Low (<25%),0.6,0
584173,0,0.017210437,Low (<25%),1.7,0
584285,0,0.0071581407,Low (<25%),0.7,0
584377,0,0.032444123,Low (<25%),3.2,0
584405,0,0.021793474,Low (<25%),2.2,0
584458,0,0.007588254,Low (<25%),0.8,0
584463,0,0.016221428,Low (<25%),1.6,0
584536,0,0.052424684,Low (<25%),5.2,0
584537,0,0.003203068,Low (<25%),0.3,0
584564,0,0.0076922653,Low (<25%),0.8,0
584727,0,0.02480702,Low (<25%),2.5,0
584782,0,0.01641828,Low (<25%),1.6,0
584833,0,0.088949025,Low (<25%),8.9,0
584845,0,0.00662032,Low (<25%),0.7,0
584880,0,0.0021023864,Low (<25%),0.2,0
585039,0,0.008886794,Low (<25%),0.9,0
585082,0,0.008273538,Low (<25%),0.8,0
585271,0,0.094776146,Low (<25%),9.5,0
585275,0,0.05471282,Low (<25%),5.5,0
585277,0,0.04008144,Low (<25%),4.0,0
585316,0,0.247478,Low (<25%),24.7,0
585357,0,0.00128319,Low (<25%),0.1,0
585377,0,0.030537914,Low (<25%),3.1,0
585386,0,0.006287494,Low (<25%),0.6,0
585420,0,0.07066592,Low (<25%),7.1,0
585629,0,0.008493125,Low (<25%),0.8,0
585756,0,0.0033456802,Low (<25%),0.3,0
585780,0,0.0007409976,Low (<25%),0.1,0
585793,0,0.080357715,Low (<25%),8.0,0
585850,0,0.0019140526,Low (<25%),0.2,0
585853,0,0.0022743836,Low (<25%),0.2,0
585854,0,0.050892755,Low (<25%),5.1,0
585947,0,0.009463723,Low (<25%),0.9,0
585975,0,0.013935979,Low (<25%),1.4,0
585978,0,0.11415325,Low (<25%),11.4,0
586056,0,0.075518996,Low (<25%),7.6,0
586100,0,0.012585393,Low (<25%),1.3,0
586164,0,0.011607544,Low (<25%),1.2,0
586191,0,0.0051684324,Low (<25%),0.5,0
586199,0,0.01986717,Low (<25%),2.0,0
586365,0,0.018237062,Low (<25%),1.8,0
586401,0,0.18961452,Low (<25%),19.0,0
586446,0,0.020020625,Low (<25%),2.0,0
586542,0,0.01018414,Low (<25%),1.0,0
586686,0,0.005835746,Low (<25%),0.6,0
586711,0,0.0035949175,Low (<25%),0.4,0
586734,0,0.00035867456,Low (<25%),0.0,0
586753,0,0.033437103,Low (<25%),3.3,0
586870,0,0.041986234,Low (<25%),4.2,0
586891,0,0.03960022,Low (<25%),4.0,0
586944,0,0.005175277,Low (<25%),0.5,0
587136,1,0.99676204,Critical (>75%),99.7,1
587284,0,0.021793218,Low (<25%),2.2,0
587420,0,0.006870015,Low (<25%),0.7,0
587480,0,0.01773536,Low (<25%),1.8,0
587591,0,0.02250076,Low (<25%),2.3,0
587619,0,0.009687448,Low (<25%),1.0,0
587623,0,0.045490183,Low (<25%),4.5,0
587800,0,0.0895085,Low (<25%),9.0,0
588015,0,0.016562223,Low (<25%),1.7,0
588095,0,0.026212618,Low (<25%),2.6,0
588220,0,0.006590099,Low (<25%),0.7,0
588237,0,0.024234934,Low (<25%),2.4,0
588292,1,0.9987264,Critical (>75%),99.9,1
588445,0,0.00087536086,Low (<25%),0.1,0
588516,0,0.0019457149,Low (<25%),0.2,0
588657,0,0.020790352,Low (<25%),2.1,0
588789,0,0.01411035,Low (<25%),1.4,0
588917,0,0.0037831438,Low (<25%),0.4,0
588943,0,0.025972534,Low (<25%),2.6,0
588980,0,0.015302216,Low (<25%),1.5,0
589074,0,0.0131226415,Low (<25%),1.3,0
589101,0,0.020162107,Low (<25%),2.0,0
589427,0,0.29114243,Medium (25-50%),29.1,0
589466,0,0.6090956,High (50-75%),60.9,0
589580,0,0.0037304529,Low (<25%),0.4,0
589745,0,0.003641052,Low (<25%),0.4,0
589765,0,0.017948745,Low (<25%),1.8,0
589795,0,0.022436,Low (<25%),2.2,0
589840,0,0.007803467,Low (<25%),0.8,0
590025,0,0.08420343,Low (<25%),8.4,0
590098,0,0.0043150135,Low (<25%),0.4,0
590246,0,0.04101643,Low (<25%),4.1,0
590280,0,0.029988723,Low (<25%),3.0,0
590301,0,0.028044533,Low (<25%),2.8,0
590485,0,0.0056220433,Low (<25%),0.6,0
590514,0,0.006932936,Low (<25%),0.7,0
590647,0,0.006998637,Low (<25%),0.7,0
590727,1,0.98016775,Critical (>75%),98.0,1
590752,0,0.0010099587,Low (<25%),0.1,0
590778,0,0.015073159,Low (<25%),1.5,0
590936,0,0.013728349,Low (<25%),1.4,0
590981,0,0.33589402,Medium (25-50%),33.6,0
590989,0,0.07842222,Low (<25%),7.8,0
591174,0,0.11820999,Low (<25%),11.8,0
591272,0,0.000924231,Low (<25%),0.1,0
591367,0,0.035169933,Low (<25%),3.5,0
591377,0,0.054300833,Low (<25%),5.4,0
591414,0,0.010702998,Low (<25%),1.1,0
591476,1,0.9944878,Critical (>75%),99.4,1
591547,0,0.019176267,Low (<25%),1.9,0
591608,0,0.075821884,Low (<25%),7.6,0
591641,0,0.03454431,Low (<25%),3.5,0
591731,0,0.014092815,Low (<25%),1.4,0
591758,0,0.03850283,Low (<25%),3.9,0
591841,0,0.010874765,Low (<25%),1.1,0
591854,0,0.027725372,Low (<25%),2.8,0
592003,0,0.0027308215,Low (<25%),0.3,0
592034,0,0.016370898,Low (<25%),1.6,0
592064,0,0.07036069,Low (<25%),7.0,0
592088,0,0.053331148,Low (<25%),5.3,0
592145,0,0.019866753,Low (<25%),2.0,0
592251,0,0.005099528,Low (<25%),0.5,0
592302,0,0.20449425,Low (<25%),20.4,0
592350,0,0.0032128186,Low (<25%),0.3,0
592431,0,0.027289651,Low (<25%),2.7,0
592485,0,0.0072759814,Low (<25%),0.7,0
592966,0,0.005779265,Low (<25%),0.6,0
592992,0,0.03734022,Low (<25%),3.7,0
593007,0,0.0076647396,Low (<25%),0.8,0
593039,0,0.079275005,Low (<25%),7.9,0
593116,0,0.01006296,Low (<25%),1.0,0
593190,0,0.030280372,Low (<25%),3.0,0
593252,0,0.01477327,Low (<25%),1.5,0
593277,0,0.16018997,Low (<25%),16.0,0
593327,1,0.98065954,Critical (>75%),98.1,1
593340,0,0.0033829168,Low (<25%),0.3,0
593386,0,0.01725867,Low (<25%),1.7,0
593421,0,0.00083980995,Low (<25%),0.1,0
593506,0,0.009679742,Low (<25%),1.0,0
593651,0,0.015181247,Low (<25%),1.5,0
593684,0,0.0032708193,Low (<25%),0.3,0
593710,0,0.010819637,Low (<25%),1.1,0
593781,0,0.08363007,Low (<25%),8.4,0
593868,0,0.2164745,Low (<25%),21.6,0
594028,0,0.26015308,Medium (25-50%),26.0,0
594044,1,0.94776934,Critical (>75%),94.8,1
594598,0,0.00070555013,Low (<25%),0.1,0
594636,0,0.012289287,Low (<25%),1.2,0
594649,0,0.036910262,Low (<25%),3.7,0
594672,0,0.05925756,Low (<25%),5.9,0
594997,0,0.026656644,Low (<25%),2.7,0
595024,0,0.020582609,Low (<25%),2.1,0
595027,0,0.014140636,Low (<25%),1.4,0
595028,0,0.0204113,Low (<25%),2.0,0
595083,0,0.0055385227,Low (<25%),0.6,0
595169,0,0.002319173,Low (<25%),0.2,0
595215,0,0.0049694595,Low (<25%),0.5,0
595235,0,0.0038708597,Low (<25%),0.4,0
595236,0,0.00043107494,Low (<25%),0.0,0
595320,0,0.004979122,Low (<25%),0.5,0
595323,0,0.0018322845,Low (<25%),0.2,0
595325,0,0.007272996,Low (<25%),0.7,0
595658,0,0.007080986,Low (<25%),0.7,0
595681,0,0.0075993687,Low (<25%),0.8,0
595747,0,0.03372824,Low (<25%),3.4,0
595965,0,0.003663766,Low (<25%),0.4,0
595978,0,0.010265613,Low (<25%),1.0,0
595980,0,0.0025311017,Low (<25%),0.3,0
596004,0,0.0102575105,Low (<25%),1.0,0
596153,0,0.015017773,Low (<25%),1.5,0
596179,0,0.004616419,Low (<25%),0.5,0
596297,0,0.03165949,Low (<25%),3.2,0
596327,0,0.020469252,Low (<25%),2.0,0
596390,0,0.12405713,Low (<25%),12.4,0
596462,0,0.00097579614,Low (<25%),0.1,0
596544,0,0.00208521,Low (<25%),0.2,0
596586,0,0.0036732296,Low (<25%),0.4,0
596674,0,0.044526063,Low (<25%),4.5,0
596787,0,0.09263641,Low (<25%),9.3,0
596818,0,0.013962445,Low (<25%),1.4,0
596911,0,0.018450907,Low (<25%),1.8,0
597023,0,0.01130292,Low (<25%),1.1,0
597156,0,0.0013189091,Low (<25%),0.1,0
597189,0,0.060241107,Low (<25%),6.0,0
597191,0,0.020625096,Low (<25%),2.1,0
597197,0,0.00073658786,Low (<25%),0.1,0
597209,0,0.00156384,Low (<25%),0.2,0
597228,0,0.14731419,Low (<25%),14.7,0
597237,0,0.025393523,Low (<25%),2.5,0
597267,0,0.0043483214,Low (<25%),0.4,0
597294,0,0.00073558086,Low (<25%),0.1,0
597300,0,0.013134108,Low (<25%),1.3,0
597313,0,0.0098113185,Low (<25%),1.0,0
597532,0,0.031278815,Low (<25%),3.1,0
597837,0,0.0075153066,Low (<25%),0.8,0
597981,0,0.008853718,Low (<25%),0.9,0
598016,0,0.0025137905,Low (<25%),0.3,0
598059,0,0.012808149,Low (<25%),1.3,0
598360,0,0.0040708315,Low (<25%),0.4,0
598364,0,0.054617595,Low (<25%),5.5,0
598369,0,0.0042109685,Low (<25%),0.4,0
598398,0,0.024509586,Low (<25%),2.5,0
598705,0,0.01956709,Low (<25%),2.0,0
598706,1,0.8896044,Critical (>75%),89.0,0
598711,0,0.4257597,Medium (25-50%),42.6,0
598760,0,0.010522312,Low (<25%),1.1,0
598799,0,0.034531035,Low (<25%),3.5,0
599078,0,0.012081243,Low (<25%),1.2,0
599145,0,0.016294336,Low (<25%),1.6,0
599184,0,0.06178587,Low (<25%),6.2,0
599341,0,0.0015753359,Low (<25%),0.2,0
599369,0,0.00615665,Low (<25%),0.6,0
599372,0,0.035369422,Low (<25%),3.5,0
599442,0,0.02357255,Low (<25%),2.4,0
599483,0,0.008705996,Low (<25%),0.9,0
599491,0,0.005438847,Low (<25%),0.5,0
599560,1,0.9832977,Critical (>75%),98.3,1
599746,0,0.004894281,Low (<25%),0.5,0
599778,0,0.0018188208,Low (<25%),0.2,0
599925,0,0.1478223,Low (<25%),14.8,0
600013,0,0.14197801,Low (<25%),14.2,0
600021,1,0.96216965,Critical (>75%),96.2,1
600063,0,0.1533589,Low (<25%),15.3,0
600302,0,0.0055718506,Low (<25%),0.6,0
600309,0,0.0008028605,Low (<25%),0.1,0
600432,0,0.01448276,Low (<25%),1.4,0
600482,0,0.009559206,Low (<25%),1.0,0
600563,0,0.00507829,Low (<25%),0.5,0
600598,0,0.0037046245,Low (<25%),0.4,0
600651,0,0.0013590868,Low (<25%),0.1,0
600664,0,0.0015653961,Low (<25%),0.2,0
600712,0,0.057799194,Low (<25%),5.8,0
600746,0,0.009952616,Low (<25%),1.0,0
600756,0,0.016567428,Low (<25%),1.7,0
600785,0,0.01633953,Low (<25%),1.6,0
600792,0,0.016273102,Low (<25%),1.6,0
600884,0,0.525836,High (50-75%),52.6,0
600914,0,0.006672625,Low (<25%),0.7,0
601027,0,0.015745036,Low (<25%),1.6,0
601105,0,0.046025705,Low (<25%),4.6,0
601131,0,0.0014917161,Low (<25%),0.1,0
601143,0,0.2326796,Low (<25%),23.3,0
601167,0,0.1698726,Low (<25%),17.0,0
601332,0,0.0036082289,Low (<25%),0.4,0
601341,0,0.005537307,Low (<25%),0.6,0
601407,0,0.060128838,Low (<25%),6.0,0
601448,0,0.0005902363,Low (<25%),0.1,0
601583,1,0.93398046,Critical (>75%),93.4,0
601586,0,0.0013833618,Low (<25%),0.1,0
601597,0,0.0062923823,Low (<25%),0.6,0
601625,0,0.0003499405,Low (<25%),0.0,0
601626,0,0.0027411843,Low (<25%),0.3,0
601681,0,0.0047743614,Low (<25%),0.5,0
601775,0,0.008303373,Low (<25%),0.8,0
601834,0,0.0042926,Low (<25%),0.4,0
601940,0,0.010433042,Low (<25%),1.0,0
602014,0,0.00087920146,Low (<25%),0.1,0
602068,1,0.9736404,Critical (>75%),97.4,1
602086,1,0.98966306,Critical (>75%),99.0,1
602150,0,0.003012749,Low (<25%),0.3,0
602176,1,0.80776435,Critical (>75%),80.8,0
602213,0,0.01860102,Low (<25%),1.9,0
602222,0,0.114009336,Low (<25%),11.4,0
602275,1,0.9993819,Critical (>75%),99.9,1
602346,0,0.039556712,Low (<25%),4.0,0
602361,0,0.03531593,Low (<25%),3.5,0
602384,1,0.97176087,Critical (>75%),97.2,1
602574,0,0.018175732,Low (<25%),1.8,0
602585,0,0.011786927,Low (<25%),1.2,0
602587,0,0.03767098,Low (<25%),3.8,0
602649,1,0.99551755,Critical (>75%),99.6,1
602685,0,0.012540479,Low (<25%),1.3,0
602783,0,0.007771181,Low (<25%),0.8,0
602900,0,0.015451746,Low (<25%),1.5,0
602931,0,0.0026778942,Low (<25%),0.3,0
603005,0,0.0038679377,Low (<25%),0.4,0
603009,0,0.26240265,Medium (25-50%),26.2,0
603050,1,0.99553275,Critical (>75%),99.6,1
603070,0,0.0026758371,Low (<25%),0.3,0
603077,0,0.030692091,Low (<25%),3.1,0
603079,0,0.003227842,Low (<25%),0.3,0
603082,0,0.00704447,Low (<25%),0.7,0
603371,0,0.831614,Critical (>75%),83.2,0
603407,0,0.007954387,Low (<25%),0.8,0
603446,0,0.0062917923,Low (<25%),0.6,0
603531,0,0.006244821,Low (<25%),0.6,0
603539,0,0.019087706,Low (<25%),1.9,0
603545,0,0.091756046,Low (<25%),9.2,0
603587,0,0.014956096,Low (<25%),1.5,0
603658,0,0.015484147,Low (<25%),1.5,0
603674,0,0.0009645669,Low (<25%),0.1,0
603739,0,0.021662425,Low (<25%),2.2,0
603744,0,0.017393952,Low (<25%),1.7,0
603775,0,0.0062894546,Low (<25%),0.6,0
603968,0,0.044479,Low (<25%),4.4,0
604019,0,0.0115556875,Low (<25%),1.2,0
604116,0,0.049889393,Low (<25%),5.0,0
604274,0,0.009980243,Low (<25%),1.0,0
604332,0,0.009217466,Low (<25%),0.9,0
604461,0,0.0071596694,Low (<25%),0.7,0
604470,0,0.0077348026,Low (<25%),0.8,0
604510,0,0.0072279167,Low (<25%),0.7,0
604526,0,0.036310583,Low (<25%),3.6,0
604645,0,0.43550366,Medium (25-50%),43.6,0
604681,0,0.476029,Medium (25-50%),47.6,0
604724,0,0.002052284,Low (<25%),0.2,0
604772,0,0.00060241524,Low (<25%),0.1,0
604783,0,0.08591197,Low (<25%),8.6,0
604792,0,0.03079255,Low (<25%),3.1,0
604870,0,0.1010847,Low (<25%),10.1,0
604943,0,0.013605917,Low (<25%),1.4,0
605127,0,0.01146811,Low (<25%),1.1,0
605134,0,0.01236845,Low (<25%),1.2,0
605184,0,0.0026289944,Low (<25%),0.3,0
605269,0,0.014585779,Low (<25%),1.5,0
605320,0,0.00080618664,Low (<25%),0.1,0
605322,0,0.0036720084,Low (<25%),0.4,0
605341,0,0.031588677,Low (<25%),3.2,0
605343,0,0.035373792,Low (<25%),3.5,0
605500,0,0.006420962,Low (<25%),0.6,0
605505,0,0.008215994,Low (<25%),0.8,0
605723,0,0.39419654,Medium (25-50%),39.4,0
605761,0,0.0026591555,Low (<25%),0.3,0
605787,0,0.0029815359,Low (<25%),0.3,0
605790,0,0.009283372,Low (<25%),0.9,0
605803,0,0.008982016,Low (<25%),0.9,0
605849,0,0.0041282554,Low (<25%),0.4,0
605874,0,0.05321493,Low (<25%),5.3,0
605877,0,0.026595451,Low (<25%),2.7,0
605907,0,0.028709598,Low (<25%),2.9,0
605926,0,0.012008352,Low (<25%),1.2,0
606026,0,0.011322227,Low (<25%),1.1,0
606060,0,0.0076173525,Low (<25%),0.8,0
606214,0,0.0007390745,Low (<25%),0.1,0
606344,1,0.99914885,Critical (>75%),99.9,1
606371,0,0.019073365,Low (<25%),1.9,0
606396,0,0.028913036,Low (<25%),2.9,0
606455,0,0.0023907823,Low (<25%),0.2,0
606563,1,0.8521453,Critical (>75%),85.2,0
606600,0,0.0035099618,Low (<25%),0.4,0
606712,1,0.93320805,Critical (>75%),93.3,0
606846,0,0.0041548153,Low (<25%),0.4,0
606852,0,0.0067090406,Low (<25%),0.7,0
606875,0,0.011800158,Low (<25%),1.2,0
606877,0,0.0346764,Low (<25%),3.5,0
606962,0,0.106521696,Low (<25%),10.7,0
606989,0,0.010319364,Low (<25%),1.0,0
607115,0,0.05359985,Low (<25%),5.4,0
607117,0,0.0060629705,Low (<25%),0.6,0
607275,0,0.004346598,Low (<25%),0.4,0
607292,0,0.031689093,Low (<25%),3.2,0
607347,0,0.015388459,Low (<25%),1.5,0
607405,0,0.022233678,Low (<25%),2.2,0
607453,0,0.0035307424,Low (<25%),0.4,0
607480,0,0.012483703,Low (<25%),1.2,0
607489,0,0.001738894,Low (<25%),0.2,0
607538,0,0.72835803,High (50-75%),72.8,0
607548,0,0.056495883,Low (<25%),5.6,0
607555,0,0.0013634735,Low (<25%),0.1,0
607565,0,0.0010314279,Low (<25%),0.1,0
607588,0,0.015380882,Low (<25%),1.5,0
607662,0,0.31190082,Medium (25-50%),31.2,0
607696,0,0.0067546857,Low (<25%),0.7,0
607769,0,0.0011582876,Low (<25%),0.1,0
607847,0,0.013977486,Low (<25%),1.4,0
607856,0,0.0009815042,Low (<25%),0.1,0
607885,0,0.00939377,Low (<25%),0.9,0
607993,1,0.9968657,Critical (>75%),99.7,1
607997,0,0.016847504,Low (<25%),1.7,0
608070,0,0.04216031,Low (<25%),4.2,0
608087,0,0.021324484,Low (<25%),2.1,0
608116,0,0.024602868,Low (<25%),2.5,0
608159,0,0.0033861252,Low (<25%),0.3,0
608241,0,0.0059714983,Low (<25%),0.6,0
608326,0,0.38235483,Medium (25-50%),38.2,0
608370,0,0.010738207,Low (<25%),1.1,0
608384,0,0.004533484,Low (<25%),0.5,0
608419,0,0.0014341603,Low (<25%),0.1,0
608493,0,0.014681992,Low (<25%),1.5,0
608508,0,0.078985065,Low (<25%),7.9,0
608517,0,0.020649504,Low (<25%),2.1,0
608601,0,0.04159692,Low (<25%),4.2,0
608605,0,0.018563038,Low (<25%),1.9,0
608739,0,0.0038057687,Low (<25%),0.4,0
608758,0,0.010943834,Low (<25%),1.1,0
608850,0,0.0052306177,Low (<25%),0.5,0
608974,0,0.006106374,Low (<25%),0.6,0
609009,0,0.0006521297,Low (<25%),0.1,0
609072,0,0.012861393,Low (<25%),1.3,0
609174,0,0.0019053057,Low (<25%),0.2,0
609184,0,0.02394738,Low (<25%),2.4,0
609296,0,0.0016348051,Low (<25%),0.2,0
609532,0,0.019215576,Low (<25%),1.9,0
609650,0,0.1298259,Low (<25%),13.0,0
609667,0,0.019146277,Low (<25%),1.9,0
609730,0,0.012436827,Low (<25%),1.2,0
609778,0,0.01130622,Low (<25%),1.1,0
609971,0,0.005359479,Low (<25%),0.5,0
610096,0,0.04003987,Low (<25%),4.0,0
610393,0,0.0035045457,Low (<25%),0.4,0
610432,0,0.0009467784,Low (<25%),0.1,0
610465,0,0.013704145,Low (<25%),1.4,0
610482,1,0.9252487,Critical (>75%),92.5,0
610573,0,0.008351272,Low (<25%),0.8,0
610585,0,0.1721171,Low (<25%),17.2,0
610684,0,0.017467836,Low (<25%),1.7,0
610946,0,0.0028606714,Low (<25%),0.3,0
611029,0,0.019894019,Low (<25%),2.0,0
611046,1,0.8901096,Critical (>75%),89.0,0
611051,0,0.0057898867,Low (<25%),0.6,0
611084,0,0.008386673,Low (<25%),0.8,0
611086,0,0.0009892329,Low (<25%),0.1,0
611356,0,0.0049210554,Low (<25%),0.5,0
611366,0,0.5015958,High (50-75%),50.2,0
611415,0,0.05102152,Low (<25%),5.1,0
611436,0,0.05373703,Low (<25%),5.4,0
611464,0,0.030897722,Low (<25%),3.1,0
611481,0,0.042626977,Low (<25%),4.3,0
611538,0,0.10234842,Low (<25%),10.2,0
611582,0,0.010961903,Low (<25%),1.1,0
611618,0,0.0072378777,Low (<25%),0.7,0
611667,0,0.0026101612,Low (<25%),0.3,0
611673,0,0.015683733,Low (<25%),1.6,0
611689,0,0.0031642655,Low (<25%),0.3,0
611765,0,0.094070636,Low (<25%),9.4,0
611817,0,0.0047210907,Low (<25%),0.5,0
611873,0,0.054363824,Low (<25%),5.4,0
611990,0,0.1580306,Low (<25%),15.8,0
612013,1,0.9868954,Critical (>75%),98.7,1
612060,0,0.022669597,Low (<25%),2.3,0
612074,0,0.035411537,Low (<25%),3.5,0
612122,0,0.0072405646,Low (<25%),0.7,0
612140,0,0.0022229268,Low (<25%),0.2,0
612144,0,0.0087056095,Low (<25%),0.9,0
612162,0,0.07585016,Low (<25%),7.6,0
612186,0,0.0044740834,Low (<25%),0.4,0
612233,0,0.03263027,Low (<25%),3.3,0
612269,0,0.0019665183,Low (<25%),0.2,0
612294,0,0.033734642,Low (<25%),3.4,0
612311,0,0.01928283,Low (<25%),1.9,0
612339,0,0.006045886,Low (<25%),0.6,0
612488,0,0.004042802,Low (<25%),0.4,0
612510,0,0.019709287,Low (<25%),2.0,0
612555,0,0.017057266,Low (<25%),1.7,0
612650,1,0.9978678,Critical (>75%),99.8,1
612664,0,0.009861135,Low (<25%),1.0,0
612703,0,0.008407673,Low (<25%),0.8,0
612719,0,0.0007669594,Low (<25%),0.1,0
612795,0,0.006318462,Low (<25%),0.6,0
612834,0,0.0074791857,Low (<25%),0.7,0
612905,0,0.080375865,Low (<25%),8.0,0
612955,0,0.004784243,Low (<25%),0.5,0
612995,0,0.051893,Low (<25%),5.2,0
613076,0,0.013124427,Low (<25%),1.3,0
613185,0,0.016773673,Low (<25%),1.7,0
613195,0,0.0065924535,Low (<25%),0.7,0
613234,0,0.003330335,Low (<25%),0.3,0
613265,0,0.0018244714,Low (<25%),0.2,0
613303,0,0.029765746,Low (<25%),3.0,0
613546,0,0.05898734,Low (<25%),5.9,0
613747,0,0.009457873,Low (<25%),0.9,0
613804,0,0.0050427075,Low (<25%),0.5,0
613860,0,0.0038145771,Low (<25%),0.4,0
613908,0,0.020832684,Low (<25%),2.1,0
613925,1,0.9993717,Critical (>75%),99.9,1
614000,0,0.003995814,Low (<25%),0.4,0
614063,0,0.0030825709,Low (<25%),0.3,0
614100,0,0.13231665,Low (<25%),13.2,0
614106,0,0.006255216,Low (<25%),0.6,0
614122,0,0.1658484,Low (<25%),16.6,0
614164,0,0.0045060758,Low (<25%),0.5,0
614219,0,0.0031178112,Low (<25%),0.3,0
614221,0,0.006813137,Low (<25%),0.7,0
614246,0,0.025558308,Low (<25%),2.6,0
614307,0,0.017919326,Low (<25%),1.8,0
614350,0,0.026395107,Low (<25%),2.6,0
614373,0,0.01902552,Low (<25%),1.9,0
614379,0,0.0025865862,Low (<25%),0.3,0
614441,0,0.02712744,Low (<25%),2.7,0
614574,0,0.05429426,Low (<25%),5.4,0
614634,0,0.0021559165,Low (<25%),0.2,0
614721,0,0.0011249193,Low (<25%),0.1,0
614782,0,0.045335613,Low (<25%),4.5,0
614810,0,0.021500967,Low (<25%),2.2,0
614830,0,0.0008708793,Low (<25%),0.1,0
615022,0,0.025672663,Low (<25%),2.6,0
615054,1,0.8839234,Critical (>75%),88.4,0
615131,0,0.065241665,Low (<25%),6.5,0
615201,0,0.033679646,Low (<25%),3.4,0
615214,0,0.019215962,Low (<25%),1.9,0
615244,0,0.00434968,Low (<25%),0.4,0
615251,0,0.001268028,Low (<25%),0.1,0
615327,0,0.35690656,Medium (25-50%),35.7,0
615385,1,0.9988399,Critical (>75%),99.9,1
615411,0,0.00048638703,Low (<25%),0.0,0
615439,0,0.0007460382,Low (<25%),0.1,0
615459,0,0.0034604017,Low (<25%),0.3,0
615528,0,0.004770726,Low (<25%),0.5,0
615529,0,0.008607927,Low (<25%),0.9,0
615561,0,0.013793781,Low (<25%),1.4,0
615578,0,0.002429722,Low (<25%),0.2,0
615617,1,0.8306099,Critical (>75%),83.1,0
615662,0,0.026615396,Low (<25%),2.7,0
615673,0,0.008204462,Low (<25%),0.8,0
615678,0,0.034144808,Low (<25%),3.4,0
615826,0,0.0040774797,Low (<25%),0.4,0
615854,0,0.040627018,Low (<25%),4.1,0
615945,0,0.0006121452,Low (<25%),0.1,0
615989,0,0.0013032586,Low (<25%),0.1,0
616083,0,0.004318133,Low (<25%),0.4,0
616137,1,0.8696407,Critical (>75%),87.0,0
616162,0,0.009417722,Low (<25%),0.9,0
616220,0,0.07549961,Low (<25%),7.5,0
616226,0,0.017051151,Low (<25%),1.7,0
616342,0,0.035646114,Low (<25%),3.6,0
616350,0,0.58500385,High (50-75%),58.5,0
616374,1,0.9991511,Critical (>75%),99.9,1
616416,0,0.027547847,Low (<25%),2.8,0
616500,0,0.005848416,Low (<25%),0.6,0
616650,0,0.0011294134,Low (<25%),0.1,0
616667,0,0.005249752,Low (<25%),0.5,0
616722,0,0.0008511421,Low (<25%),0.1,0
616739,0,0.018594498,Low (<25%),1.9,0
616746,0,0.11741723,Low (<25%),11.7,0
616835,0,0.00047377867,Low (<25%),0.0,0
616857,0,0.0055945814,Low (<25%),0.6,0
616875,0,0.011964041,Low (<25%),1.2,0
616920,0,0.019967485,Low (<25%),2.0,0
617008,0,0.35568807,Medium (25-50%),35.6,0
617079,0,0.009361712,Low (<25%),0.9,0
617099,0,0.014175331,Low (<25%),1.4,0
617108,1,0.9995104,Critical (>75%),100.0,1
617171,0,0.032876004,Low (<25%),3.3,0
617263,0,0.015167395,Low (<25%),1.5,0
617296,0,0.032654118,Low (<25%),3.3,0
617326,0,0.044591215,Low (<25%),4.5,0
617348,0,0.049168605,Low (<25%),4.9,0
617447,0,0.026137993,Low (<25%),2.6,0
617471,0,0.0008126171,Low (<25%),0.1,0
617484,0,0.09783905,Low (<25%),9.8,0
617516,0,0.6282896,High (50-75%),62.8,0
617670,0,0.020968141,Low (<25%),2.1,0
617916,0,0.021008436,Low (<25%),2.1,0
617960,0,0.013150329,Low (<25%),1.3,0
618022,0,0.042278275,Low (<25%),4.2,0
618089,0,0.27763605,Medium (25-50%),27.8,0
618100,0,0.010083854,Low (<25%),1.0,0
618112,0,0.08364509,Low (<25%),8.4,0
618124,0,0.006957612,Low (<25%),0.7,0
618300,0,0.0009973472,Low (<25%),0.1,0
618302,0,0.009578669,Low (<25%),1.0,0
618309,0,0.15407386,Low (<25%),15.4,0
618329,0,0.029153606,Low (<25%),2.9,0
618379,0,0.004555586,Low (<25%),0.5,0
618390,0,0.03196207,Low (<25%),3.2,0
618409,0,0.001524316,Low (<25%),0.2,0
618461,0,0.17401464,Low (<25%),17.4,0
618494,0,0.07541137,Low (<25%),7.5,0
618523,0,0.02883474,Low (<25%),2.9,0
618524,0,0.002134822,Low (<25%),0.2,0
618601,0,0.008931516,Low (<25%),0.9,0
618656,0,0.32255268,Medium (25-50%),32.3,0
618719,0,0.015266863,Low (<25%),1.5,0
618731,0,0.0141234165,Low (<25%),1.4,0
618817,0,0.016860304,Low (<25%),1.7,0
618823,1,0.9045814,Critical (>75%),90.5,0
618824,0,0.0010899237,Low (<25%),0.1,0
618830,0,0.033204414,Low (<25%),3.3,0
618871,0,0.02351976,Low (<25%),2.4,0
618886,0,0.012143892,Low (<25%),1.2,0
619141,1,0.9989895,Critical (>75%),99.9,1
619268,0,0.004044409,Low (<25%),0.4,0
619404,0,0.015788384,Low (<25%),1.6,0
619483,0,0.050325096,Low (<25%),5.0,0
619537,0,0.017769951,Low (<25%),1.8,0
619548,0,0.06371071,Low (<25%),6.4,0
619596,1,0.8004008,Critical (>75%),80.0,0
619693,0,0.0099114515,Low (<25%),1.0,0
619826,0,0.11215974,Low (<25%),11.2,0
619840,0,0.020335693,Low (<25%),2.0,0
619916,0,0.3319432,Medium (25-50%),33.2,0
619920,0,0.002483936,Low (<25%),0.2,0
620078,0,0.002471271,Low (<25%),0.2,0
620084,0,0.9004701,Critical (>75%),90.0,0
620094,0,0.001590811,Low (<25%),0.2,0
620122,0,0.0005327785,Low (<25%),0.1,0
620406,0,0.0008122463,Low (<25%),0.1,0
620446,0,0.07203181,Low (<25%),7.2,0
620465,0,0.0030811573,Low (<25%),0.3,0
620480,0,0.049129877,Low (<25%),4.9,0
620563,0,0.017057274,Low (<25%),1.7,0
620584,0,0.002552529,Low (<25%),0.3,0
620741,0,0.17920421,Low (<25%),17.9,0
620858,0,0.002423421,Low (<25%),0.2,0
620990,0,0.10236643,Low (<25%),10.2,0
621006,0,0.005976598,Low (<25%),0.6,0
621072,0,0.011893461,Low (<25%),1.2,0
621093,0,0.001980791,Low (<25%),0.2,0
621180,0,0.003892579,Low (<25%),0.4,0
621190,0,0.00810829,Low (<25%),0.8,0
621218,0,0.03872777,Low (<25%),3.9,0
621279,0,0.025240583,Low (<25%),2.5,0
621583,0,0.0016483158,Low (<25%),0.2,0
621695,0,0.010871571,Low (<25%),1.1,0
621731,0,0.026376959,Low (<25%),2.6,0
621750,0,0.03630888,Low (<25%),3.6,0
621814,0,0.0043839724,Low (<25%),0.4,0
621823,0,0.0022190805,Low (<25%),0.2,0
621832,0,0.009160538,Low (<25%),0.9,0
621876,0,0.010036968,Low (<25%),1.0,0
621940,0,0.043791823,Low (<25%),4.4,0
621951,0,0.014444742,Low (<25%),1.4,0
622006,0,0.0034989284,Low (<25%),0.3,0
622019,0,0.017473394,Low (<25%),1.7,0
622036,0,0.00656216,Low (<25%),0.7,0
622324,0,0.018720396,Low (<25%),1.9,0
622334,0,0.207742,Low (<25%),20.8,0
622527,0,0.016458308,Low (<25%),1.6,0
622610,0,0.033097442,Low (<25%),3.3,0
622697,0,0.021583363,Low (<25%),2.2,0
622776,0,0.05715972,Low (<25%),5.7,0
622822,0,0.29745972,Medium (25-50%),29.7,0
622883,0,0.0025261047,Low (<25%),0.3,0
622906,0,0.017117787,Low (<25%),1.7,0
622975,0,0.07065638,Low (<25%),7.1,0
623071,0,0.4387306,Medium (25-50%),43.9,0
623144,0,0.019779406,Low (<25%),2.0,0
623222,0,0.0035005182,Low (<25%),0.4,0
623327,0,0.1366636,Low (<25%),13.7,0
623478,0,0.44331318,Medium (25-50%),44.3,0
623537,0,0.011375225,Low (<25%),1.1,0
623569,0,0.22454832,Low (<25%),22.5,0
623654,1,0.9293104,Critical (>75%),92.9,0
623688,0,0.0031525074,Low (<25%),0.3,0
623861,0,0.0059556826,Low (<25%),0.6,0
623903,0,0.0128634935,Low (<25%),1.3,0
624065,0,0.1472733,Low (<25%),14.7,0
624216,0,0.00843695,Low (<25%),0.8,0
624407,0,0.0075898664,Low (<25%),0.8,0
624463,0,0.0032393239,Low (<25%),0.3,0
624487,0,0.039359465,Low (<25%),3.9,0
624569,0,0.0012384735,Low (<25%),0.1,0
624621,0,0.13346766,Low (<25%),13.3,0
624704,0,0.0045947926,Low (<25%),0.5,0
624881,0,0.36629626,Medium (25-50%),36.6,0
624929,0,0.032725863,Low (<25%),3.3,0
624935,0,0.0038104735,Low (<25%),0.4,0
624980,0,0.022556465,Low (<25%),2.3,0
625033,0,0.03584723,Low (<25%),3.6,0
625123,0,0.0011560753,Low (<25%),0.1,0
625183,0,0.014597571,Low (<25%),1.5,0
625320,0,0.0008956084,Low (<25%),0.1,0
625434,0,0.014925253,Low (<25%),1.5,0
625451,0,0.009025937,Low (<25%),0.9,0
625458,0,0.04072595,Low (<25%),4.1,0
625497,0,0.0015749759,Low (<25%),0.2,0
625524,0,0.010193065,Low (<25%),1.0,0
625557,0,0.006261619,Low (<25%),0.6,0
625621,0,0.0071067004,Low (<25%),0.7,0
625784,0,0.013650272,Low (<25%),1.4,0
625859,0,0.06696698,Low (<25%),6.7,0
625870,0,0.012432886,Low (<25%),1.2,0
625945,0,0.008620367,Low (<25%),0.9,0
626030,0,0.64008546,High (50-75%),64.0,0
626149,0,0.004313408,Low (<25%),0.4,0
626211,0,0.014018256,Low (<25%),1.4,0
626474,0,0.002373918,Low (<25%),0.2,0
626542,0,0.030858718,Low (<25%),3.1,0
626560,0,0.0035722824,Low (<25%),0.4,0
626664,0,0.0030267385,Low (<25%),0.3,0
626746,0,0.0064657684,Low (<25%),0.6,0
626762,0,0.054752514,Low (<25%),5.5,0
626767,0,0.44873327,Medium (25-50%),44.9,0
626973,0,0.0106768105,Low (<25%),1.1,0
627354,0,0.013121111,Low (<25%),1.3,0
627428,0,0.0059321434,Low (<25%),0.6,0
627485,0,0.0055272044,Low (<25%),0.6,0
627489,0,0.03874433,Low (<25%),3.9,0
627670,0,0.0047910023,Low (<25%),0.5,0
627778,0,0.03472803,Low (<25%),3.5,0
627791,0,0.060105126,Low (<25%),6.0,0
627826,0,0.0038755143,Low (<25%),0.4,0
627893,0,0.017356178,Low (<25%),1.7,0
627915,0,0.006701371,Low (<25%),0.7,0
627970,0,0.04135383,Low (<25%),4.1,0
628017,0,0.009789111,Low (<25%),1.0,0
628081,0,0.0059559653,Low (<25%),0.6,0
628096,0,0.0016543319,Low (<25%),0.2,0
628130,0,0.023912326,Low (<25%),2.4,0
628169,0,0.0010029317,Low (<25%),0.1,0
628180,0,0.015637644,Low (<25%),1.6,0
628211,0,0.013307599,Low (<25%),1.3,0
628258,0,0.0027917642,Low (<25%),0.3,0
628320,0,0.002547612,Low (<25%),0.3,0
628409,0,0.014235079,Low (<25%),1.4,0
628431,0,0.024170553,Low (<25%),2.4,0
628475,0,0.014764251,Low (<25%),1.5,0
628533,0,0.019426327,Low (<25%),1.9,0
628578,0,0.009350819,Low (<25%),0.9,0
628596,0,0.00869918,Low (<25%),0.9,0
628618,0,0.020716755,Low (<25%),2.1,0
628669,0,0.0033987728,Low (<25%),0.3,0
628844,0,0.031874347,Low (<25%),3.2,0
628860,0,0.0017430434,Low (<25%),0.2,0
628917,0,0.0026193112,Low (<25%),0.3,0
628924,0,0.019564843,Low (<25%),2.0,0
628952,0,0.035940185,Low (<25%),3.6,0
629177,0,0.007853459,Low (<25%),0.8,0
629299,0,0.018881569,Low (<25%),1.9,0
629394,0,0.007892836,Low (<25%),0.8,0
629410,0,0.0017997948,Low (<25%),0.2,0
629642,0,0.013952188,Low (<25%),1.4,0
629706,0,0.009601582,Low (<25%),1.0,0
629753,0,0.07822831,Low (<25%),7.8,0
630034,0,0.19889605,Low (<25%),19.9,0
630071,0,0.0026930445,Low (<25%),0.3,0
630209,0,0.6045717,High (50-75%),60.5,0
630265,0,0.01033137,Low (<25%),1.0,0
630290,1,0.9983026,Critical (>75%),99.8,1
630320,0,0.0024767406,Low (<25%),0.2,0
630338,0,0.0049722968,Low (<25%),0.5,0
630396,0,0.0017314332,Low (<25%),0.2,0
630588,0,0.053269755,Low (<25%),5.3,0
630711,0,0.03412207,Low (<25%),3.4,0
630869,0,0.009723263,Low (<25%),1.0,0
630880,0,0.012775157,Low (<25%),1.3,0
630920,0,0.029467216,Low (<25%),2.9,0
631051,0,0.1757672,Low (<25%),17.6,0
631070,0,0.015486444,Low (<25%),1.5,0
631200,0,0.18908952,Low (<25%),18.9,0
631379,0,0.012140797,Low (<25%),1.2,0
631406,0,0.023910226,Low (<25%),2.4,0
631543,0,0.00083891215,Low (<25%),0.1,0
631557,0,0.25024533,Medium (25-50%),25.0,0
631583,0,0.07147076,Low (<25%),7.1,0
631661,0,0.008095235,Low (<25%),0.8,0
631683,0,0.006407287,Low (<25%),0.6,0
631704,0,0.004472111,Low (<25%),0.4,0
631801,0,0.0009926718,Low (<25%),0.1,0
631821,0,0.02984506,Low (<25%),3.0,0
631839,0,0.0030811864,Low (<25%),0.3,0
631853,0,0.0015123874,Low (<25%),0.2,0
631854,0,0.016328046,Low (<25%),1.6,0
631869,0,0.019577527,Low (<25%),2.0,0
632097,0,0.0047019324,Low (<25%),0.5,0
632103,0,0.015070845,Low (<25%),1.5,0
632130,0,0.0019404866,Low (<25%),0.2,0
632199,0,0.0027115275,Low (<25%),0.3,0
632352,0,0.007915491,Low (<25%),0.8,0
632398,0,0.0031608292,Low (<25%),0.3,0
632399,0,0.009383016,Low (<25%),0.9,0
632435,0,0.068279,Low (<25%),6.8,0
632515,0,0.0011335599,Low (<25%),0.1,0
632556,0,0.0019252296,Low (<25%),0.2,0
632638,0,0.010206689,Low (<25%),1.0,0
632720,0,0.004888195,Low (<25%),0.5,0
632793,0,0.026110075,Low (<25%),2.6,0
632826,0,0.0016830482,Low (<25%),0.2,0
632981,0,0.009603795,Low (<25%),1.0,0
633135,0,0.014394603,Low (<25%),1.4,0
633140,0,0.028924057,Low (<25%),2.9,0
633202,0,0.003990091,Low (<25%),0.4,0
633299,0,0.058342904,Low (<25%),5.8,0
633330,0,0.08536125,Low (<25%),8.5,0
633458,0,0.18276498,Low (<25%),18.3,0
633627,0,0.0045222216,Low (<25%),0.5,0
633631,0,0.104078844,Low (<25%),10.4,0
633640,0,8.0801576e-05,Low (<25%),0.0,0
633734,1,0.93101466,Critical (>75%),93.1,0
633749,0,0.023146342,Low (<25%),2.3,0
633787,0,0.01564321,Low (<25%),1.6,0
633861,0,0.02453712,Low (<25%),2.5,0
633910,0,0.0071140523,Low (<25%),0.7,0
633938,0,0.012815168,Low (<25%),1.3,0
633992,0,0.07287728,Low (<25%),7.3,0
633999,0,0.28037667,Medium (25-50%),28.0,0
634181,0,0.021218415,Low (<25%),2.1,0
634185,0,0.037920617,Low (<25%),3.8,0
634269,1,0.96846765,Critical (>75%),96.8,1
634386,0,0.035918284,Low (<25%),3.6,0
634392,0,0.4991061,Medium (25-50%),49.9,0
634418,0,0.005772841,Low (<25%),0.6,0
634423,0,0.14344949,Low (<25%),14.3,0
634503,0,0.0044291643,Low (<25%),0.4,0
634615,0,0.00019598372,Low (<25%),0.0,0
634727,0,0.14329684,Low (<25%),14.3,0
634807,0,0.0032367725,Low (<25%),0.3,0
634850,0,0.016187388,Low (<25%),1.6,0
634900,0,0.004404598,Low (<25%),0.4,0
634916,0,0.27236766,Medium (25-50%),27.2,0
635084,0,0.050490048,Low (<25%),5.0,0
635162,1,0.89855707,Critical (>75%),89.9,0
635225,0,0.0039249556,Low (<25%),0.4,0
635249,0,0.027002133,Low (<25%),2.7,0
635302,0,0.00016680014,Low (<25%),0.0,0
635334,0,0.020033887,Low (<25%),2.0,0
635509,0,0.021460451,Low (<25%),2.1,0
635517,0,0.0028030535,Low (<25%),0.3,0
635531,0,0.04067651,Low (<25%),4.1,0
635616,0,0.003419831,Low (<25%),0.3,0
635715,0,0.0076937173,Low (<25%),0.8,0
635719,0,0.01760053,Low (<25%),1.8,0
635907,0,0.00073302636,Low (<25%),0.1,0
636000,0,0.027369082,Low (<25%),2.7,0
636012,0,0.006153753,Low (<25%),0.6,0
636017,0,0.03847112,Low (<25%),3.8,0
636045,0,0.017088545,Low (<25%),1.7,0
636177,0,0.0066663316,Low (<25%),0.7,0
636213,0,0.007878387,Low (<25%),0.8,0
636293,0,0.009505173,Low (<25%),1.0,0
636413,0,0.05590594,Low (<25%),5.6,0
636505,0,0.003420104,Low (<25%),0.3,0
636673,0,0.08211885,Low (<25%),8.2,0
636749,0,0.039142866,Low (<25%),3.9,0
636753,0,0.0014004463,Low (<25%),0.1,0
636813,0,0.062449668,Low (<25%),6.2,0
636965,0,0.025131963,Low (<25%),2.5,0
637151,0,0.011068141,Low (<25%),1.1,0
637249,0,0.0053946744,Low (<25%),0.5,0
637396,0,0.012427309,Low (<25%),1.2,0
637532,0,0.0039165886,Low (<25%),0.4,0
637580,0,0.0029694848,Low (<25%),0.3,0
637641,0,0.014953237,Low (<25%),1.5,0
637655,0,0.0052173506,Low (<25%),0.5,0
637687,0,0.003704165,Low (<25%),0.4,0
637721,0,0.006638216,Low (<25%),0.7,0
637760,0,0.0029492404,Low (<25%),0.3,0
637765,0,0.012178445,Low (<25%),1.2,0
637986,0,0.010089305,Low (<25%),1.0,0
638004,0,0.039946154,Low (<25%),4.0,0
638152,0,0.006240934,Low (<25%),0.6,0
638162,0,0.0025836884,Low (<25%),0.3,0
638207,0,0.012303005,Low (<25%),1.2,0
638237,0,0.05959012,Low (<25%),6.0,0
638253,0,0.0018599002,Low (<25%),0.2,0
638368,0,0.025593549,Low (<25%),2.6,0
638389,0,0.0072702,Low (<25%),0.7,0
638469,0,0.00035873833,Low (<25%),0.0,0
638495,0,0.00084457395,Low (<25%),0.1,0
638506,0,0.004303816,Low (<25%),0.4,0
638602,0,0.020278426,Low (<25%),2.0,0
638618,0,0.063044615,Low (<25%),6.3,0
638685,0,0.006918634,Low (<25%),0.7,0
638732,0,0.023599317,Low (<25%),2.4,0
638733,0,0.0032522518,Low (<25%),0.3,0
638804,0,0.0016811034,Low (<25%),0.2,0
639117,0,0.0019359142,Low (<25%),0.2,0
639145,0,0.006264501,Low (<25%),0.6,0
639258,1,0.9027591,Critical (>75%),90.3,0
639419,0,0.01320676,Low (<25%),1.3,0
639510,0,0.041168902,Low (<25%),4.1,0
639613,0,0.018013952,Low (<25%),1.8,0
639701,0,0.0008001572,Low (<25%),0.1,0
639705,0,0.002662557,Low (<25%),0.3,0
639807,0,0.011550846,Low (<25%),1.2,0
640009,0,0.075278625,Low (<25%),7.5,0
640082,0,0.047728103,Low (<25%),4.8,0
640110,0,0.033925213,Low (<25%),3.4,0
640116,0,0.01068694,Low (<25%),1.1,0
640238,0,0.0042784805,Low (<25%),0.4,0
640244,0,0.0020171797,Low (<25%),0.2,0
640285,0,0.0038857148,Low (<25%),0.4,0
640418,0,0.0048754592,Low (<25%),0.5,0
640555,0,0.08499231,Low (<25%),8.5,0
640588,0,0.35965815,Medium (25-50%),36.0,0
640614,0,0.0097958995,Low (<25%),1.0,0
640831,0,0.006279804,Low (<25%),0.6,0
640833,0,0.0033521706,Low (<25%),0.3,0
641039,0,0.017385185,Low (<25%),1.7,0
641050,0,0.0039219256,Low (<25%),0.4,0
641103,0,0.10294864,Low (<25%),10.3,0
641123,0,0.0018212681,Low (<25%),0.2,0
641159,0,0.068013094,Low (<25%),6.8,0
641160,0,0.01885148,Low (<25%),1.9,0
641164,0,0.02067739,Low (<25%),2.1,0
641189,0,0.10832897,Low (<25%),10.8,0
641327,0,0.012274836,Low (<25%),1.2,0
641384,0,0.022809602,Low (<25%),2.3,0
641448,0,0.0024518545,Low (<25%),0.2,0
641586,0,0.0037788602,Low (<25%),0.4,0
641612,0,0.00071961666,Low (<25%),0.1,0
641642,0,0.22937167,Low (<25%),22.9,0
641704,0,0.011476086,Low (<25%),1.1,0
641734,0,0.015463982,Low (<25%),1.5,0
641869,0,0.13489854,Low (<25%),13.5,0
641879,0,0.08835458,Low (<25%),8.8,0
641884,0,0.004504754,Low (<25%),0.5,0
641970,0,0.016111467,Low (<25%),1.6,0
641997,0,0.006024909,Low (<25%),0.6,0
642000,0,0.0088810455,Low (<25%),0.9,0
642002,0,0.041226435,Low (<25%),4.1,0
642043,0,0.032841552,Low (<25%),3.3,0
642102,0,0.042412233,Low (<25%),4.2,0
642109,0,0.007960033,Low (<25%),0.8,0
642313,1,0.93277556,Critical (>75%),93.3,0
642323,0,0.16717239,Low (<25%),16.7,0
642401,1,0.9770496,Critical (>75%),97.7,1
642449,0,0.018013159,Low (<25%),1.8,0
642485,0,0.087990575,Low (<25%),8.8,0
642738,0,0.011936177,Low (<25%),1.2,0
642808,0,0.021408696,Low (<25%),2.1,0
642901,0,0.024173522,Low (<25%),2.4,0
642976,0,0.0002750223,Low (<25%),0.0,0
643026,0,0.010701317,Low (<25%),1.1,0
643059,0,0.020052258,Low (<25%),2.0,0
643117,0,0.023559624,Low (<25%),2.4,0
643225,0,0.025567144,Low (<25%),2.6,0
643300,0,0.004266014,Low (<25%),0.4,0
643362,1,0.99064225,Critical (>75%),99.1,1
643364,0,0.02197372,Low (<25%),2.2,0
643476,0,0.0032240609,Low (<25%),0.3,0
643480,0,0.009014387,Low (<25%),0.9,0
643507,0,0.0050344104,Low (<25%),0.5,0
643605,0,0.004199882,Low (<25%),0.4,0
643669,0,0.0018899452,Low (<25%),0.2,0
643705,0,0.004132553,Low (<25%),0.4,0
643854,0,0.0140392305,Low (<25%),1.4,0
643912,0,0.0138607025,Low (<25%),1.4,0
644014,0,0.018169368,Low (<25%),1.8,0
644017,0,0.00035932858,Low (<25%),0.0,0
644163,0,0.011404321,Low (<25%),1.1,0
644251,0,0.004180507,Low (<25%),0.4,0
644265,0,0.022071453,Low (<25%),2.2,0
644374,0,0.036744867,Low (<25%),3.7,0
644390,0,0.0016165077,Low (<25%),0.2,0
644417,1,0.99507254,Critical (>75%),99.5,1
644434,0,0.008100516,Low (<25%),0.8,0
644551,0,0.011452039,Low (<25%),1.1,0
644630,0,0.031022172,Low (<25%),3.1,0
644652,0,0.060862858,Low (<25%),6.1,0
644769,0,0.011584759,Low (<25%),1.2,0
644786,0,0.0141408155,Low (<25%),1.4,0
644865,0,0.007931425,Low (<25%),0.8,0
644893,1,0.9873713,Critical (>75%),98.7,1
644938,0,0.0039125704,Low (<25%),0.4,0
644945,0,0.008426525,Low (<25%),0.8,0
645057,0,0.0038833474,Low (<25%),0.4,0
645072,0,0.0071288263,Low (<25%),0.7,0
645081,0,0.013986775,Low (<25%),1.4,0
645114,0,0.011815614,Low (<25%),1.2,0
645145,0,0.006907609,Low (<25%),0.7,0
645147,0,0.013442874,Low (<25%),1.3,0
645244,0,0.049397107,Low (<25%),4.9,0
645265,0,0.0012515897,Low (<25%),0.1,0
645280,0,0.02370937,Low (<25%),2.4,0
645450,0,0.018329171,Low (<25%),1.8,0
645566,0,0.003978491,Low (<25%),0.4,0
645600,0,0.026196357,Low (<25%),2.6,0
645653,0,0.002094212,Low (<25%),0.2,0
645688,0,0.112627625,Low (<25%),11.3,0
645712,0,0.0068674646,Low (<25%),0.7,0
645895,0,0.010104538,Low (<25%),1.0,0
645919,0,0.009348331,Low (<25%),0.9,0
645927,0,0.04142774,Low (<25%),4.1,0
645986,0,0.001879902,Low (<25%),0.2,0
646022,0,0.005354309,Low (<25%),0.5,0
646038,0,0.010462992,Low (<25%),1.0,0
646137,0,0.004154409,Low (<25%),0.4,0
646168,0,0.1522184,Low (<25%),15.2,0
646178,0,0.011180276,Low (<25%),1.1,0
646187,0,0.0104260985,Low (<25%),1.0,0
646189,0,0.03203621,Low (<25%),3.2,0
646198,1,0.9581303,Critical (>75%),95.8,1
646225,0,0.11105421,Low (<25%),11.1,0
646277,0,0.014968556,Low (<25%),1.5,0
646359,0,0.00759444,Low (<25%),0.8,0
646399,0,0.124704674,Low (<25%),12.5,0
646502,0,0.0044892775,Low (<25%),0.4,0
646519,0,0.036252778,Low (<25%),3.6,0
646935,0,0.02452919,Low (<25%),2.5,0
647005,1,0.9930126,Critical (>75%),99.3,1
647133,0,0.009082784,Low (<25%),0.9,0
647214,0,0.046850696,Low (<25%),4.7,0
647491,0,0.009096368,Low (<25%),0.9,0
647658,0,0.011626022,Low (<25%),1.2,0
647672,0,0.17193936,Low (<25%),17.2,0
647684,0,0.054667745,Low (<25%),5.5,0
647726,0,0.31966233,Medium (25-50%),32.0,0
647791,0,0.86076945,Critical (>75%),86.1,0
647894,0,0.013881639,Low (<25%),1.4,0
647956,0,0.49946105,Medium (25-50%),49.9,0
648043,0,0.0176372,Low (<25%),1.8,0
648077,0,0.004171223,Low (<25%),0.4,0
648365,0,0.0061248764,Low (<25%),0.6,0
648380,0,0.0052654957,Low (<25%),0.5,0
648432,0,0.1564294,Low (<25%),15.6,0
648455,0,0.00069282984,Low (<25%),0.1,0
648533,0,0.0021827072,Low (<25%),0.2,0
648575,0,0.0010843906,Low (<25%),0.1,0
648586,0,0.0043262118,Low (<25%),0.4,0
648596,0,0.626843,High (50-75%),62.7,0
648648,0,0.023614865,Low (<25%),2.4,0
648653,0,0.05060193,Low (<25%),5.1,0
648924,0,0.012959628,Low (<25%),1.3,0
649052,0,0.2704191,Medium (25-50%),27.0,0
649054,0,0.0047646333,Low (<25%),0.5,0
649089,0,0.00037233037,Low (<25%),0.0,0
649104,0,0.015007571,Low (<25%),1.5,0
649194,0,0.0018994053,Low (<25%),0.2,0
649321,0,0.014214672,Low (<25%),1.4,0
649422,0,0.0039343867,Low (<25%),0.4,0
649442,0,0.00703233,Low (<25%),0.7,0
649487,1,0.98519206,Critical (>75%),98.5,1
649656,0,0.0013296542,Low (<25%),0.1,0
649680,0,0.05010029,Low (<25%),5.0,0
649770,0,0.018969294,Low (<25%),1.9,0
649802,0,0.041989706,Low (<25%),4.2,0
649855,0,0.007891245,Low (<25%),0.8,0
649961,0,0.0037309015,Low (<25%),0.4,0
649972,1,0.9314321,Critical (>75%),93.1,0
649994,0,0.0059076264,Low (<25%),0.6,0
650290,1,0.9865813,Critical (>75%),98.7,1
650358,0,0.032200765,Low (<25%),3.2,0
650377,0,0.0006940944,Low (<25%),0.1,0
650420,0,0.0047196974,Low (<25%),0.5,0
650445,0,0.0044455975,Low (<25%),0.4,0
650466,0,0.0030160835,Low (<25%),0.3,0
650486,0,0.008527095,Low (<25%),0.9,0
650529,0,0.0005557889,Low (<25%),0.1,0
650553,0,0.009454202,Low (<25%),0.9,0
650621,0,0.028818786,Low (<25%),2.9,0
650657,0,0.018046258,Low (<25%),1.8,0
650704,0,0.0095573,Low (<25%),1.0,0
650721,0,0.05168262,Low (<25%),5.2,0
650870,0,0.01121344,Low (<25%),1.1,0
651006,0,0.024067147,Low (<25%),2.4,0
651020,0,0.00394314,Low (<25%),0.4,0
651097,0,0.008808195,Low (<25%),0.9,0
651250,0,0.0250678,Low (<25%),2.5,0
651281,0,0.0020875372,Low (<25%),0.2,0
651377,0,0.00048122613,Low (<25%),0.0,0
651605,0,0.00049171696,Low (<25%),0.0,0
651622,0,0.00037058914,Low (<25%),0.0,0
651645,0,0.01373737,Low (<25%),1.4,0
651694,0,0.0046893233,Low (<25%),0.5,0
651740,0,0.0119511,Low (<25%),1.2,0
651835,0,0.015383207,Low (<25%),1.5,0
651959,0,0.019750059,Low (<25%),2.0,0
652034,0,0.025278728,Low (<25%),2.5,0
652047,0,0.004103973,Low (<25%),0.4,0
652194,0,0.0099643925,Low (<25%),1.0,0
652212,0,0.0024335114,Low (<25%),0.2,0
652291,0,0.18333043,Low (<25%),18.3,0
652370,0,0.03232531,Low (<25%),3.2,0
652374,0,0.3319245,Medium (25-50%),33.2,0
652394,0,0.017003607,Low (<25%),1.7,0
652498,0,0.06191391,Low (<25%),6.2,0
652501,0,0.076429494,Low (<25%),7.6,0
652518,0,0.02378428,Low (<25%),2.4,0
652614,0,0.0052562603,Low (<25%),0.5,0
652642,0,0.018845474,Low (<25%),1.9,0
652741,0,0.03081955,Low (<25%),3.1,0
652756,0,0.24248104,Low (<25%),24.2,0
652790,0,0.07131918,Low (<25%),7.1,0
652816,0,0.001845006,Low (<25%),0.2,0
652862,0,0.048743352,Low (<25%),4.9,0
653015,0,0.014245938,Low (<25%),1.4,0
653070,0,0.013761055,Low (<25%),1.4,0
653081,0,0.015719194,Low (<25%),1.6,0
653191,0,0.0119999135,Low (<25%),1.2,0
653259,0,0.05626262,Low (<25%),5.6,0
653304,0,0.0012563721,Low (<25%),0.1,0
653337,0,0.008927123,Low (<25%),0.9,0
653340,0,0.06638323,Low (<25%),6.6,0
653354,0,0.0751653,Low (<25%),7.5,0
653400,0,0.009857039,Low (<25%),1.0,0
653441,0,0.004613488,Low (<25%),0.5,0
653539,0,0.01271508,Low (<25%),1.3,0
653542,0,0.010372751,Low (<25%),1.0,0
653572,0,0.019727807,Low (<25%),2.0,0
653636,0,0.026555201,Low (<25%),2.7,0
653637,0,0.016139314,Low (<25%),1.6,0
653698,0,0.0021393227,Low (<25%),0.2,0
653851,0,0.19303438,Low (<25%),19.3,0
653973,0,0.06373235,Low (<25%),6.4,0
654073,0,0.029465804,Low (<25%),2.9,0
654086,0,0.010982431,Low (<25%),1.1,0
654122,0,0.0146138435,Low (<25%),1.5,0
654187,0,0.002917475,Low (<25%),0.3,0
654225,1,0.96132934,Critical (>75%),96.1,1
654288,0,0.017580243,Low (<25%),1.8,0
654389,0,0.00031342905,Low (<25%),0.0,0
654433,1,0.9170145,Critical (>75%),91.7,0
654540,0,0.0012618509,Low (<25%),0.1,0
654578,0,0.0042644483,Low (<25%),0.4,0
654748,1,0.9921566,Critical (>75%),99.2,1
654751,0,0.008917627,Low (<25%),0.9,0
654817,0,0.014802435,Low (<25%),1.5,0
654890,0,0.010878515,Low (<25%),1.1,0
654941,0,0.011852981,Low (<25%),1.2,0
655044,0,0.059905827,Low (<25%),6.0,0
655082,0,0.014571824,Low (<25%),1.5,0
655325,0,0.005233916,Low (<25%),0.5,0
655453,0,0.03482192,Low (<25%),3.5,0
655480,0,0.0071563553,Low (<25%),0.7,0
655715,0,0.012218804,Low (<25%),1.2,0
655721,0,0.0028139704,Low (<25%),0.3,0
655743,0,0.0063855615,Low (<25%),0.6,0
655892,0,0.030988142,Low (<25%),3.1,0
655957,0,0.003377105,Low (<25%),0.3,0
656027,0,0.00042483417,Low (<25%),0.0,0
656036,1,0.9987178,Critical (>75%),99.9,1
656288,0,0.021492366,Low (<25%),2.1,0
656360,0,0.005109066,Low (<25%),0.5,0
656415,0,0.008274795,Low (<25%),0.8,0
656572,0,0.010896117,Low (<25%),1.1,0
656639,0,0.006094214,Low (<25%),0.6,0
656942,0,0.017777251,Low (<25%),1.8,0
657116,0,0.002653577,Low (<25%),0.3,0
657118,0,0.009782832,Low (<25%),1.0,0
657339,0,0.0022207047,Low (<25%),0.2,0
657492,0,0.009819794,Low (<25%),1.0,0
657668,0,0.07876913,Low (<25%),7.9,0
657730,1,0.99872595,Critical (>75%),99.9,1
657748,0,0.0030477424,Low (<25%),0.3,0
657842,0,0.0043874807,Low (<25%),0.4,0
657865,0,0.003545004,Low (<25%),0.4,0
658175,0,0.03555989,Low (<25%),3.6,0
658310,0,0.069143414,Low (<25%),6.9,0
658330,0,0.013438436,Low (<25%),1.3,0
658407,1,0.93142116,Critical (>75%),93.1,0
658546,0,0.0035215556,Low (<25%),0.4,0
658861,0,0.011728699,Low (<25%),1.2,0
658996,0,0.03091248,Low (<25%),3.1,0
659011,0,0.008067935,Low (<25%),0.8,0
659112,0,0.04146253,Low (<25%),4.1,0
659147,0,0.0007625994,Low (<25%),0.1,0
659205,0,0.003585832,Low (<25%),0.4,0
659251,0,0.004539666,Low (<25%),0.5,0
659400,0,0.00849971,Low (<25%),0.8,0
659419,0,0.021313544,Low (<25%),2.1,0
659481,0,0.38487226,Medium (25-50%),38.5,0
659536,0,0.0060478174,Low (<25%),0.6,0
659607,0,0.0031280527,Low (<25%),0.3,0
659637,0,0.01589338,Low (<25%),1.6,0
659767,0,0.0014124399,Low (<25%),0.1,0
659781,0,0.0623132,Low (<25%),6.2,0
659882,1,0.89065003,Critical (>75%),89.1,0
659967,0,0.00071541243,Low (<25%),0.1,0
660030,0,0.0066607455,Low (<25%),0.7,0
660047,0,0.12673849,Low (<25%),12.7,0
660119,0,0.0017225721,Low (<25%),0.2,0
660178,0,0.046203006,Low (<25%),4.6,0
660197,0,0.009040425,Low (<25%),0.9,0
660294,0,0.010407082,Low (<25%),1.0,0
660376,0,0.007322598,Low (<25%),0.7,0
660395,0,0.049593776,Low (<25%),5.0,0
660436,0,0.015633116,Low (<25%),1.6,0
660457,0,0.34564883,Medium (25-50%),34.6,0
660554,0,0.08822533,Low (<25%),8.8,0
660684,0,0.008664777,Low (<25%),0.9,0
660768,0,0.009539302,Low (<25%),1.0,0
660922,0,0.022172708,Low (<25%),2.2,0
660958,0,0.06350384,Low (<25%),6.4,0
661035,0,0.05052635,Low (<25%),5.1,0
661050,0,0.009072923,Low (<25%),0.9,0
661054,0,0.0005576828,Low (<25%),0.1,0
661069,1,0.99637175,Critical (>75%),99.6,1
661088,0,0.027931307,Low (<25%),2.8,0
661118,0,0.017428434,Low (<25%),1.7,0
661150,0,0.09234213,Low (<25%),9.2,0
661193,0,0.0017823499,Low (<25%),0.2,0
661274,0,0.00686525,Low (<25%),0.7,0
661321,0,0.047824126,Low (<25%),4.8,0
661411,0,0.046938878,Low (<25%),4.7,0
661451,0,0.02236023,Low (<25%),2.2,0
661469,0,0.0015894028,Low (<25%),0.2,0
661487,0,0.0024390183,Low (<25%),0.2,0
661502,0,0.0037034086,Low (<25%),0.4,0
661587,0,0.018295376,Low (<25%),1.8,0
661708,0,0.07344152,Low (<25%),7.3,0
661744,0,0.034648094,Low (<25%),3.5,0
662022,0,0.023048751,Low (<25%),2.3,0
662045,0,0.00012770157,Low (<25%),0.0,0
662164,0,0.24649982,Low (<25%),24.6,0
662166,0,0.01847073,Low (<25%),1.8,0
662209,0,0.021412637,Low (<25%),2.1,0
662268,0,0.0072709923,Low (<25%),0.7,0
662272,0,0.18566988,Low (<25%),18.6,0
662380,0,0.0046275323,Low (<25%),0.5,0
662406,0,0.001997953,Low (<25%),0.2,0
662521,0,0.009767311,Low (<25%),1.0,0
662594,0,0.08696336,Low (<25%),8.7,0
662665,0,0.039405394,Low (<25%),3.9,0
662750,0,0.0072362944,Low (<25%),0.7,0
662848,0,0.012221273,Low (<25%),1.2,0
662880,0,0.0150481975,Low (<25%),1.5,0
662934,0,0.013743587,Low (<25%),1.4,0
662936,0,0.00984993,Low (<25%),1.0,0
662973,0,0.0072543356,Low (<25%),0.7,0
663062,0,0.01061002,Low (<25%),1.1,0
663067,0,0.033794448,Low (<25%),3.4,0
663133,0,0.005684422,Low (<25%),0.6,0
663150,0,0.14358066,Low (<25%),14.4,0
663213,0,0.0029115719,Low (<25%),0.3,0
663270,0,0.011126665,Low (<25%),1.1,0
663343,0,0.0028784822,Low (<25%),0.3,0
663382,0,0.07930308,Low (<25%),7.9,0
663402,0,0.13742304,Low (<25%),13.7,0
663416,0,0.025880761,Low (<25%),2.6,0
663422,0,0.0146134375,Low (<25%),1.5,0
663513,0,0.016366353,Low (<25%),1.6,0
663514,0,0.011895423,Low (<25%),1.2,0
663521,0,0.013553591,Low (<25%),1.4,0
663573,0,0.0026739456,Low (<25%),0.3,0
663719,0,0.006039765,Low (<25%),0.6,0
663757,1,0.9066027,Critical (>75%),90.7,0
663918,0,0.010564007,Low (<25%),1.1,0
664008,0,0.008403913,Low (<25%),0.8,0
664034,1,0.95093906,Critical (>75%),95.1,1
664052,0,0.02483291,Low (<25%),2.5,0
664054,0,0.012528055,Low (<25%),1.3,0
664062,0,0.03404371,Low (<25%),3.4,0
664084,0,0.013544109,Low (<25%),1.4,0
664112,0,0.06515628,Low (<25%),6.5,0
664277,0,0.0079644015,Low (<25%),0.8,0
664379,0,0.0021354489,Low (<25%),0.2,0
664493,0,0.027774079,Low (<25%),2.8,0
664666,0,0.010333359,Low (<25%),1.0,0
664684,0,0.00019890245,Low (<25%),0.0,0
664705,0,0.0420837,Low (<25%),4.2,0
664737,0,0.010397028,Low (<25%),1.0,0
664759,0,0.16775168,Low (<25%),16.8,0
664771,0,0.0047169006,Low (<25%),0.5,0
664799,0,0.89793843,Critical (>75%),89.8,0
664856,0,0.040572114,Low (<25%),4.1,0
665024,0,0.010160053,Low (<25%),1.0,0
665100,0,0.014688609,Low (<25%),1.5,0
665467,0,0.006146901,Low (<25%),0.6,0
665548,0,0.019411605,Low (<25%),1.9,0
665646,0,0.105845466,Low (<25%),10.6,0
665679,0,0.04223044,Low (<25%),4.2,0
665701,0,0.005928964,Low (<25%),0.6,0
665890,0,0.004244587,Low (<25%),0.4,0
666189,0,0.006922816,Low (<25%),0.7,0
666222,0,0.0022742688,Low (<25%),0.2,0
666301,0,0.02846634,Low (<25%),2.8,0
666337,0,0.008787279,Low (<25%),0.9,0
666381,0,0.009558664,Low (<25%),1.0,0
666417,0,0.22382289,Low (<25%),22.4,0
666473,0,0.014252715,Low (<25%),1.4,0
666504,0,0.010399359,Low (<25%),1.0,0
666556,0,0.0026852002,Low (<25%),0.3,0
666572,0,0.047965877,Low (<25%),4.8,0
666597,0,0.087393716,Low (<25%),8.7,0
666608,0,0.044610847,Low (<25%),4.5,0
666667,0,0.015277698,Low (<25%),1.5,0
666680,0,0.0028093955,Low (<25%),0.3,0
666702,1,0.99595296,Critical (>75%),99.6,1
666761,1,0.99846315,Critical (>75%),99.8,1
666877,0,0.040987264,Low (<25%),4.1,0
666878,0,0.47767505,Medium (25-50%),47.8,0
666933,0,0.018981308,Low (<25%),1.9,0
666952,0,0.024955692,Low (<25%),2.5,0
667041,0,0.012101081,Low (<25%),1.2,0
667117,0,0.0073256358,Low (<25%),0.7,0
667262,0,0.011904366,Low (<25%),1.2,0
667275,0,0.050245825,Low (<25%),5.0,0
667293,0,0.052942682,Low (<25%),5.3,0
667314,1,0.92867726,Critical (>75%),92.9,0
667341,0,0.010531064,Low (<25%),1.1,0
667517,0,0.0036278837,Low (<25%),0.4,0
667615,0,0.029288458,Low (<25%),2.9,0
667634,0,0.014144266,Low (<25%),1.4,0
667692,0,0.0034026788,Low (<25%),0.3,0
667767,0,0.06369013,Low (<25%),6.4,0
667781,0,0.002457134,Low (<25%),0.2,0
667860,0,0.009009727,Low (<25%),0.9,0
667901,0,0.017579032,Low (<25%),1.8,0
667974,0,0.0042220624,Low (<25%),0.4,0
668000,0,0.0073312484,Low (<25%),0.7,0
668020,0,0.008339276,Low (<25%),0.8,0
668136,0,0.022914276,Low (<25%),2.3,0
668213,0,0.06458122,Low (<25%),6.5,0
668235,0,0.0028128428,Low (<25%),0.3,0
668253,0,0.0065145446,Low (<25%),0.7,0
668510,0,0.011129189,Low (<25%),1.1,0
668576,0,0.06617639,Low (<25%),6.6,0
668599,0,0.01922332,Low (<25%),1.9,0
668624,0,0.007238254,Low (<25%),0.7,0
668692,0,0.01759541,Low (<25%),1.8,0
668843,0,0.13119608,Low (<25%),13.1,0
668865,0,0.06185876,Low (<25%),6.2,0
668959,0,0.07580378,Low (<25%),7.6,0
668968,0,0.004099306,Low (<25%),0.4,0
668970,0,0.002522426,Low (<25%),0.3,0
669065,0,0.010809956,Low (<25%),1.1,0
669066,0,0.0074878065,Low (<25%),0.7,0
669222,0,0.0025999462,Low (<25%),0.3,0
669368,0,0.02582544,Low (<25%),2.6,0
669373,0,0.0017864421,Low (<25%),0.2,0
669501,0,0.03115522,Low (<25%),3.1,0
669810,0,0.00013918676,Low (<25%),0.0,0
669812,0,0.022764526,Low (<25%),2.3,0
669890,0,0.025137322,Low (<25%),2.5,0
669894,0,0.010057314,Low (<25%),1.0,0
669978,0,0.0033619087,Low (<25%),0.3,0
670000,0,0.017277267,Low (<25%),1.7,0
670002,0,0.036344595,Low (<25%),3.6,0
670040,0,0.0025655606,Low (<25%),0.3,0
670131,0,0.039798703,Low (<25%),4.0,0
670210,0,0.018677011,Low (<25%),1.9,0
670215,0,0.002446528,Low (<25%),0.2,0
670289,0,0.2428387,Low (<25%),24.3,0
670294,0,0.0058365203,Low (<25%),0.6,0
670371,0,0.19625844,Low (<25%),19.6,0
670430,0,0.008157684,Low (<25%),0.8,0
670606,0,0.0446686,Low (<25%),4.5,0
670666,0,0.011046574,Low (<25%),1.1,0
670751,0,0.008054891,Low (<25%),0.8,0
670817,0,0.02522462,Low (<25%),2.5,0
670836,1,0.9357751,Critical (>75%),93.6,1
670939,0,0.00945159,Low (<25%),0.9,0
670985,0,0.0020156626,Low (<25%),0.2,0
671077,0,0.028919907,Low (<25%),2.9,0
671115,0,0.020835023,Low (<25%),2.1,0
671119,0,0.0011007263,Low (<25%),0.1,0
671173,0,0.019772545,Low (<25%),2.0,0
671368,0,0.0020014828,Low (<25%),0.2,0
671383,0,0.042400848,Low (<25%),4.2,0
671528,0,0.0135511495,Low (<25%),1.4,0
671534,0,0.23262087,Low (<25%),23.3,0
671628,0,0.36360827,Medium (25-50%),36.4,0
671639,0,0.004586972,Low (<25%),0.5,0
671764,0,0.00022087216,Low (<25%),0.0,0
671803,0,0.00091841584,Low (<25%),0.1,0
671849,0,0.0020457045,Low (<25%),0.2,0
671911,0,0.01521905,Low (<25%),1.5,0
671928,0,0.026639633,Low (<25%),2.7,0
671933,0,0.0063800267,Low (<25%),0.6,0
672039,0,0.18838897,Low (<25%),18.8,0
672089,0,0.025582463,Low (<25%),2.6,0
672170,0,0.0033955455,Low (<25%),0.3,0
672236,0,0.0036584714,Low (<25%),0.4,0
672308,0,0.016633812,Low (<25%),1.7,0
672336,0,0.046684176,Low (<25%),4.7,0
672395,0,0.00428522,Low (<25%),0.4,0
672430,0,0.010201449,Low (<25%),1.0,0
672431,0,0.04671036,Low (<25%),4.7,0
672570,0,0.008024195,Low (<25%),0.8,0
672600,0,0.0043252525,Low (<25%),0.4,0
672649,0,0.13393402,Low (<25%),13.4,0
672781,0,0.18388997,Low (<25%),18.4,0
672893,0,0.0059657097,Low (<25%),0.6,0
672904,0,0.008282663,Low (<25%),0.8,0
673054,0,0.002610258,Low (<25%),0.3,0
673192,0,0.005969741,Low (<25%),0.6,0
673301,0,0.0013940843,Low (<25%),0.1,0
673399,0,0.03373698,Low (<25%),3.4,0
673401,0,0.023628429,Low (<25%),2.4,0
673424,0,0.000102788676,Low (<25%),0.0,0
673492,0,0.0011584355,Low (<25%),0.1,0
673934,0,0.003639412,Low (<25%),0.4,0
674118,0,0.012390581,Low (<25%),1.2,0
674281,0,0.0063415924,Low (<25%),0.6,0
674327,0,0.034142364,Low (<25%),3.4,0
674394,0,0.008250124,Low (<25%),0.8,0
674462,0,0.0029675048,Low (<25%),0.3,0
674497,0,0.016549706,Low (<25%),1.7,0
674637,0,0.0009142652,Low (<25%),0.1,0
674689,0,0.301219,Medium (25-50%),30.1,0
674738,1,0.9578299,Critical (>75%),95.8,1
674781,0,0.060025536,Low (<25%),6.0,0
674805,0,0.01661177,Low (<25%),1.7,0
674876,0,0.13825183,Low (<25%),13.8,0
674933,0,0.008681187,Low (<25%),0.9,0
675057,0,0.0273085,Low (<25%),2.7,0
675104,0,0.0036759162,Low (<25%),0.4,0
675106,0,0.0009878799,Low (<25%),0.1,0
675204,0,0.005111423,Low (<25%),0.5,0
675243,0,0.009686949,Low (<25%),1.0,0
675385,0,0.09141632,Low (<25%),9.1,0
675405,0,0.0049542515,Low (<25%),0.5,0
675409,0,0.00047909695,Low (<25%),0.0,0
675442,0,0.0061568543,Low (<25%),0.6,0
675457,0,0.014815019,Low (<25%),1.5,0
675506,0,0.0051749214,Low (<25%),0.5,0
675516,0,0.009765553,Low (<25%),1.0,0
675535,0,0.005768549,Low (<25%),0.6,0
675538,0,0.024547985,Low (<25%),2.5,0
675541,0,0.028750706,Low (<25%),2.9,0
675616,0,0.0014424634,Low (<25%),0.1,0
675651,0,0.013199325,Low (<25%),1.3,0
675848,0,0.0021194022,Low (<25%),0.2,0
675879,0,0.00060905475,Low (<25%),0.1,0
675936,0,0.0148538295,Low (<25%),1.5,0
675956,0,0.021065501,Low (<25%),2.1,0
676203,0,0.005561374,Low (<25%),0.6,0
676289,0,0.034992017,Low (<25%),3.5,0
676371,0,0.057502814,Low (<25%),5.8,0
676376,0,0.057049625,Low (<25%),5.7,0
676406,0,0.009363853,Low (<25%),0.9,0
676408,0,0.010145888,Low (<25%),1.0,0
676409,0,0.0051465672,Low (<25%),0.5,0
676585,0,0.018022183,Low (<25%),1.8,0
676622,0,0.06008199,Low (<25%),6.0,0
676639,0,0.045575082,Low (<25%),4.6,0
676669,0,0.01765297,Low (<25%),1.8,0
676873,0,0.0069007818,Low (<25%),0.7,0
676877,0,0.05822309,Low (<25%),5.8,0
676941,0,0.0009913212,Low (<25%),0.1,0
677045,0,0.11205765,Low (<25%),11.2,0
677141,0,0.00082403363,Low (<25%),0.1,0
677174,0,0.0037549892,Low (<25%),0.4,0
677213,0,0.013747454,Low (<25%),1.4,0
677217,0,0.004472289,Low (<25%),0.4,0
677218,1,0.9020406,Critical (>75%),90.2,0
677322,1,0.9569704,Critical (>75%),95.7,1
677329,0,0.17571048,Low (<25%),17.6,0
677335,0,0.00012166608,Low (<25%),0.0,0
677404,0,0.0011411117,Low (<25%),0.1,0
677435,0,0.0016474169,Low (<25%),0.2,0
677513,0,0.01656815,Low (<25%),1.7,0
677527,0,0.020383269,Low (<25%),2.0,0
677560,0,0.3338419,Medium (25-50%),33.4,0
677606,0,0.0026370024,Low (<25%),0.3,0
677695,0,0.011227133,Low (<25%),1.1,0
677704,0,0.09808529,Low (<25%),9.8,0
677717,0,0.3879677,Medium (25-50%),38.8,0
677751,0,0.010606151,Low (<25%),1.1,0
677963,0,0.20673898,Low (<25%),20.7,0
677976,1,0.9364127,Critical (>75%),93.6,1
678205,0,0.008826552,Low (<25%),0.9,0
678217,0,0.00034965036,Low (<25%),0.0,0
678243,0,0.009386283,Low (<25%),0.9,0
678341,0,0.016585369,Low (<25%),1.7,0
678454,0,0.00611503,Low (<25%),0.6,0
678460,0,0.003047916,Low (<25%),0.3,0
678493,0,0.0009078585,Low (<25%),0.1,0
678514,0,0.0025707849,Low (<25%),0.3,0
678603,0,0.07932346,Low (<25%),7.9,0
678616,0,0.07930719,Low (<25%),7.9,0
678722,0,0.116334215,Low (<25%),11.6,0
678786,0,0.016087199,Low (<25%),1.6,0
678837,0,0.009018409,Low (<25%),0.9,0
678925,0,0.014867686,Low (<25%),1.5,0
678967,0,0.029794417,Low (<25%),3.0,0
679075,0,0.006223663,Low (<25%),0.6,0
679253,0,0.14590244,Low (<25%),14.6,0
679311,0,0.01232455,Low (<25%),1.2,0
679414,0,0.07953317,Low (<25%),8.0,0
679437,0,0.035082325,Low (<25%),3.5,0
679485,0,0.0078338655,Low (<25%),0.8,0
679531,1,0.9989737,Critical (>75%),99.9,1
679607,0,0.01860981,Low (<25%),1.9,0
679609,0,0.023085134,Low (<25%),2.3,0
679623,0,0.022921942,Low (<25%),2.3,0
679638,0,0.0027847916,Low (<25%),0.3,0
679859,0,0.053811308,Low (<25%),5.4,0
679908,0,0.22312045,Low (<25%),22.3,0
680181,0,0.024163574,Low (<25%),2.4,0
680379,0,0.0019794512,Low (<25%),0.2,0
680444,0,0.0053816824,Low (<25%),0.5,0
680445,0,0.014071755,Low (<25%),1.4,0
680565,0,0.10208849,Low (<25%),10.2,0
680569,0,0.09868711,Low (<25%),9.9,0
680581,0,0.004297492,Low (<25%),0.4,0
680738,0,0.056977924,Low (<25%),5.7,0
680839,0,0.0040691327,Low (<25%),0.4,0
680886,0,0.0060840384,Low (<25%),0.6,0
680945,0,0.0011517293,Low (<25%),0.1,0
681032,0,0.0027072756,Low (<25%),0.3,0
681250,0,0.011822548,Low (<25%),1.2,0
681270,0,0.016707022,Low (<25%),1.7,0
681309,0,0.012344015,Low (<25%),1.2,0
681328,0,0.03205359,Low (<25%),3.2,0
681399,0,0.0014999234,Low (<25%),0.1,0
681593,0,0.0008738921,Low (<25%),0.1,0
681649,0,0.030816982,Low (<25%),3.1,0
681722,0,0.022042613,Low (<25%),2.2,0
681785,0,0.0048936633,Low (<25%),0.5,0
681822,0,0.0023717924,Low (<25%),0.2,0
681887,0,0.002925512,Low (<25%),0.3,0
681921,0,0.010738419,Low (<25%),1.1,0
681984,0,0.0063067703,Low (<25%),0.6,0
682103,0,0.016930334,Low (<25%),1.7,0
682194,0,0.002701523,Low (<25%),0.3,0
682288,0,0.00587537,Low (<25%),0.6,0
682308,0,0.18879718,Low (<25%),18.9,0
682356,0,0.066716604,Low (<25%),6.7,0
682419,0,0.013304538,Low (<25%),1.3,0
682521,1,0.99832636,Critical (>75%),99.8,1
682528,0,0.009088021,Low (<25%),0.9,0
682571,1,0.88180137,Critical (>75%),88.2,0
682654,1,0.96578217,Critical (>75%),96.6,1
682707,0,0.0271818,Low (<25%),2.7,0
682709,0,0.004725648,Low (<25%),0.5,0
682813,0,0.0037878552,Low (<25%),0.4,0
682819,0,0.0077834637,Low (<25%),0.8,0
682826,0,0.013283659,Low (<25%),1.3,0
682840,0,0.0015315673,Low (<25%),0.2,0
682979,0,0.017364416,Low (<25%),1.7,0
683126,0,0.012186181,Low (<25%),1.2,0
683239,1,0.98101395,Critical (>75%),98.1,1
683288,1,0.99744934,Critical (>75%),99.7,1
683356,0,0.026270038,Low (<25%),2.6,0
683361,0,0.2825761,Medium (25-50%),28.3,0
683470,0,0.039627343,Low (<25%),4.0,0
683485,0,0.005907313,Low (<25%),0.6,0
683487,0,0.023662241,Low (<25%),2.4,0
683503,0,0.0060034366,Low (<25%),0.6,0
683660,0,0.0012302558,Low (<25%),0.1,0
683699,0,0.018393768,Low (<25%),1.8,0
683751,0,0.078447424,Low (<25%),7.8,0
683791,0,0.006019361,Low (<25%),0.6,0
683838,0,0.03107149,Low (<25%),3.1,0
683901,0,0.010088967,Low (<25%),1.0,0
683909,0,0.025708834,Low (<25%),2.6,0
683910,0,0.2060263,Low (<25%),20.6,0
683920,0,0.02867189,Low (<25%),2.9,0
684022,0,0.0025582972,Low (<25%),0.3,0
684123,0,0.0012022159,Low (<25%),0.1,0
684133,0,0.3594894,Medium (25-50%),35.9,0
684155,0,0.016277606,Low (<25%),1.6,0
684201,0,0.010443509,Low (<25%),1.0,0
684305,0,0.011178184,Low (<25%),1.1,0
684371,0,0.011653747,Low (<25%),1.2,0
684386,0,0.014924313,Low (<25%),1.5,0
684491,0,0.008717065,Low (<25%),0.9,0
684691,0,0.0027178894,Low (<25%),0.3,0
684776,0,0.04264249,Low (<25%),4.3,0
684826,0,0.016779227,Low (<25%),1.7,0
684881,0,0.003167579,Low (<25%),0.3,0
684889,0,0.00061584066,Low (<25%),0.1,0
684934,1,0.95833915,Critical (>75%),95.8,1
685171,0,0.022533316,Low (<25%),2.3,0
685208,0,0.0041239704,Low (<25%),0.4,0
685314,0,0.0033334405,Low (<25%),0.3,0
685346,0,0.014023425,Low (<25%),1.4,0
685375,0,0.02060128,Low (<25%),2.1,0
685408,0,0.023794483,Low (<25%),2.4,0
685518,1,0.9680738,Critical (>75%),96.8,1
685533,0,0.1510018,Low (<25%),15.1,0
685546,0,0.03520745,Low (<25%),3.5,0
685608,0,0.0019154678,Low (<25%),0.2,0
685683,0,0.009866738,Low (<25%),1.0,0
685720,0,0.01868961,Low (<25%),1.9,0
685792,1,0.9983006,Critical (>75%),99.8,1
685982,0,0.019301722,Low (<25%),1.9,0
686031,0,0.010556788,Low (<25%),1.1,0
686044,0,0.011034032,Low (<25%),1.1,0
686059,0,0.00642025,Low (<25%),0.6,0
686196,0,0.019022373,Low (<25%),1.9,0
686220,0,0.0043283775,Low (<25%),0.4,0
686223,0,0.0028653897,Low (<25%),0.3,0
686224,0,0.01943597,Low (<25%),1.9,0
686232,0,0.0010375101,Low (<25%),0.1,0
686371,0,0.011798434,Low (<25%),1.2,0
686397,0,0.0022384175,Low (<25%),0.2,0
686471,0,0.00093225925,Low (<25%),0.1,0
686509,0,0.0470709,Low (<25%),4.7,0
686555,0,0.007743525,Low (<25%),0.8,0
686561,0,0.012909197,Low (<25%),1.3,0
686709,0,0.010198667,Low (<25%),1.0,0
686728,0,0.0025575624,Low (<25%),0.3,0
686769,0,0.69057506,High (50-75%),69.1,0
686783,0,0.030824007,Low (<25%),3.1,0
686838,0,0.0044438355,Low (<25%),0.4,0
687170,0,0.013379322,Low (<25%),1.3,0
687186,0,0.010848443,Low (<25%),1.1,0
687199,0,0.0027704255,Low (<25%),0.3,0
687262,0,0.010746375,Low (<25%),1.1,0
687401,0,0.0049379785,Low (<25%),0.5,0
687412,0,0.002996891,Low (<25%),0.3,0
687463,0,0.057541057,Low (<25%),5.8,0
687525,0,0.06057929,Low (<25%),6.1,0
687533,0,0.0038300867,Low (<25%),0.4,0
687589,0,0.009436901,Low (<25%),0.9,0
687639,0,0.002228236,Low (<25%),0.2,0
687748,0,0.040334355,Low (<25%),4.0,0
687820,0,0.016011514,Low (<25%),1.6,0
687895,0,0.0041602976,Low (<25%),0.4,0
687962,0,0.013793522,Low (<25%),1.4,0
688058,0,0.011913444,Low (<25%),1.2,0
688139,0,0.0016981515,Low (<25%),0.2,0
688168,0,0.0022532619,Low (<25%),0.2,0
688178,0,0.007638873,Low (<25%),0.8,0
688319,0,0.006788636,Low (<25%),0.7,0
688410,0,0.020783423,Low (<25%),2.1,0
688524,0,0.055146568,Low (<25%),5.5,0
688533,0,0.0068158354,Low (<25%),0.7,0
688557,0,0.0047754715,Low (<25%),0.5,0
688627,0,0.003598853,Low (<25%),0.4,0
688691,0,0.0018652093,Low (<25%),0.2,0
688748,1,0.9340148,Critical (>75%),93.4,0
688820,0,0.0019306302,Low (<25%),0.2,0
688891,0,0.0007582133,Low (<25%),0.1,0
689000,0,0.0013020886,Low (<25%),0.1,0
689112,0,0.0061412114,Low (<25%),0.6,0
689275,0,0.0025859713,Low (<25%),0.3,0
689353,0,0.004563726,Low (<25%),0.5,0
689389,0,0.00083869,Low (<25%),0.1,0
689440,0,0.06076427,Low (<25%),6.1,0
689459,0,0.040717516,Low (<25%),4.1,0
689477,0,0.02004039,Low (<25%),2.0,0
689818,0,0.058204245,Low (<25%),5.8,0
689839,0,0.0005247921,Low (<25%),0.1,0
689909,0,0.009884246,Low (<25%),1.0,0
689912,0,0.0155174825,Low (<25%),1.6,0
689981,0,0.009869641,Low (<25%),1.0,0
690029,0,0.015003589,Low (<25%),1.5,0
690191,0,0.002058676,Low (<25%),0.2,0
690199,0,0.008319625,Low (<25%),0.8,0
690494,0,0.41599452,Medium (25-50%),41.6,0
690554,0,0.006948466,Low (<25%),0.7,0
690563,0,0.003142612,Low (<25%),0.3,0
690637,0,0.027197849,Low (<25%),2.7,0
690641,0,0.038624078,Low (<25%),3.9,0
690671,0,0.0012396306,Low (<25%),0.1,0
690776,0,0.030299325,Low (<25%),3.0,0
690797,0,0.0050676623,Low (<25%),0.5,0
690862,0,0.015077798,Low (<25%),1.5,0
690866,0,0.0056395335,Low (<25%),0.6,0
690890,0,0.00085744297,Low (<25%),0.1,0
690916,0,0.010407828,Low (<25%),1.0,0
690969,0,0.009917186,Low (<25%),1.0,0
690970,0,0.33799857,Medium (25-50%),33.8,0
690971,0,0.046187323,Low (<25%),4.6,0
691077,0,0.001215759,Low (<25%),0.1,0
691220,0,0.0021392421,Low (<25%),0.2,0
691262,0,0.5038222,High (50-75%),50.4,0
691332,0,0.002603148,Low (<25%),0.3,0
691520,0,0.022130406,Low (<25%),2.2,0
691542,0,0.31471652,Medium (25-50%),31.5,0
691626,0,0.0015755496,Low (<25%),0.2,0
691645,0,0.0028400521,Low (<25%),0.3,0
691700,0,0.10810939,Low (<25%),10.8,0
691761,0,0.007892201,Low (<25%),0.8,0
691909,0,0.00369095,Low (<25%),0.4,0
692096,0,0.00790409,Low (<25%),0.8,0
692129,0,0.11066771,Low (<25%),11.1,0
692151,0,0.001545036,Low (<25%),0.2,0
692252,0,0.0027226717,Low (<25%),0.3,0
692275,0,0.08006444,Low (<25%),8.0,0
692304,0,0.0069126836,Low (<25%),0.7,0
692328,0,0.005823059,Low (<25%),0.6,0
692535,0,0.0064278683,Low (<25%),0.6,0
692628,0,0.0007726564,Low (<25%),0.1,0
692671,0,0.010496537,Low (<25%),1.0,0
692685,0,0.03673947,Low (<25%),3.7,0
692729,0,0.0069104554,Low (<25%),0.7,0
692856,0,0.04135673,Low (<25%),4.1,0
692992,0,0.0038942234,Low (<25%),0.4,0
693045,0,0.031755872,Low (<25%),3.2,0
693133,0,0.0078005656,Low (<25%),0.8,0
693138,0,0.005451508,Low (<25%),0.5,0
693196,0,0.04261607,Low (<25%),4.3,0
693212,0,0.018818935,Low (<25%),1.9,0
693238,0,0.006345864,Low (<25%),0.6,0
693256,0,0.09866054,Low (<25%),9.9,0
693295,0,0.07661526,Low (<25%),7.7,0
693372,0,0.016937463,Low (<25%),1.7,0
693494,0,0.003726751,Low (<25%),0.4,0
693528,0,0.061797585,Low (<25%),6.2,0
693608,0,0.007420031,Low (<25%),0.7,0
693625,0,0.00045637766,Low (<25%),0.0,0
693659,0,0.004473478,Low (<25%),0.4,0
693665,0,0.03744287,Low (<25%),3.7,0
693791,0,0.028302526,Low (<25%),2.8,0
693852,0,0.0018288533,Low (<25%),0.2,0
693913,0,0.0088735735,Low (<25%),0.9,0
693922,0,0.0109632155,Low (<25%),1.1,0
694021,0,0.008535909,Low (<25%),0.9,0
694158,0,0.008180788,Low (<25%),0.8,0
694168,1,0.99559975,Critical (>75%),99.6,1
694241,0,0.045220133,Low (<25%),4.5,0
694388,0,0.0042540072,Low (<25%),0.4,0
694472,0,0.00801834,Low (<25%),0.8,0
694497,0,0.008682173,Low (<25%),0.9,0
694512,0,0.023871014,Low (<25%),2.4,0
694723,0,0.0037448069,Low (<25%),0.4,0
694743,0,0.0044581043,Low (<25%),0.4,0
694757,0,0.06937781,Low (<25%),6.9,0
694828,0,0.06670352,Low (<25%),6.7,0
694915,0,0.0037655802,Low (<25%),0.4,0
694942,0,0.027619602,Low (<25%),2.8,0
695076,0,0.017734198,Low (<25%),1.8,0
695107,0,0.022277895,Low (<25%),2.2,0
695162,1,0.9980059,Critical (>75%),99.8,1
695250,0,0.02463357,Low (<25%),2.5,0
695342,0,0.019740717,Low (<25%),2.0,0
695428,0,0.04693284,Low (<25%),4.7,0
695529,0,0.011629528,Low (<25%),1.2,0
695624,0,0.0116408635,Low (<25%),1.2,0
695686,0,0.0041165138,Low (<25%),0.4,0
695855,0,0.03798925,Low (<25%),3.8,0
695878,0,0.0058379928,Low (<25%),0.6,0
695965,0,0.016972082,Low (<25%),1.7,0
695978,0,0.014101312,Low (<25%),1.4,0
695987,0,0.14458129,Low (<25%),14.5,0
696090,0,0.004937369,Low (<25%),0.5,0
696096,0,0.018387398,Low (<25%),1.8,0
696199,0,0.004385696,Low (<25%),0.4,0
696329,0,0.0017037044,Low (<25%),0.2,0
696431,0,0.024952715,Low (<25%),2.5,0
696444,0,0.031334076,Low (<25%),3.1,0
696486,0,0.00059203693,Low (<25%),0.1,0
696502,0,0.010793407,Low (<25%),1.1,0
696504,0,0.15592596,Low (<25%),15.6,0
696577,0,0.042992655,Low (<25%),4.3,0
696609,0,0.0020678008,Low (<25%),0.2,0
696826,0,0.007501427,Low (<25%),0.8,0
696864,0,0.49519107,Medium (25-50%),49.5,0
696897,0,0.24526705,Low (<25%),24.5,0
697029,0,0.002327665,Low (<25%),0.2,0
697091,0,0.0031587563,Low (<25%),0.3,0
697162,0,0.013886392,Low (<25%),1.4,0
697169,0,0.012943548,Low (<25%),1.3,0
697272,0,0.05956692,Low (<25%),6.0,0
697356,0,0.022147145,Low (<25%),2.2,0
697393,1,0.9217868,Critical (>75%),92.2,0
697477,0,0.03889843,Low (<25%),3.9,0
697680,0,0.02060687,Low (<25%),2.1,0
697766,0,0.029583335,Low (<25%),3.0,0
697837,0,0.0025882428,Low (<25%),0.3,0
697905,0,0.2988826,Medium (25-50%),29.9,0
698072,0,0.010042911,Low (<25%),1.0,0
698122,0,0.017893096,Low (<25%),1.8,0
698242,0,0.076615006,Low (<25%),7.7,0
698390,0,0.0041356664,Low (<25%),0.4,0
698395,0,0.0048128166,Low (<25%),0.5,0
698443,0,0.29036495,Medium (25-50%),29.0,0
698505,0,0.005607802,Low (<25%),0.6,0
698510,0,0.016338035,Low (<25%),1.6,0
698546,0,0.05621983,Low (<25%),5.6,0
698573,0,0.0068097464,Low (<25%),0.7,0
698647,0,0.018324398,Low (<25%),1.8,0
698932,1,0.9763308,Critical (>75%),97.6,1
698988,0,0.023816697,Low (<25%),2.4,0
699194,0,0.0030815206,Low (<25%),0.3,0
699243,0,0.0052116145,Low (<25%),0.5,0
699281,1,0.9829723,Critical (>75%),98.3,1
699343,0,0.014002362,Low (<25%),1.4,0
699397,0,0.0032535954,Low (<25%),0.3,0
699511,0,0.60065454,High (50-75%),60.1,0
699739,0,0.01955979,Low (<25%),2.0,0
699750,0,0.04339474,Low (<25%),4.3,0
699751,0,0.042332713,Low (<25%),4.2,0
699875,0,0.013513975,Low (<25%),1.4,0
699962,0,0.0025058244,Low (<25%),0.3,0
700096,0,0.019706458,Low (<25%),2.0,0
700145,0,0.015598937,Low (<25%),1.6,0
700207,0,0.0053614266,Low (<25%),0.5,0
700225,0,0.018789893,Low (<25%),1.9,0
700245,0,0.00045444848,Low (<25%),0.0,0
700260,0,0.017340716,Low (<25%),1.7,0
700276,0,0.043160494,Low (<25%),4.3,0
700286,0,0.004495238,Low (<25%),0.4,0
700335,0,0.07945413,Low (<25%),7.9,0
700343,0,0.008717316,Low (<25%),0.9,0
700430,0,0.0023127263,Low (<25%),0.2,0
700474,0,0.0011658331,Low (<25%),0.1,0
700497,0,0.0065606087,Low (<25%),0.7,0
700566,0,0.014140996,Low (<25%),1.4,0
700650,1,0.9936898,Critical (>75%),99.4,1
700705,0,0.09389902,Low (<25%),9.4,0
700731,1,0.9868593,Critical (>75%),98.7,1
700748,0,0.0005908847,Low (<25%),0.1,0
700770,0,0.21131852,Low (<25%),21.1,0
700871,0,0.20335503,Low (<25%),20.3,0
700918,0,0.007788525,Low (<25%),0.8,0
700924,0,0.028549025,Low (<25%),2.9,0
701012,0,0.0012487432,Low (<25%),0.1,0
701036,0,0.0042892243,Low (<25%),0.4,0
701216,0,0.30668858,Medium (25-50%),30.7,0
701223,0,0.006519586,Low (<25%),0.7,0
701235,0,0.033825144,Low (<25%),3.4,0
701308,0,0.022302404,Low (<25%),2.2,0
701391,0,0.015945274,Low (<25%),1.6,0
701485,0,0.016596874,Low (<25%),1.7,0
701617,0,0.031964567,Low (<25%),3.2,0
701622,0,0.0047213617,Low (<25%),0.5,0
701645,0,0.028227558,Low (<25%),2.8,0
701792,1,0.99650687,Critical (>75%),99.7,1
701803,0,0.0029309427,Low (<25%),0.3,0
701954,0,0.071449645,Low (<25%),7.1,0
702005,0,0.010683139,Low (<25%),1.1,0
702048,0,0.017950274,Low (<25%),1.8,0
702147,0,0.0032047583,Low (<25%),0.3,0
702161,0,0.0007600917,Low (<25%),0.1,0
702257,0,0.15064748,Low (<25%),15.1,0
702269,0,0.0355606,Low (<25%),3.6,0
702284,0,0.010327251,Low (<25%),1.0,0
702327,0,0.0041603846,Low (<25%),0.4,0
702406,0,0.06070675,Low (<25%),6.1,0
702478,0,0.013519602,Low (<25%),1.4,0
702482,0,0.0004946952,Low (<25%),0.0,0
702493,1,0.9985033,Critical (>75%),99.9,1
702522,0,0.00493047,Low (<25%),0.5,0
702528,0,0.0028636,Low (<25%),0.3,0
702542,0,0.01144633,Low (<25%),1.1,0
702588,0,0.025407813,Low (<25%),2.5,0
702677,0,0.005429788,Low (<25%),0.5,0
702686,0,0.0002191395,Low (<25%),0.0,0
702746,0,0.0763238,Low (<25%),7.6,0
702800,0,0.023822013,Low (<25%),2.4,0
702809,0,0.36529335,Medium (25-50%),36.5,0
702863,0,0.015292563,Low (<25%),1.5,0
702868,0,0.009299921,Low (<25%),0.9,0
702884,0,0.040148128,Low (<25%),4.0,0
702915,0,0.010740481,Low (<25%),1.1,0
703104,0,0.0047387276,Low (<25%),0.5,0
703109,0,0.025171258,Low (<25%),2.5,0
703249,0,0.0016038831,Low (<25%),0.2,0
703374,0,0.38838747,Medium (25-50%),38.8,0
703505,0,0.03614992,Low (<25%),3.6,0
703507,0,0.020806594,Low (<25%),2.1,0
703621,0,0.019081881,Low (<25%),1.9,0
703711,0,0.009067163,Low (<25%),0.9,0
703804,0,0.001140494,Low (<25%),0.1,0
703852,1,0.9957617,Critical (>75%),99.6,1
703937,0,0.09053197,Low (<25%),9.1,0
704074,0,0.039133076,Low (<25%),3.9,0
704112,0,0.0065199696,Low (<25%),0.7,0
704149,0,0.057189412,Low (<25%),5.7,0
704150,0,0.011073513,Low (<25%),1.1,0
704267,0,0.1195177,Low (<25%),12.0,0
704270,0,0.051994253,Low (<25%),5.2,0
704423,0,0.07713981,Low (<25%),7.7,0
704559,0,0.004375447,Low (<25%),0.4,0
704600,0,0.0040380834,Low (<25%),0.4,0
704603,0,0.022916518,Low (<25%),2.3,0
704607,1,0.9790356,Critical (>75%),97.9,1
704709,0,0.000595895,Low (<25%),0.1,0
704835,0,0.01922051,Low (<25%),1.9,0
704967,0,0.002954902,Low (<25%),0.3,0
704968,0,0.01431109,Low (<25%),1.4,0
705006,0,0.03140169,Low (<25%),3.1,0
705020,0,0.01958069,Low (<25%),2.0,0
705113,0,0.014291651,Low (<25%),1.4,0
705196,0,0.0072102384,Low (<25%),0.7,0
705243,0,0.026520008,Low (<25%),2.7,0
705262,0,0.06327646,Low (<25%),6.3,0
705353,0,0.0050956705,Low (<25%),0.5,0
705453,0,0.001992414,Low (<25%),0.2,0
705496,0,0.0021236583,Low (<25%),0.2,0
705589,0,0.0051499032,Low (<25%),0.5,0
705641,0,0.006046889,Low (<25%),0.6,0
705806,0,0.000663766,Low (<25%),0.1,0
705911,0,0.016907154,Low (<25%),1.7,0
705980,0,0.009556569,Low (<25%),1.0,0
706007,0,0.45875677,Medium (25-50%),45.9,0
706106,0,0.0059822802,Low (<25%),0.6,0
706125,0,0.010653828,Low (<25%),1.1,0
706497,0,0.005438218,Low (<25%),0.5,0
706510,0,0.0009167001,Low (<25%),0.1,0
706792,0,0.12880482,Low (<25%),12.9,0
706820,0,0.0121988095,Low (<25%),1.2,0
706884,1,0.99317354,Critical (>75%),99.3,1
706918,0,0.028013667,Low (<25%),2.8,0
706962,0,0.0016702047,Low (<25%),0.2,0
707017,0,0.12463659,Low (<25%),12.5,0
707023,0,0.011502677,Low (<25%),1.2,0
707042,0,0.0005068927,Low (<25%),0.1,0
707114,0,0.0065371185,Low (<25%),0.7,0
707146,0,0.014991445,Low (<25%),1.5,0
707152,0,0.007845386,Low (<25%),0.8,0
707273,1,0.99493176,Critical (>75%),99.5,1
707276,0,0.0038298978,Low (<25%),0.4,0
707424,0,0.0525498,Low (<25%),5.3,0
707470,0,0.006738961,Low (<25%),0.7,0
707513,0,0.0014659998,Low (<25%),0.1,0
707557,0,0.0035764398,Low (<25%),0.4,0
707588,0,0.002407481,Low (<25%),0.2,0
707592,0,0.0004977282,Low (<25%),0.0,0
707698,0,0.015025329,Low (<25%),1.5,0
707699,0,0.0015026696,Low (<25%),0.2,0
707716,0,0.009649156,Low (<25%),1.0,0
707754,0,0.0008155991,Low (<25%),0.1,0
707869,0,0.003176582,Low (<25%),0.3,0
707967,0,0.005102991,Low (<25%),0.5,0
707974,0,0.072338104,Low (<25%),7.2,0
708020,0,0.0248704,Low (<25%),2.5,0
708160,0,0.023729658,Low (<25%),2.4,0
708210,0,0.0109729925,Low (<25%),1.1,0
708230,0,0.08579432,Low (<25%),8.6,0
708258,0,0.21043214,Low (<25%),21.0,0
708271,0,0.0012723556,Low (<25%),0.1,0
708337,0,0.07905639,Low (<25%),7.9,0
708343,0,0.0019360441,Low (<25%),0.2,0
708360,0,0.060096845,Low (<25%),6.0,0
708373,0,0.010467179,Low (<25%),1.0,0
708458,0,0.00018538989,Low (<25%),0.0,0
708519,0,0.0029050536,Low (<25%),0.3,0
708539,0,0.05651244,Low (<25%),5.7,0
708566,0,0.021321215,Low (<25%),2.1,0
708634,0,0.001427366,Low (<25%),0.1,0
708654,0,0.010226719,Low (<25%),1.0,0
708692,0,0.0017701456,Low (<25%),0.2,0
708807,0,0.076369025,Low (<25%),7.6,0
708892,0,0.22210793,Low (<25%),22.2,0
708933,0,0.006962648,Low (<25%),0.7,0
708982,0,0.029684125,Low (<25%),3.0,0
709059,0,0.001986094,Low (<25%),0.2,0
709123,0,0.014276545,Low (<25%),1.4,0
709238,0,0.010502229,Low (<25%),1.1,0
709279,0,0.0036198155,Low (<25%),0.4,0
709385,0,0.006302202,Low (<25%),0.6,0
709415,0,0.70640343,High (50-75%),70.6,0
709472,0,0.014946475,Low (<25%),1.5,0
709479,1,0.9964728,Critical (>75%),99.6,1
709499,0,0.014690942,Low (<25%),1.5,0
709550,0,0.0007864322,Low (<25%),0.1,0
709566,0,0.2096875,Low (<25%),21.0,0
709595,0,0.010772477,Low (<25%),1.1,0
709656,0,0.00019772912,Low (<25%),0.0,0
709659,0,0.0066046594,Low (<25%),0.7,0
709724,0,0.0045277956,Low (<25%),0.5,0
709726,0,0.0435128,Low (<25%),4.4,0
709747,0,0.07367723,Low (<25%),7.4,0
709920,0,0.10413165,Low (<25%),10.4,0
709948,0,0.017852133,Low (<25%),1.8,0
709982,0,0.01805285,Low (<25%),1.8,0
710005,0,0.016702645,Low (<25%),1.7,0
710029,0,0.011091966,Low (<25%),1.1,0
710053,0,0.0024560834,Low (<25%),0.2,0
710069,0,0.011440886,Low (<25%),1.1,0
710115,0,0.008025653,Low (<25%),0.8,0
710255,0,0.0023633477,Low (<25%),0.2,0
710364,0,0.009159036,Low (<25%),0.9,0
710515,0,0.006074951,Low (<25%),0.6,0
710598,0,0.004815741,Low (<25%),0.5,0
711214,0,0.011809069,Low (<25%),1.2,0
711248,0,0.037884675,Low (<25%),3.8,0
711263,0,0.01494187,Low (<25%),1.5,0
711363,0,0.001977042,Low (<25%),0.2,0
711490,0,0.08204076,Low (<25%),8.2,0
711500,0,0.0021869056,Low (<25%),0.2,0
711510,0,0.0038040532,Low (<25%),0.4,0
711541,0,0.00038647105,Low (<25%),0.0,0
711552,0,0.02016104,Low (<25%),2.0,0
711565,0,0.013251654,Low (<25%),1.3,0
711567,0,0.017304344,Low (<25%),1.7,0
711571,1,0.99918133,Critical (>75%),99.9,1
711577,0,0.0014354836,Low (<25%),0.1,0
711625,0,0.6310835,High (50-75%),63.1,0
711680,0,0.0061226627,Low (<25%),0.6,0
711795,0,0.0065283696,Low (<25%),0.7,0
711823,0,0.020259507,Low (<25%),2.0,0
711853,0,0.003034768,Low (<25%),0.3,0
711864,0,0.017820198,Low (<25%),1.8,0
711874,0,0.0129706375,Low (<25%),1.3,0
712026,0,0.004095485,Low (<25%),0.4,0
712062,0,0.17228076,Low (<25%),17.2,0
712114,0,0.000425667,Low (<25%),0.0,0
712130,0,0.000371062,Low (<25%),0.0,0
712236,0,0.021460552,Low (<25%),2.1,0
712248,0,0.014285204,Low (<25%),1.4,0
712362,0,0.036926214,Low (<25%),3.7,0
712426,0,0.026605546,Low (<25%),2.7,0
712521,0,0.013391565,Low (<25%),1.3,0
712584,0,0.00037570158,Low (<25%),0.0,0
712590,0,0.001186488,Low (<25%),0.1,0
712605,0,0.014194008,Low (<25%),1.4,0
712636,1,0.99906045,Critical (>75%),99.9,1
713039,0,0.17588425,Low (<25%),17.6,0
713085,0,0.0044117696,Low (<25%),0.4,0
713094,0,0.023304788,Low (<25%),2.3,0
713132,0,0.0013014271,Low (<25%),0.1,0
713236,0,0.020995617,Low (<25%),2.1,0
713257,0,0.03081689,Low (<25%),3.1,0
713299,0,0.079215646,Low (<25%),7.9,0
713329,0,0.0074286014,Low (<25%),0.7,0
713406,0,0.0012672443,Low (<25%),0.1,0
713423,0,0.010977372,Low (<25%),1.1,0
713465,0,0.0027610206,Low (<25%),0.3,0
713520,1,0.99512225,Critical (>75%),99.5,1
713580,0,0.892899,Critical (>75%),89.3,0
713636,0,0.029655583,Low (<25%),3.0,0
713831,0,0.030935472,Low (<25%),3.1,0
713853,0,0.09392908,Low (<25%),9.4,0
713981,1,0.9976059,Critical (>75%),99.8,1
713998,0,0.003987107,Low (<25%),0.4,0
714121,0,0.001694133,Low (<25%),0.2,0
714163,0,0.0032217598,Low (<25%),0.3,0
714206,0,0.017045205,Low (<25%),1.7,0
714270,0,0.004337567,Low (<25%),0.4,0
714316,0,6.316863e-05,Low (<25%),0.0,0
714379,0,0.055946115,Low (<25%),5.6,0
714536,0,0.03720779,Low (<25%),3.7,0
714555,0,0.06382501,Low (<25%),6.4,0
714757,0,0.0045578443,Low (<25%),0.5,0
714825,0,0.011201023,Low (<25%),1.1,0
714939,0,0.0004961095,Low (<25%),0.0,0
714944,0,0.0069871573,Low (<25%),0.7,0
714962,0,0.0023846205,Low (<25%),0.2,0
715015,0,0.008171566,Low (<25%),0.8,0
715184,0,0.18118788,Low (<25%),18.1,0
715255,0,0.030517716,Low (<25%),3.1,0
715271,0,0.002853291,Low (<25%),0.3,0
715300,0,0.012868623,Low (<25%),1.3,0
715369,0,0.0008712693,Low (<25%),0.1,0
715462,0,0.0125444485,Low (<25%),1.3,0
715514,0,0.045925427,Low (<25%),4.6,0
715555,1,0.9556582,Critical (>75%),95.6,1
715640,0,0.0011221691,Low (<25%),0.1,0
715645,0,0.011586506,Low (<25%),1.2,0
715668,1,0.9949522,Critical (>75%),99.5,1
715678,0,0.08862473,Low (<25%),8.9,0
715689,0,0.043821454,Low (<25%),4.4,0
715764,0,0.03504404,Low (<25%),3.5,0
715792,1,0.9545806,Critical (>75%),95.5,1
715817,0,0.0053950637,Low (<25%),0.5,0
715947,0,0.00060289743,Low (<25%),0.1,0
716019,0,0.001836727,Low (<25%),0.2,0
716068,0,0.0152234165,Low (<25%),1.5,0
716197,0,0.0034876326,Low (<25%),0.3,0
716236,1,0.99947304,Critical (>75%),99.9,1
716294,0,0.05481119,Low (<25%),5.5,0
716360,0,0.011484788,Low (<25%),1.1,0
716362,0,0.018610995,Low (<25%),1.9,0
716393,0,0.013995458,Low (<25%),1.4,0
716533,0,0.052653775,Low (<25%),5.3,0
716548,0,0.0026432413,Low (<25%),0.3,0
716589,0,0.029624427,Low (<25%),3.0,0
716690,0,0.03373897,Low (<25%),3.4,0
716750,0,0.0316363,Low (<25%),3.2,0
716785,0,0.0028878148,Low (<25%),0.3,0
716812,0,0.00046327102,Low (<25%),0.0,0
716863,0,0.03344238,Low (<25%),3.3,0
716932,0,0.0044696,Low (<25%),0.4,0
716948,0,0.0025823973,Low (<25%),0.3,0
716961,0,0.036919985,Low (<25%),3.7,0
717026,0,0.022945395,Low (<25%),2.3,0
717100,0,0.0015622609,Low (<25%),0.2,0
717150,0,0.009244422,Low (<25%),0.9,0
717229,0,0.028239686,Low (<25%),2.8,0
717232,0,0.0015878886,Low (<25%),0.2,0
717308,1,0.8596138,Critical (>75%),86.0,0
717407,0,0.005674004,Low (<25%),0.6,0
717459,0,0.025676664,Low (<25%),2.6,0
717521,0,0.004684323,Low (<25%),0.5,0
717565,0,0.00087500986,Low (<25%),0.1,0
717632,0,0.0030146197,Low (<25%),0.3,0
717660,0,0.025751136,Low (<25%),2.6,0
717700,0,0.015446778,Low (<25%),1.5,0
717762,0,0.011097501,Low (<25%),1.1,0
717780,0,0.022957735,Low (<25%),2.3,0
717806,0,0.020004366,Low (<25%),2.0,0
717891,0,0.005717031,Low (<25%),0.6,0
718029,0,0.01257189,Low (<25%),1.3,0
718031,0,0.017837908,Low (<25%),1.8,0
718227,0,0.0014463079,Low (<25%),0.1,0
718409,0,0.0011115453,Low (<25%),0.1,0
718491,0,0.26489642,Medium (25-50%),26.5,0
718516,0,0.0640192,Low (<25%),6.4,0
718655,0,0.0009677122,Low (<25%),0.1,0
718745,0,0.03192475,Low (<25%),3.2,0
718752,0,0.0044333925,Low (<25%),0.4,0
718764,0,0.0038732397,Low (<25%),0.4,0
718887,0,0.006329153,Low (<25%),0.6,0
718922,0,0.0064118393,Low (<25%),0.6,0
718962,0,0.0050952355,Low (<25%),0.5,0
718972,0,0.0056310073,Low (<25%),0.6,0
719135,0,0.0032742147,Low (<25%),0.3,0
719192,0,0.04150058,Low (<25%),4.2,0
719213,0,0.03788046,Low (<25%),3.8,0
719242,0,0.022527935,Low (<25%),2.3,0
719383,0,0.030594777,Low (<25%),3.1,0
719673,0,0.004162659,Low (<25%),0.4,0
719706,0,0.031072851,Low (<25%),3.1,0
719736,0,0.0006351301,Low (<25%),0.1,0
719824,0,0.0047915597,Low (<25%),0.5,0
720007,0,0.0052122003,Low (<25%),0.5,0
720079,0,0.05287297,Low (<25%),5.3,0
720197,0,0.018219035,Low (<25%),1.8,0
720300,1,0.8326885,Critical (>75%),83.3,0
720465,0,0.7118279,High (50-75%),71.2,0
720514,0,0.0051463763,Low (<25%),0.5,0
720557,0,0.019666877,Low (<25%),2.0,0
720626,0,0.0042160605,Low (<25%),0.4,0
720765,0,0.017438946,Low (<25%),1.7,0
720939,0,0.011479815,Low (<25%),1.1,0
721088,0,0.012753014,Low (<25%),1.3,0
721225,0,0.016099839,Low (<25%),1.6,0
721300,0,0.0067979596,Low (<25%),0.7,0
721366,0,0.0005044631,Low (<25%),0.1,0
721372,0,0.015953874,Low (<25%),1.6,0
721377,0,0.0023595248,Low (<25%),0.2,0
721406,0,0.004019583,Low (<25%),0.4,0
721423,0,0.028642334,Low (<25%),2.9,0
721437,0,0.08618052,Low (<25%),8.6,0
721438,0,0.0007285137,Low (<25%),0.1,0
721456,0,0.032846,Low (<25%),3.3,0
721494,0,0.108045496,Low (<25%),10.8,0
721664,0,0.0011372117,Low (<25%),0.1,0
721688,0,0.013406233,Low (<25%),1.3,0
721707,0,0.0027303307,Low (<25%),0.3,0
721713,0,0.33252952,Medium (25-50%),33.3,0
721786,0,0.02526781,Low (<25%),2.5,0
721973,0,0.014981506,Low (<25%),1.5,0
721984,0,0.006310548,Low (<25%),0.6,0
722003,0,0.061354786,Low (<25%),6.1,0
722089,0,0.0068342327,Low (<25%),0.7,0
722120,0,0.46795478,Medium (25-50%),46.8,0
722169,0,0.0030505268,Low (<25%),0.3,0
722324,0,0.20736025,Low (<25%),20.7,0
722368,0,0.0013858349,Low (<25%),0.1,0
722399,0,0.017287025,Low (<25%),1.7,0
722518,0,0.018817756,Low (<25%),1.9,0
722538,0,0.0005801733,Low (<25%),0.1,0
722566,0,0.014626036,Low (<25%),1.5,0
722629,0,0.026736349,Low (<25%),2.7,0
722976,0,0.028466929,Low (<25%),2.8,0
722988,0,0.040865745,Low (<25%),4.1,0
723015,0,0.0014356893,Low (<25%),0.1,0
723055,0,0.0067606545,Low (<25%),0.7,0
723061,0,0.0024169465,Low (<25%),0.2,0
723091,0,0.01199823,Low (<25%),1.2,0
723112,0,0.009115911,Low (<25%),0.9,0
723186,0,0.009347493,Low (<25%),0.9,0
723298,0,0.03732957,Low (<25%),3.7,0
723347,0,0.023748279,Low (<25%),2.4,0
723457,0,0.01003748,Low (<25%),1.0,0
723476,0,0.06697878,Low (<25%),6.7,0
723591,0,0.004655428,Low (<25%),0.5,0
723672,0,0.025547652,Low (<25%),2.6,0
723691,0,0.12260241,Low (<25%),12.3,0
723707,0,0.001458025,Low (<25%),0.1,0
723820,0,0.05031418,Low (<25%),5.0,0
723912,0,0.0032423155,Low (<25%),0.3,0
723968,0,0.049057752,Low (<25%),4.9,0
723978,0,0.013486452,Low (<25%),1.3,0
724028,0,0.7352573,High (50-75%),73.5,0
724033,0,0.00483325,Low (<25%),0.5,0
724071,0,0.072439045,Low (<25%),7.2,0
724139,0,0.0072838934,Low (<25%),0.7,0
724168,0,0.9343851,Critical (>75%),93.4,0
724222,0,0.101647,Low (<25%),10.2,0
724272,0,0.0015351695,Low (<25%),0.2,0
724378,0,0.00836582,Low (<25%),0.8,0
724414,0,0.0040591406,Low (<25%),0.4,0
724424,0,0.0014840312,Low (<25%),0.1,0
724435,0,0.046193413,Low (<25%),4.6,0
724626,0,0.5011586,High (50-75%),50.1,0
724660,0,0.0043328,Low (<25%),0.4,0
724720,0,0.020272152,Low (<25%),2.0,0
724723,0,0.5581059,High (50-75%),55.8,0
724781,0,0.0016997246,Low (<25%),0.2,0
724818,0,0.028085655,Low (<25%),2.8,0
724979,1,0.92159164,Critical (>75%),92.2,0
724987,0,0.022514993,Low (<25%),2.3,0
724989,0,0.0050891405,Low (<25%),0.5,0
725086,0,0.03745676,Low (<25%),3.7,0
725100,0,0.006755815,Low (<25%),0.7,0
725120,0,0.013641441,Low (<25%),1.4,0
725129,0,0.0015285014,Low (<25%),0.2,0
725182,0,0.076356485,Low (<25%),7.6,0
725294,0,0.009342548,Low (<25%),0.9,0
725326,0,0.0015378329,Low (<25%),0.2,0
725413,0,0.021845352,Low (<25%),2.2,0
725510,0,0.17629468,Low (<25%),17.6,0
725575,0,0.0057569104,Low (<25%),0.6,0
725705,0,0.02567016,Low (<25%),2.6,0
725795,0,0.0056602117,Low (<25%),0.6,0
725807,0,0.004671437,Low (<25%),0.5,0
725835,0,0.0010447262,Low (<25%),0.1,0
726065,0,0.0059152115,Low (<25%),0.6,0
726139,0,0.003843265,Low (<25%),0.4,0
726268,0,0.007651639,Low (<25%),0.8,0
726309,0,0.12089013,Low (<25%),12.1,0
726499,0,0.034963362,Low (<25%),3.5,0
726544,0,0.34254345,Medium (25-50%),34.3,0
726684,0,0.004904119,Low (<25%),0.5,0
726688,0,0.0030049158,Low (<25%),0.3,0
726701,0,0.008312996,Low (<25%),0.8,0
726732,1,0.98752534,Critical (>75%),98.8,1
726735,0,0.008949988,Low (<25%),0.9,0
726848,0,0.023052251,Low (<25%),2.3,0
726873,0,0.0017756509,Low (<25%),0.2,0
726932,0,0.018212099,Low (<25%),1.8,0
727053,1,0.97719073,Critical (>75%),97.7,1
727091,0,0.0014091536,Low (<25%),0.1,0
727095,0,0.009521789,Low (<25%),1.0,0
727175,0,0.38517946,Medium (25-50%),38.5,0
727348,0,0.006843642,Low (<25%),0.7,0
727415,0,0.047239993,Low (<25%),4.7,0
727428,0,0.013304061,Low (<25%),1.3,0
727446,0,0.19854912,Low (<25%),19.9,0
727497,0,0.009643976,Low (<25%),1.0,0
727507,0,0.042605024,Low (<25%),4.3,0
727573,0,0.005941376,Low (<25%),0.6,0
727595,0,0.0024010157,Low (<25%),0.2,0
727648,0,0.0055636847,Low (<25%),0.6,0
727847,0,0.001411207,Low (<25%),0.1,0
727873,0,0.055337705,Low (<25%),5.5,0
728021,0,0.009216374,Low (<25%),0.9,0
728043,0,0.15507725,Low (<25%),15.5,0
728085,0,0.01338907,Low (<25%),1.3,0
728135,1,0.9886452,Critical (>75%),98.9,1
728228,0,0.13723975,Low (<25%),13.7,0
728302,0,0.0037732008,Low (<25%),0.4,0
728316,1,0.9988531,Critical (>75%),99.9,1
728486,0,0.06183528,Low (<25%),6.2,0
728563,0,0.23547179,Low (<25%),23.5,0
728568,0,0.0014965308,Low (<25%),0.1,0
728586,0,0.029073609,Low (<25%),2.9,0
728655,0,0.017788686,Low (<25%),1.8,0
728679,0,0.0057972944,Low (<25%),0.6,0
728748,0,0.112235345,Low (<25%),11.2,0
728818,1,0.997502,Critical (>75%),99.8,1
728837,0,0.0047020284,Low (<25%),0.5,0
729084,0,0.0029680734,Low (<25%),0.3,0
729094,0,0.121920295,Low (<25%),12.2,0
729154,0,0.3598879,Medium (25-50%),36.0,0
729161,0,0.030036937,Low (<25%),3.0,0
729173,0,0.02743488,Low (<25%),2.7,0
729205,0,0.04290178,Low (<25%),4.3,0
729394,0,0.003503395,Low (<25%),0.4,0
729518,0,0.044957913,Low (<25%),4.5,0
729537,0,0.0075416104,Low (<25%),0.8,0
729561,0,0.006907265,Low (<25%),0.7,0
729581,0,0.005008093,Low (<25%),0.5,0
729677,0,0.007092062,Low (<25%),0.7,0
729762,0,0.022581644,Low (<25%),2.3,0
729805,1,0.9180237,Critical (>75%),91.8,0
730088,0,0.024937442,Low (<25%),2.5,0
730214,0,0.033406366,Low (<25%),3.3,0
730246,0,0.01631977,Low (<25%),1.6,0
730370,0,0.0019509057,Low (<25%),0.2,0
730388,0,0.0041063223,Low (<25%),0.4,0
730641,0,0.00035375598,Low (<25%),0.0,0
730715,0,0.0027772156,Low (<25%),0.3,0
730726,0,0.18276212,Low (<25%),18.3,0
730737,0,0.11280862,Low (<25%),11.3,0
730742,0,0.013493281,Low (<25%),1.3,0
730748,1,0.9575319,Critical (>75%),95.8,1
730771,0,0.0028930604,Low (<25%),0.3,0
731001,0,0.23943508,Low (<25%),23.9,0
731160,0,0.021586934,Low (<25%),2.2,0
731238,0,0.0012503845,Low (<25%),0.1,0
731494,0,0.0075863944,Low (<25%),0.8,0
731510,0,0.012995702,Low (<25%),1.3,0
731540,0,0.0018170885,Low (<25%),0.2,0
731593,0,0.003909461,Low (<25%),0.4,0
731696,0,0.013468756,Low (<25%),1.3,0
731819,0,0.0028789584,Low (<25%),0.3,0
731958,0,0.0053107715,Low (<25%),0.5,0
732009,0,0.004735084,Low (<25%),0.5,0
732013,0,0.0050293873,Low (<25%),0.5,0
732081,0,0.015867744,Low (<25%),1.6,0
732113,0,0.052928697,Low (<25%),5.3,0
732144,0,0.02598182,Low (<25%),2.6,0
732213,0,0.00038866015,Low (<25%),0.0,0
732231,0,0.00407685,Low (<25%),0.4,0
732304,0,0.002655608,Low (<25%),0.3,0
732362,0,0.0002673997,Low (<25%),0.0,0
732368,0,0.0022546763,Low (<25%),0.2,0
732488,0,0.003928755,Low (<25%),0.4,0
732524,0,0.008704288,Low (<25%),0.9,0
732602,0,0.042982545,Low (<25%),4.3,0
732606,0,0.7361991,High (50-75%),73.6,0
732694,0,0.021184886,Low (<25%),2.1,0
732808,0,0.020158276,Low (<25%),2.0,0
732813,0,0.028884212,Low (<25%),2.9,0
732863,0,0.014257317,Low (<25%),1.4,0
733046,0,0.025739906,Low (<25%),2.6,0
733096,0,0.0070018456,Low (<25%),0.7,0
733181,0,0.04360553,Low (<25%),4.4,0
733226,1,0.9824039,Critical (>75%),98.2,1
733324,0,0.0045958725,Low (<25%),0.5,0
733350,0,0.0018958568,Low (<25%),0.2,0
733370,0,0.028636688,Low (<25%),2.9,0
733497,0,0.003970759,Low (<25%),0.4,0
733582,0,0.0043850713,Low (<25%),0.4,0
733603,0,0.021718781,Low (<25%),2.2,0
733608,0,0.05135657,Low (<25%),5.1,0
733627,0,0.05261804,Low (<25%),5.3,0
733658,0,0.003832407,Low (<25%),0.4,0
733693,0,0.03989504,Low (<25%),4.0,0
733746,0,0.023980059,Low (<25%),2.4,0
733889,0,0.012510942,Low (<25%),1.3,0
733903,0,0.0072011,Low (<25%),0.7,0
733906,0,0.014272338,Low (<25%),1.4,0
734035,0,0.0063801114,Low (<25%),0.6,0
734077,0,0.0050337203,Low (<25%),0.5,0
734192,0,0.010341887,Low (<25%),1.0,0
734224,0,0.00038942712,Low (<25%),0.0,0
734226,1,0.992335,Critical (>75%),99.2,1
734307,0,0.03123125,Low (<25%),3.1,0
734458,0,0.14816575,Low (<25%),14.8,0
734459,0,0.008603306,Low (<25%),0.9,0
734490,0,0.054686904,Low (<25%),5.5,0
734556,1,0.98447305,Critical (>75%),98.4,1
734647,0,0.0039826464,Low (<25%),0.4,0
734727,0,0.0031473506,Low (<25%),0.3,0
734752,0,0.08405614,Low (<25%),8.4,0
734791,0,0.0034962741,Low (<25%),0.3,0
734801,0,0.021320688,Low (<25%),2.1,0
734824,0,0.013610358,Low (<25%),1.4,0
734838,1,0.98320144,Critical (>75%),98.3,1
734880,0,0.011014257,Low (<25%),1.1,0
734938,1,0.9991684,Critical (>75%),99.9,1
734952,0,0.06434214,Low (<25%),6.4,0
735000,0,0.0032678405,Low (<25%),0.3,0
735038,0,0.0034133045,Low (<25%),0.3,0
735263,0,0.005635583,Low (<25%),0.6,0
735266,0,0.0030240947,Low (<25%),0.3,0
735304,0,0.001749657,Low (<25%),0.2,0
735341,0,0.011384506,Low (<25%),1.1,0
735515,0,0.0039684647,Low (<25%),0.4,0
735605,0,0.01619892,Low (<25%),1.6,0
735627,0,0.0013153539,Low (<25%),0.1,0
735666,0,0.049478427,Low (<25%),4.9,0
735676,0,0.26367557,Medium (25-50%),26.4,0
735770,0,0.008364819,Low (<25%),0.8,0
735790,0,0.002229113,Low (<25%),0.2,0
735846,0,0.0024021056,Low (<25%),0.2,0
735964,0,0.036642827,Low (<25%),3.7,0
735966,0,0.048481133,Low (<25%),4.8,0
736109,0,0.031653184,Low (<25%),3.2,0
736389,0,0.0049601006,Low (<25%),0.5,0
736414,0,0.007157128,Low (<25%),0.7,0
736459,0,0.005420695,Low (<25%),0.5,0
736504,0,0.00075498247,Low (<25%),0.1,0
736518,0,0.008311736,Low (<25%),0.8,0
736615,1,0.9561818,Critical (>75%),95.6,1
736646,0,0.006710423,Low (<25%),0.7,0
736685,0,0.00048279107,Low (<25%),0.0,0
736829,0,0.07375847,Low (<25%),7.4,0
736970,0,0.0796837,Low (<25%),8.0,0
737221,1,0.99935526,Critical (>75%),99.9,1
737474,0,0.005862909,Low (<25%),0.6,0
737477,0,0.024243077,Low (<25%),2.4,0
737509,0,0.25637898,Medium (25-50%),25.6,0
737519,0,0.022942172,Low (<25%),2.3,0
737534,0,0.049458347,Low (<25%),4.9,0
737542,0,0.005442746,Low (<25%),0.5,0
737604,0,0.0007646413,Low (<25%),0.1,0
737755,0,0.0016452521,Low (<25%),0.2,0
737756,0,0.012625454,Low (<25%),1.3,0
737764,0,0.009419608,Low (<25%),0.9,0
737791,0,0.011489379,Low (<25%),1.1,0
737842,0,0.0057180426,Low (<25%),0.6,0
737906,0,0.017430998,Low (<25%),1.7,0
737940,0,0.0043781404,Low (<25%),0.4,0
737949,0,0.044308785,Low (<25%),4.4,0
738005,0,0.10085006,Low (<25%),10.1,0
738096,0,0.0055679493,Low (<25%),0.6,0
738141,0,0.2177335,Low (<25%),21.8,0
738204,0,0.0014411213,Low (<25%),0.1,0
738279,0,0.0064425664,Low (<25%),0.6,0
738320,0,0.106825754,Low (<25%),10.7,0
738332,0,0.014673097,Low (<25%),1.5,0
738427,0,0.005370915,Low (<25%),0.5,0
738431,0,0.014021513,Low (<25%),1.4,0
738432,0,0.0014235378,Low (<25%),0.1,0
738435,0,0.03773598,Low (<25%),3.8,0
738459,0,0.20489664,Low (<25%),20.5,0
738467,0,0.025440635,Low (<25%),2.5,0
738473,1,0.9198271,Critical (>75%),92.0,0
738597,0,0.0055782218,Low (<25%),0.6,0
738651,0,0.42855623,Medium (25-50%),42.9,0
738652,0,0.003434185,Low (<25%),0.3,0
738732,0,0.051774397,Low (<25%),5.2,0
738874,0,0.0153143555,Low (<25%),1.5,0
739005,0,0.0024948095,Low (<25%),0.2,0
739021,0,0.022118641,Low (<25%),2.2,0
739084,0,0.0145147005,Low (<25%),1.5,0
739138,0,0.047779545,Low (<25%),4.8,0
739284,0,0.017832955,Low (<25%),1.8,0
739345,0,0.0063983593,Low (<25%),0.6,0
739352,0,0.008836373,Low (<25%),0.9,0
739513,0,0.008719661,Low (<25%),0.9,0
739617,0,0.13045058,Low (<25%),13.0,0
739704,1,0.9907794,Critical (>75%),99.1,1
739781,0,0.0026798637,Low (<25%),0.3,0
739808,0,0.0008554685,Low (<25%),0.1,0
739820,0,0.0050982703,Low (<25%),0.5,0
739933,0,0.021424966,Low (<25%),2.1,0
740025,0,0.0025231182,Low (<25%),0.3,0
740063,0,0.003577966,Low (<25%),0.4,0
740083,0,0.002058342,Low (<25%),0.2,0
740090,0,0.073065564,Low (<25%),7.3,0
740105,0,0.1992719,Low (<25%),19.9,0
740422,0,0.00048335054,Low (<25%),0.0,0
740577,1,0.8910206,Critical (>75%),89.1,0
740603,0,0.13177732,Low (<25%),13.2,0
740608,0,0.008149694,Low (<25%),0.8,0
740703,0,0.0040779267,Low (<25%),0.4,0
740754,0,0.094159395,Low (<25%),9.4,0
740762,0,0.027562339,Low (<25%),2.8,0
740763,0,0.058465354,Low (<25%),5.8,0
740814,0,0.021740427,Low (<25%),2.2,0
740992,0,0.0033691989,Low (<25%),0.3,0
741031,0,0.46760753,Medium (25-50%),46.8,0
741138,0,0.008594821,Low (<25%),0.9,0
741313,0,0.024495745,Low (<25%),2.4,0
741421,0,0.0059407423,Low (<25%),0.6,0
741422,0,0.04348638,Low (<25%),4.3,0
741428,0,0.14121173,Low (<25%),14.1,0
741483,0,0.024093986,Low (<25%),2.4,0
741677,0,0.0069446466,Low (<25%),0.7,0
741700,0,0.00270401,Low (<25%),0.3,0
741801,0,0.009825178,Low (<25%),1.0,0
741842,0,0.005049902,Low (<25%),0.5,0
741892,0,0.0015485458,Low (<25%),0.2,0
742002,0,0.050359108,Low (<25%),5.0,0
742009,0,0.0008014446,Low (<25%),0.1,0
742062,0,0.013686942,Low (<25%),1.4,0
742064,0,0.020553973,Low (<25%),2.1,0
742281,0,0.004343448,Low (<25%),0.4,0
742319,0,0.049325123,Low (<25%),4.9,0
742493,0,0.009859259,Low (<25%),1.0,0
742509,0,0.0017489084,Low (<25%),0.2,0
742612,0,0.03329338,Low (<25%),3.3,0
742669,0,0.015500803,Low (<25%),1.6,0
742732,0,0.03475495,Low (<25%),3.5,0
742749,0,0.003623343,Low (<25%),0.4,0
742822,0,0.021927873,Low (<25%),2.2,0
742854,0,0.08057068,Low (<25%),8.1,0
742886,0,0.045089036,Low (<25%),4.5,0
743001,0,0.07249791,Low (<25%),7.2,0
743018,0,0.02159062,Low (<25%),2.2,0
743121,0,0.080792286,Low (<25%),8.1,0
743241,0,0.0092907995,Low (<25%),0.9,0
743256,0,0.09265472,Low (<25%),9.3,0
743263,0,0.0062429835,Low (<25%),0.6,0
743510,0,0.07035125,Low (<25%),7.0,0
743610,0,0.014194262,Low (<25%),1.4,0
743734,0,0.005769427,Low (<25%),0.6,0
743766,0,0.0008510752,Low (<25%),0.1,0
743768,0,0.042099014,Low (<25%),4.2,0
743798,0,0.012069945,Low (<25%),1.2,0
743835,0,0.011929773,Low (<25%),1.2,0
743849,0,0.033236474,Low (<25%),3.3,0
743879,0,0.0061518783,Low (<25%),0.6,0
744117,0,0.04595017,Low (<25%),4.6,0
744135,0,0.03443225,Low (<25%),3.4,0
744138,0,0.0003646547,Low (<25%),0.0,0
744181,0,0.0684936,Low (<25%),6.8,0
744204,0,0.00026327372,Low (<25%),0.0,0
744234,0,0.07576143,Low (<25%),7.6,0
744320,0,0.0002524516,Low (<25%),0.0,0
744406,0,0.0015476134,Low (<25%),0.2,0
744528,0,0.05082621,Low (<25%),5.1,0
744567,0,0.010653647,Low (<25%),1.1,0
744608,0,0.057317145,Low (<25%),5.7,0
744612,0,0.19175039,Low (<25%),19.2,0
744675,0,0.0067183357,Low (<25%),0.7,0
744698,0,0.04839946,Low (<25%),4.8,0
744711,0,0.0013088787,Low (<25%),0.1,0
744778,0,0.06710835,Low (<25%),6.7,0
744789,0,0.0003878017,Low (<25%),0.0,0
744860,1,0.9824644,Critical (>75%),98.2,1
745290,0,0.0022162853,Low (<25%),0.2,0
745354,0,0.049093314,Low (<25%),4.9,0
745383,0,0.0011724544,Low (<25%),0.1,0
745420,0,0.011941627,Low (<25%),1.2,0
745600,1,0.88617307,Critical (>75%),88.6,0
745636,0,0.23444858,Low (<25%),23.4,0
745668,0,0.008409522,Low (<25%),0.8,0
745729,0,0.035989493,Low (<25%),3.6,0
745738,0,0.0074410266,Low (<25%),0.7,0
745769,0,0.028493239,Low (<25%),2.8,0
745792,0,0.030424846,Low (<25%),3.0,0
745811,0,0.013675629,Low (<25%),1.4,0
745830,0,0.0008431302,Low (<25%),0.1,0
745901,0,0.0004991162,Low (<25%),0.0,0
745908,0,0.003963036,Low (<25%),0.4,0
745920,0,0.059012283,Low (<25%),5.9,0
746031,0,0.0020891838,Low (<25%),0.2,0
746060,0,0.03372028,Low (<25%),3.4,0
746061,0,0.0005984469,Low (<25%),0.1,0
746171,0,0.018340109,Low (<25%),1.8,0
746296,0,0.0039184345,Low (<25%),0.4,0
746402,0,0.05700892,Low (<25%),5.7,0
746502,0,0.026344363,Low (<25%),2.6,0
746520,0,0.0025078692,Low (<25%),0.3,0
746536,0,0.0073650866,Low (<25%),0.7,0
746554,0,0.004423432,Low (<25%),0.4,0
746677,0,0.008582101,Low (<25%),0.9,0
746772,0,0.000986409,Low (<25%),0.1,0
746807,0,0.0008270209,Low (<25%),0.1,0
746837,0,0.00029685037,Low (<25%),0.0,0
747187,0,0.0061695823,Low (<25%),0.6,0
747304,0,0.0040377765,Low (<25%),0.4,0
747315,0,0.01916697,Low (<25%),1.9,0
747339,0,0.0129859075,Low (<25%),1.3,0
747395,1,0.93821305,Critical (>75%),93.8,1
747509,0,0.122035526,Low (<25%),12.2,0
747571,0,0.0035176922,Low (<25%),0.4,0
747578,0,0.0033001236,Low (<25%),0.3,0
747604,0,0.014660734,Low (<25%),1.5,0
747609,0,0.01847868,Low (<25%),1.8,0
747668,0,0.13693877,Low (<25%),13.7,0
747681,0,0.70846426,High (50-75%),70.8,0
747704,0,0.015845502,Low (<25%),1.6,0
747759,0,0.029441848,Low (<25%),2.9,0
747926,0,0.008890813,Low (<25%),0.9,0
747939,0,0.00069797924,Low (<25%),0.1,0
747993,0,0.0020844105,Low (<25%),0.2,0
748019,0,0.0012702807,Low (<25%),0.1,0
748033,0,0.00531119,Low (<25%),0.5,0
748055,0,0.013107225,Low (<25%),1.3,0
748198,0,0.020940036,Low (<25%),2.1,0
748286,1,0.99725026,Critical (>75%),99.7,1
748299,0,0.0048134746,Low (<25%),0.5,0
748586,0,0.35084462,Medium (25-50%),35.1,0
748635,0,0.01720597,Low (<25%),1.7,0
748649,0,0.003214577,Low (<25%),0.3,0
748682,0,0.03340164,Low (<25%),3.3,0
748701,0,0.17725568,Low (<25%),17.7,0
748717,0,0.0043563596,Low (<25%),0.4,0
748810,0,0.022952002,Low (<25%),2.3,0
748831,1,0.99828464,Critical (>75%),99.8,1
748890,0,0.0046782754,Low (<25%),0.5,0
749033,0,0.04242617,Low (<25%),4.2,0
749212,0,0.008796733,Low (<25%),0.9,0
749328,0,0.0024036579,Low (<25%),0.2,0
749430,0,0.0036882015,Low (<25%),0.4,0
749441,0,0.0009731492,Low (<25%),0.1,0
749459,0,0.58238876,High (50-75%),58.2,0
749566,0,0.006031518,Low (<25%),0.6,0
749684,0,0.0038508319,Low (<25%),0.4,0
749705,0,0.015141269,Low (<25%),1.5,0
749801,0,0.0077286237,Low (<25%),0.8,0
749817,0,0.023879409,Low (<25%),2.4,0
749827,0,0.1403058,Low (<25%),14.0,0
749883,0,0.053090207,Low (<25%),5.3,0
749972,0,0.0009750847,Low (<25%),0.1,0
750130,0,0.008688167,Low (<25%),0.9,0
750152,0,0.001384606,Low (<25%),0.1,0
750162,0,0.016820988,Low (<25%),1.7,0
750171,0,0.035180897,Low (<25%),3.5,0
750199,0,0.010006912,Low (<25%),1.0,0
750280,0,0.011044611,Low (<25%),1.1,0
750300,0,0.092081405,Low (<25%),9.2,0
750324,0,0.0070047705,Low (<25%),0.7,0
750384,0,0.061151385,Low (<25%),6.1,0
750454,0,0.13522571,Low (<25%),13.5,0
750457,0,0.006644042,Low (<25%),0.7,0
750649,0,0.0034066052,Low (<25%),0.3,0
750665,0,0.0038749326,Low (<25%),0.4,0
750688,0,0.00517973,Low (<25%),0.5,0
750710,0,0.022932181,Low (<25%),2.3,0
750739,0,0.08318369,Low (<25%),8.3,0
750776,1,0.9724982,Critical (>75%),97.2,1
750862,0,0.02020532,Low (<25%),2.0,0
750955,0,0.007669532,Low (<25%),0.8,0
750974,0,0.30828953,Medium (25-50%),30.8,0
751223,0,0.026925206,Low (<25%),2.7,0
751351,0,0.09397177,Low (<25%),9.4,0
751594,0,0.32572874,Medium (25-50%),32.6,0
751602,0,0.006734829,Low (<25%),0.7,0
751612,0,0.026170872,Low (<25%),2.6,0
751628,0,0.11740267,Low (<25%),11.7,0
751664,0,0.014161091,Low (<25%),1.4,0
751718,0,0.005202273,Low (<25%),0.5,0
751779,0,0.009658601,Low (<25%),1.0,0
751820,0,0.01403409,Low (<25%),1.4,0
751823,0,0.0062660263,Low (<25%),0.6,0
751824,0,0.0007438521,Low (<25%),0.1,0
751829,0,0.099784024,Low (<25%),10.0,0
751990,0,0.0060639507,Low (<25%),0.6,0
752047,0,0.010653425,Low (<25%),1.1,0
752107,0,0.2655946,Medium (25-50%),26.6,0
752140,0,0.014825532,Low (<25%),1.5,0
752217,0,0.005647301,Low (<25%),0.6,0
752259,0,0.014269829,Low (<25%),1.4,0
752274,0,0.010587199,Low (<25%),1.1,0
752331,0,0.041468915,Low (<25%),4.1,0
752462,0,0.0031298257,Low (<25%),0.3,0
752548,0,0.12627964,Low (<25%),12.6,0
752580,0,0.1276413,Low (<25%),12.8,0
752609,1,0.967057,Critical (>75%),96.7,1
752663,0,0.012267572,Low (<25%),1.2,0
752688,0,0.010394199,Low (<25%),1.0,0
752704,0,0.01200161,Low (<25%),1.2,0
752729,0,0.0018770859,Low (<25%),0.2,0
752826,0,0.10722775,Low (<25%),10.7,0
752874,0,0.0044786157,Low (<25%),0.4,0
753038,0,0.0009804467,Low (<25%),0.1,0
753089,0,0.018696906,Low (<25%),1.9,0
753141,0,0.0014957223,Low (<25%),0.1,0
753149,0,0.006770088,Low (<25%),0.7,0
753219,0,0.6289302,High (50-75%),62.9,0
753306,1,0.96897954,Critical (>75%),96.9,1
753452,0,0.023214078,Low (<25%),2.3,0
753456,0,0.32971984,Medium (25-50%),33.0,0
753473,0,0.008451883,Low (<25%),0.8,0
753533,0,0.031051533,Low (<25%),3.1,0
753637,0,0.037730023,Low (<25%),3.8,0
753814,0,0.23451817,Low (<25%),23.5,0
753887,0,0.0062228316,Low (<25%),0.6,0
753987,0,0.001119286,Low (<25%),0.1,0
753994,0,0.005593616,Low (<25%),0.6,0
754042,0,0.0015991377,Low (<25%),0.2,0
754175,0,0.02646943,Low (<25%),2.6,0
754264,0,0.095147744,Low (<25%),9.5,0
754292,0,0.07987096,Low (<25%),8.0,0
754338,0,0.0022660226,Low (<25%),0.2,0
754416,0,0.02977182,Low (<25%),3.0,0
754436,0,0.0083782775,Low (<25%),0.8,0
754517,0,0.121035635,Low (<25%),12.1,0
754539,0,0.10316802,Low (<25%),10.3,0
754599,0,0.0070200674,Low (<25%),0.7,0
754774,0,0.001173948,Low (<25%),0.1,0
755014,0,0.032020446,Low (<25%),3.2,0
755070,0,0.0062689045,Low (<25%),0.6,0
755073,0,0.0009489924,Low (<25%),0.1,0
755082,0,0.0078088883,Low (<25%),0.8,0
755276,0,0.014148689,Low (<25%),1.4,0
755290,0,0.021601465,Low (<25%),2.2,0
755337,0,0.013576337,Low (<25%),1.4,0
755362,0,0.07322095,Low (<25%),7.3,0
755367,0,0.016798189,Low (<25%),1.7,0
755374,0,0.002215543,Low (<25%),0.2,0
755406,0,0.42138648,Medium (25-50%),42.1,0
755533,0,0.011823027,Low (<25%),1.2,0
755538,0,0.0031911526,Low (<25%),0.3,0
755668,0,0.003328555,Low (<25%),0.3,0
755759,0,0.006849536,Low (<25%),0.7,0
755867,0,0.024018211,Low (<25%),2.4,0
755977,0,0.0027055705,Low (<25%),0.3,0
756065,0,0.017384069,Low (<25%),1.7,0
756317,0,0.0086103035,Low (<25%),0.9,0
756341,0,0.0046395906,Low (<25%),0.5,0
756355,0,0.0036309424,Low (<25%),0.4,0
756481,0,0.019592673,Low (<25%),2.0,0
756496,0,0.0005985664,Low (<25%),0.1,0
756515,0,0.028065884,Low (<25%),2.8,0
756543,0,0.055135634,Low (<25%),5.5,0
756636,1,0.8081338,Critical (>75%),80.8,0
756646,0,0.004771025,Low (<25%),0.5,0
756668,0,0.05135323,Low (<25%),5.1,0
756791,0,0.0839952,Low (<25%),8.4,0
756833,0,0.039245833,Low (<25%),3.9,0
756862,0,0.015750691,Low (<25%),1.6,0
756867,0,0.007427434,Low (<25%),0.7,0
756891,0,0.0048587406,Low (<25%),0.5,0
756892,0,0.12789565,Low (<25%),12.8,0
756907,0,0.0053810957,Low (<25%),0.5,0
756928,0,0.01867739,Low (<25%),1.9,0
756929,0,0.026090886,Low (<25%),2.6,0
756967,0,0.006392893,Low (<25%),0.6,0
757010,0,0.0022686126,Low (<25%),0.2,0
757041,0,0.011551451,Low (<25%),1.2,0
757047,0,0.009537379,Low (<25%),1.0,0
757270,1,0.9994272,Critical (>75%),99.9,1
757387,0,0.017062575,Low (<25%),1.7,0
757420,0,0.0014452884,Low (<25%),0.1,0
757446,0,0.0634355,Low (<25%),6.3,0
757547,0,0.009345863,Low (<25%),0.9,0
757634,0,0.01876913,Low (<25%),1.9,0
757691,0,0.005506521,Low (<25%),0.6,0
757696,0,0.0019278501,Low (<25%),0.2,0
757834,0,0.03012698,Low (<25%),3.0,0
757879,0,0.0028979091,Low (<25%),0.3,0
757885,0,0.07532162,Low (<25%),7.5,0
757938,0,0.02691148,Low (<25%),2.7,0
758113,0,0.03252598,Low (<25%),3.3,0
758210,0,0.048433233,Low (<25%),4.8,0
758262,0,0.004058507,Low (<25%),0.4,0
758372,0,0.02870582,Low (<25%),2.9,0
758389,0,0.004642679,Low (<25%),0.5,0
758432,0,0.005098901,Low (<25%),0.5,0
758695,0,0.008993016,Low (<25%),0.9,0
758738,0,0.022413537,Low (<25%),2.2,0
758789,0,0.179356,Low (<25%),17.9,0
758840,0,0.1003228,Low (<25%),10.0,0
758927,0,0.3156901,Medium (25-50%),31.6,0
759017,0,0.028966168,Low (<25%),2.9,0
759093,0,0.010120734,Low (<25%),1.0,0
759223,0,0.40678662,Medium (25-50%),40.7,0
759311,0,0.0052772444,Low (<25%),0.5,0
759322,0,0.038098097,Low (<25%),3.8,0
759370,0,0.0033790378,Low (<25%),0.3,0
759417,1,0.8966603,Critical (>75%),89.7,0
759518,0,0.32685208,Medium (25-50%),32.7,0
759551,0,0.0028521328,Low (<25%),0.3,0
759603,0,0.002057121,Low (<25%),0.2,0
759785,0,0.009232462,Low (<25%),0.9,0
759847,0,0.002160627,Low (<25%),0.2,0
759899,0,0.04101942,Low (<25%),4.1,0
759991,0,0.049543895,Low (<25%),5.0,0
760061,0,0.002336884,Low (<25%),0.2,0
760111,0,0.044729237,Low (<25%),4.5,0
760155,0,0.01301872,Low (<25%),1.3,0
760158,0,0.0029521387,Low (<25%),0.3,0
760166,0,0.069296874,Low (<25%),6.9,0
760176,0,0.028695792,Low (<25%),2.9,0
760196,0,0.03757239,Low (<25%),3.8,0
760424,0,0.00033044998,Low (<25%),0.0,0
760508,0,0.018519256,Low (<25%),1.9,0
760614,0,0.32848305,Medium (25-50%),32.8,0
760645,0,0.013908016,Low (<25%),1.4,0
760672,0,0.03384674,Low (<25%),3.4,0
760835,0,0.005823338,Low (<25%),0.6,0
760842,0,0.062622145,Low (<25%),6.3,0
760876,0,0.019920165,Low (<25%),2.0,0
760975,0,0.040260147,Low (<25%),4.0,0
761015,0,0.01799525,Low (<25%),1.8,0
761114,0,0.0006885631,Low (<25%),0.1,0
761150,1,0.9711929,Critical (>75%),97.1,1
761240,0,0.0014060803,Low (<25%),0.1,0
761403,0,0.0063608694,Low (<25%),0.6,0
761423,0,0.00071917614,Low (<25%),0.1,0
761459,0,0.0053803045,Low (<25%),0.5,0
761510,0,0.07380927,Low (<25%),7.4,0
761613,0,0.013809371,Low (<25%),1.4,0
761674,0,0.014751556,Low (<25%),1.5,0
761694,0,0.018640367,Low (<25%),1.9,0
761966,0,0.0042546736,Low (<25%),0.4,0
762044,0,0.016128838,Low (<25%),1.6,0
762072,0,0.06324065,Low (<25%),6.3,0
762255,0,0.03604101,Low (<25%),3.6,0
762259,0,0.014519946,Low (<25%),1.5,0
762272,0,0.020269137,Low (<25%),2.0,0
762355,0,0.007275554,Low (<25%),0.7,0
762389,0,0.0016351647,Low (<25%),0.2,0
762485,0,0.0046990435,Low (<25%),0.5,0
762671,0,0.39927202,Medium (25-50%),39.9,0
762681,0,0.0025416731,Low (<25%),0.3,0
762715,0,0.28030798,Medium (25-50%),28.0,0
762951,0,0.039765608,Low (<25%),4.0,0
763000,1,0.99758863,Critical (>75%),99.8,1
763061,1,0.7548708,Critical (>75%),75.5,0
763071,0,0.005974581,Low (<25%),0.6,0
763084,0,0.020805208,Low (<25%),2.1,0
763113,0,0.009449746,Low (<25%),0.9,0
763132,0,0.10645826,Low (<25%),10.6,0
763177,0,0.012938882,Low (<25%),1.3,0
763183,0,0.10031184,Low (<25%),10.0,0
763241,0,0.027199326,Low (<25%),2.7,0
763248,0,0.053253658,Low (<25%),5.3,0
763341,0,0.018338352,Low (<25%),1.8,0
763403,0,0.0083062565,Low (<25%),0.8,0
763406,0,0.00094744074,Low (<25%),0.1,0
763520,0,0.02381202,Low (<25%),2.4,0
763591,0,0.07799955,Low (<25%),7.8,0
763615,0,0.014654907,Low (<25%),1.5,0
763621,1,0.9421255,Critical (>75%),94.2,1
763702,0,0.016920306,Low (<25%),1.7,0
763761,0,0.0016882793,Low (<25%),0.2,0
763797,0,0.02889286,Low (<25%),2.9,0
764167,0,0.011516218,Low (<25%),1.2,0
764305,0,0.023431672,Low (<25%),2.3,0
764513,0,0.012284072,Low (<25%),1.2,0
764555,0,0.015460583,Low (<25%),1.5,0
764578,0,0.0471497,Low (<25%),4.7,0
764595,0,0.0036816245,Low (<25%),0.4,0
764634,0,0.003057686,Low (<25%),0.3,0
764703,0,0.08990433,Low (<25%),9.0,0
764869,0,0.012510472,Low (<25%),1.3,0
764889,0,0.025401024,Low (<25%),2.5,0
764896,0,0.006703101,Low (<25%),0.7,0
764980,0,0.0038067468,Low (<25%),0.4,0
765079,0,0.012275593,Low (<25%),1.2,0
765127,0,0.007125186,Low (<25%),0.7,0
765202,0,0.023012599,Low (<25%),2.3,0
765252,0,0.042183038,Low (<25%),4.2,0
765261,0,0.082443155,Low (<25%),8.2,0
765293,0,0.008622083,Low (<25%),0.9,0
765323,0,0.00048671567,Low (<25%),0.0,0
765338,0,0.08754911,Low (<25%),8.8,0
765408,0,0.017891075,Low (<25%),1.8,0
765428,0,0.014760367,Low (<25%),1.5,0
765481,0,0.13084048,Low (<25%),13.1,0
765518,0,0.0015943812,Low (<25%),0.2,0
765655,0,0.0012583529,Low (<25%),0.1,0
765747,0,0.009352594,Low (<25%),0.9,0
765793,0,0.0026321108,Low (<25%),0.3,0
765877,0,0.008392992,Low (<25%),0.8,0
765924,0,0.0043218536,Low (<25%),0.4,0
765955,0,0.011870962,Low (<25%),1.2,0
765989,0,0.007774957,Low (<25%),0.8,0
766024,0,0.0038747522,Low (<25%),0.4,0
766335,0,0.0011620352,Low (<25%),0.1,0
766355,0,0.0019109708,Low (<25%),0.2,0
766530,0,0.0055949846,Low (<25%),0.6,0
766562,0,0.10086412,Low (<25%),10.1,0
766733,0,0.027007842,Low (<25%),2.7,0
766775,0,0.15179393,Low (<25%),15.2,0
766777,0,0.0025215885,Low (<25%),0.3,0
766861,0,0.009627208,Low (<25%),1.0,0
766886,0,0.8511162,Critical (>75%),85.1,0
766927,0,0.009029171,Low (<25%),0.9,0
766969,0,0.0006573093,Low (<25%),0.1,0
767006,0,0.0075070844,Low (<25%),0.8,0
767058,0,0.04633255,Low (<25%),4.6,0
767089,0,0.0020403885,Low (<25%),0.2,0
767331,0,0.033093728,Low (<25%),3.3,0
767366,1,0.9985746,Critical (>75%),99.9,1
767385,0,0.0042607994,Low (<25%),0.4,0
767416,0,0.006594343,Low (<25%),0.7,0
767428,0,0.0023674255,Low (<25%),0.2,0
767507,0,0.012649558,Low (<25%),1.3,0
767534,0,0.0877653,Low (<25%),8.8,0
767648,0,0.019738633,Low (<25%),2.0,0
767672,0,0.150851,Low (<25%),15.1,0
767752,0,0.00035421527,Low (<25%),0.0,0
767767,0,0.14109221,Low (<25%),14.1,0
767857,0,0.0009121895,Low (<25%),0.1,0
767894,0,0.009588482,Low (<25%),1.0,0
767907,0,0.5768636,High (50-75%),57.7,0
767908,0,0.0058612,Low (<25%),0.6,0
768010,0,0.049377494,Low (<25%),4.9,0
768012,0,0.0019942978,Low (<25%),0.2,0
768030,0,0.035554238,Low (<25%),3.6,0
768072,0,0.0112774195,Low (<25%),1.1,0
768113,0,0.020884465,Low (<25%),2.1,0
768255,0,0.12287933,Low (<25%),12.3,0
768313,0,0.0038162102,Low (<25%),0.4,0
768354,0,0.0050714235,Low (<25%),0.5,0
768365,0,0.0037986792,Low (<25%),0.4,0
768415,0,0.016129965,Low (<25%),1.6,0
768518,0,0.006011107,Low (<25%),0.6,0
768748,0,0.05012712,Low (<25%),5.0,0
768996,0,0.01916693,Low (<25%),1.9,0
769023,1,0.95790774,Critical (>75%),95.8,1
769030,0,0.0015189804,Low (<25%),0.2,0
769346,0,0.005372079,Low (<25%),0.5,0
769361,0,0.041945092,Low (<25%),4.2,0
769521,0,0.0029138832,Low (<25%),0.3,0
769560,0,0.005974836,Low (<25%),0.6,0
769669,0,0.042896762,Low (<25%),4.3,0
769709,0,0.005756744,Low (<25%),0.6,0
769731,0,0.044131253,Low (<25%),4.4,0
769763,0,0.0029410797,Low (<25%),0.3,0
769891,0,0.0038071554,Low (<25%),0.4,0
769976,1,0.9968748,Critical (>75%),99.7,1
770094,0,0.0049911067,Low (<25%),0.5,0
770327,0,0.00881435,Low (<25%),0.9,0
770362,1,0.92616594,Critical (>75%),92.6,0
770452,0,0.022845512,Low (<25%),2.3,0
770591,0,0.21431854,Low (<25%),21.4,0
770634,0,0.0068722535,Low (<25%),0.7,0
770727,1,0.88721013,Critical (>75%),88.7,0
770968,0,0.05920563,Low (<25%),5.9,0
771035,0,0.004627073,Low (<25%),0.5,0
771056,0,0.011277967,Low (<25%),1.1,0
771259,0,0.044037204,Low (<25%),4.4,0
771285,0,0.031443503,Low (<25%),3.1,0
771307,0,0.07621086,Low (<25%),7.6,0
771353,1,0.9849643,Critical (>75%),98.5,1
771667,0,0.0039448556,Low (<25%),0.4,0
771713,0,0.00901915,Low (<25%),0.9,0
771757,0,0.0032357143,Low (<25%),0.3,0
771872,0,0.000287082,Low (<25%),0.0,0
771901,0,0.012935161,Low (<25%),1.3,0
771932,1,0.9970047,Critical (>75%),99.7,1
771943,0,0.005566487,Low (<25%),0.6,0
771960,0,0.034448892,Low (<25%),3.4,0
772019,0,0.0054451334,Low (<25%),0.5,0
772025,0,0.010829522,Low (<25%),1.1,0
772081,0,0.0016802802,Low (<25%),0.2,0
772152,0,0.029833559,Low (<25%),3.0,0
772181,0,0.07935387,Low (<25%),7.9,0
772194,0,0.026060909,Low (<25%),2.6,0
772237,0,0.022262897,Low (<25%),2.2,0
772362,0,0.03947299,Low (<25%),3.9,0
772370,0,0.0014341186,Low (<25%),0.1,0
772381,0,0.031111382,Low (<25%),3.1,0
772395,0,0.005231955,Low (<25%),0.5,0
772397,0,0.0054159337,Low (<25%),0.5,0
772437,0,0.029274698,Low (<25%),2.9,0
772438,0,0.0010674039,Low (<25%),0.1,0
772484,0,0.0024539442,Low (<25%),0.2,0
772532,0,0.0017183911,Low (<25%),0.2,0
772628,0,0.004288483,Low (<25%),0.4,0
772827,0,0.028087866,Low (<25%),2.8,0
772834,0,0.32779625,Medium (25-50%),32.8,0
772952,0,0.005833677,Low (<25%),0.6,0
772960,0,0.0025452552,Low (<25%),0.3,0
773012,0,0.009387689,Low (<25%),0.9,0
773112,0,0.03781983,Low (<25%),3.8,0
773219,0,0.18459703,Low (<25%),18.5,0
773261,0,0.26334673,Medium (25-50%),26.3,0
773290,0,0.02379994,Low (<25%),2.4,0
773293,0,0.012155268,Low (<25%),1.2,0
773364,0,0.010397583,Low (<25%),1.0,0
773390,0,0.0048372336,Low (<25%),0.5,0
773397,0,0.040400002,Low (<25%),4.0,0
773418,0,0.00785919,Low (<25%),0.8,0
773546,0,0.0024972837,Low (<25%),0.2,0
773571,1,0.97301,Critical (>75%),97.3,1
773598,0,0.01129941,Low (<25%),1.1,0
773648,0,0.04353306,Low (<25%),4.4,0
773739,0,0.005510518,Low (<25%),0.6,0
773805,0,0.0013016125,Low (<25%),0.1,0
773844,0,0.038718507,Low (<25%),3.9,0
773865,0,0.019377884,Low (<25%),1.9,0
773943,0,0.000974157,Low (<25%),0.1,0
773973,0,0.04047698,Low (<25%),4.0,0
773986,0,0.012026457,Low (<25%),1.2,0
774103,0,0.0073829745,Low (<25%),0.7,0
774226,0,0.006020362,Low (<25%),0.6,0
774234,0,0.006329513,Low (<25%),0.6,0
774272,0,0.008275832,Low (<25%),0.8,0
774275,0,0.2553248,Medium (25-50%),25.5,0
774321,0,0.0034714078,Low (<25%),0.3,0
774326,0,0.008127899,Low (<25%),0.8,0
774386,0,0.0001561252,Low (<25%),0.0,0
774724,0,0.01198998,Low (<25%),1.2,0
775160,0,0.0017366911,Low (<25%),0.2,0
775170,0,0.066046484,Low (<25%),6.6,0
775176,0,0.021385362,Low (<25%),2.1,0
775185,0,0.009866859,Low (<25%),1.0,0
775193,0,0.0068256743,Low (<25%),0.7,0
775304,0,0.057319656,Low (<25%),5.7,0
775440,0,0.010550001,Low (<25%),1.1,0
775520,1,0.9978642,Critical (>75%),99.8,1
775573,0,0.00787471,Low (<25%),0.8,0
775639,0,0.0022946445,Low (<25%),0.2,0
775724,0,0.0008038718,Low (<25%),0.1,0
775768,0,0.00057349884,Low (<25%),0.1,0
776139,0,0.0016788904,Low (<25%),0.2,0
776153,1,0.92828697,Critical (>75%),92.8,0
776187,0,0.011227645,Low (<25%),1.1,0
776317,0,0.0012673809,Low (<25%),0.1,0
776443,0,0.00756342,Low (<25%),0.8,0
776453,0,0.024909403,Low (<25%),2.5,0
776464,0,0.004628569,Low (<25%),0.5,0
776547,0,0.014016424,Low (<25%),1.4,0
776613,0,0.011993583,Low (<25%),1.2,0
776736,0,0.0341502,Low (<25%),3.4,0
776782,0,0.003874561,Low (<25%),0.4,0
776795,0,0.0025068198,Low (<25%),0.3,0
776931,0,0.10726811,Low (<25%),10.7,0
776956,0,0.006580002,Low (<25%),0.7,0
777108,0,0.021862075,Low (<25%),2.2,0
777118,0,0.05596197,Low (<25%),5.6,0
777171,0,0.0136935925,Low (<25%),1.4,0
777197,0,0.014702473,Low (<25%),1.5,0
777231,0,0.0010462771,Low (<25%),0.1,0
777300,0,0.0005639575,Low (<25%),0.1,0
777351,0,0.011579977,Low (<25%),1.2,0
777418,0,0.0601172,Low (<25%),6.0,0
777514,0,0.035168495,Low (<25%),3.5,0
777531,0,0.0020843649,Low (<25%),0.2,0
777540,0,0.0041157966,Low (<25%),0.4,0
777549,0,0.031234358,Low (<25%),3.1,0
777561,0,0.0024046781,Low (<25%),0.2,0
777714,0,0.0032882078,Low (<25%),0.3,0
777871,0,0.009837451,Low (<25%),1.0,0
777875,0,0.039489213,Low (<25%),3.9,0
777931,0,0.0058397558,Low (<25%),0.6,0
777990,0,0.0042481115,Low (<25%),0.4,0
778027,0,0.0006001627,Low (<25%),0.1,0
778030,0,0.22744939,Low (<25%),22.7,0
778031,0,0.0043375255,Low (<25%),0.4,0
778066,0,0.07208866,Low (<25%),7.2,0
778168,0,0.035431836,Low (<25%),3.5,0
778310,0,0.022569023,Low (<25%),2.3,0
778317,0,0.0013244237,Low (<25%),0.1,0
778393,0,0.016274843,Low (<25%),1.6,0
778426,0,0.22842315,Low (<25%),22.8,0
778590,0,0.011299197,Low (<25%),1.1,0
778865,0,0.002360772,Low (<25%),0.2,0
778920,0,0.0007611974,Low (<25%),0.1,0
778952,0,0.0033359793,Low (<25%),0.3,0
779046,0,0.032349024,Low (<25%),3.2,0
779066,0,0.00979718,Low (<25%),1.0,0
779082,0,0.0001679513,Low (<25%),0.0,0
779085,0,0.023565093,Low (<25%),2.4,0
779106,0,0.0065731267,Low (<25%),0.7,0
779159,0,0.025733396,Low (<25%),2.6,0
779171,0,0.003026973,Low (<25%),0.3,0
779184,0,0.016300842,Low (<25%),1.6,0
779211,1,0.9968759,Critical (>75%),99.7,1
779247,0,0.013031255,Low (<25%),1.3,0
779291,0,0.011989263,Low (<25%),1.2,0
779412,0,0.1641776,Low (<25%),16.4,0
779427,0,0.008967969,Low (<25%),0.9,0
779434,0,0.002156374,Low (<25%),0.2,0
779435,0,0.004596802,Low (<25%),0.5,0
779573,0,0.016905503,Low (<25%),1.7,0
779679,0,0.059876133,Low (<25%),6.0,0
779882,0,0.011766349,Low (<25%),1.2,0
779929,0,0.13265812,Low (<25%),13.3,0
779977,0,0.014598819,Low (<25%),1.5,0
780140,0,0.008872944,Low (<25%),0.9,0
780150,0,0.006559254,Low (<25%),0.7,0
780236,0,0.028213836,Low (<25%),2.8,0
780298,0,0.08015953,Low (<25%),8.0,0
780423,0,0.0012791832,Low (<25%),0.1,0
780428,0,0.014702583,Low (<25%),1.5,0
780504,0,0.0047868937,Low (<25%),0.5,0
780728,0,0.038326554,Low (<25%),3.8,0
780944,0,0.0019926718,Low (<25%),0.2,0
780973,0,0.06754562,Low (<25%),6.8,0
781052,0,0.0012147074,Low (<25%),0.1,0
781062,0,0.0064488538,Low (<25%),0.6,0
781110,0,0.0666263,Low (<25%),6.7,0
781187,0,0.00091969385,Low (<25%),0.1,0
781219,0,0.0059917956,Low (<25%),0.6,0
781347,0,0.045979477,Low (<25%),4.6,0
781354,0,0.027770912,Low (<25%),2.8,0
781355,0,0.007108853,Low (<25%),0.7,0
781463,0,0.005593295,Low (<25%),0.6,0
781480,0,0.28301552,Medium (25-50%),28.3,0
781495,0,0.018130323,Low (<25%),1.8,0
781519,0,0.021422712,Low (<25%),2.1,0
781570,0,0.009558799,Low (<25%),1.0,0
781621,0,0.020269902,Low (<25%),2.0,0
781647,0,0.010053516,Low (<25%),1.0,0
781777,0,0.064208224,Low (<25%),6.4,0
781924,0,0.012334079,Low (<25%),1.2,0
781963,0,0.009814714,Low (<25%),1.0,0
781970,0,0.011185248,Low (<25%),1.1,0
782100,0,0.01631334,Low (<25%),1.6,0
782124,0,0.00862824,Low (<25%),0.9,0
782241,0,0.010789478,Low (<25%),1.1,0
782282,0,0.0031025775,Low (<25%),0.3,0
782284,1,0.9537577,Critical (>75%),95.4,1
782329,0,0.0076936414,Low (<25%),0.8,0
782393,0,0.007320418,Low (<25%),0.7,0
782485,0,0.0014673887,Low (<25%),0.1,0
782515,0,0.0013717812,Low (<25%),0.1,0
782549,0,0.004453846,Low (<25%),0.4,0
782596,0,0.009166444,Low (<25%),0.9,0
782654,0,0.0054430347,Low (<25%),0.5,0
782719,0,0.05632927,Low (<25%),5.6,0
782818,0,0.02176041,Low (<25%),2.2,0
783145,0,0.09947442,Low (<25%),9.9,0
783255,0,0.026383558,Low (<25%),2.6,0
783300,0,0.004942948,Low (<25%),0.5,0
783363,0,0.35533375,Medium (25-50%),35.5,0
783604,0,0.012476374,Low (<25%),1.2,0
783610,1,0.9931438,Critical (>75%),99.3,1
783789,0,0.0641072,Low (<25%),6.4,0
783791,0,0.07466454,Low (<25%),7.5,0
783928,0,0.016804695,Low (<25%),1.7,0
784113,0,0.021735013,Low (<25%),2.2,0
784185,0,0.008390949,Low (<25%),0.8,0
784271,0,0.016782137,Low (<25%),1.7,0
784356,0,0.16614132,Low (<25%),16.6,0
784380,0,0.0038104067,Low (<25%),0.4,0
784490,0,0.0009173117,Low (<25%),0.1,0
784537,0,0.0065206056,Low (<25%),0.7,0
784570,0,0.02827096,Low (<25%),2.8,0
784608,0,0.050505344,Low (<25%),5.1,0
784710,0,0.005960727,Low (<25%),0.6,0
784782,0,0.0013530118,Low (<25%),0.1,0
784804,0,0.06189326,Low (<25%),6.2,0
784838,0,0.004376891,Low (<25%),0.4,0
784847,0,0.0037136904,Low (<25%),0.4,0
784945,0,0.010487271,Low (<25%),1.0,0
784946,0,0.018786544,Low (<25%),1.9,0
784962,0,0.0043223584,Low (<25%),0.4,0
785076,0,0.0103478525,Low (<25%),1.0,0
785114,0,0.00012334646,Low (<25%),0.0,0
785185,0,0.21217759,Low (<25%),21.2,0
785223,0,0.022828555,Low (<25%),2.3,0
785398,0,0.001413021,Low (<25%),0.1,0
785738,0,0.018665852,Low (<25%),1.9,0
785826,0,0.0036791922,Low (<25%),0.4,0
785836,0,0.019860078,Low (<25%),2.0,0
785992,0,0.011008804,Low (<25%),1.1,0
786255,0,0.004529341,Low (<25%),0.5,0
786287,0,0.0016095572,Low (<25%),0.2,0
786391,0,0.17100567,Low (<25%),17.1,0
786442,0,0.012521239,Low (<25%),1.3,0
786525,0,0.001077886,Low (<25%),0.1,0
786613,0,0.0045310915,Low (<25%),0.5,0
786624,0,0.010546089,Low (<25%),1.1,0
786703,0,0.24379036,Low (<25%),24.4,0
786709,0,0.04084243,Low (<25%),4.1,0
786710,0,0.01855586,Low (<25%),1.9,0
786827,0,0.005246558,Low (<25%),0.5,0
786966,1,0.99789053,Critical (>75%),99.8,1
787001,0,0.0071383873,Low (<25%),0.7,0
787086,0,0.07224396,Low (<25%),7.2,0
787276,0,0.002002526,Low (<25%),0.2,0
787416,0,0.019336576,Low (<25%),1.9,0
787472,0,0.56827027,High (50-75%),56.8,0
787525,0,0.03605155,Low (<25%),3.6,0
787548,0,0.036250204,Low (<25%),3.6,0
787606,0,0.10970258,Low (<25%),11.0,0
787625,0,0.017683642,Low (<25%),1.8,0
787660,0,0.013311613,Low (<25%),1.3,0
787763,0,0.016693203,Low (<25%),1.7,0
787833,0,0.0033000342,Low (<25%),0.3,0
787875,0,0.005940084,Low (<25%),0.6,0
788001,0,0.0076834327,Low (<25%),0.8,0
788091,0,0.01074927,Low (<25%),1.1,0
788159,0,0.011401392,Low (<25%),1.1,0
788217,0,0.017633822,Low (<25%),1.8,0
788292,0,0.0035809234,Low (<25%),0.4,0
788325,0,0.014263687,Low (<25%),1.4,0
788332,0,0.008631152,Low (<25%),0.9,0
788354,0,0.0028835766,Low (<25%),0.3,0
788407,0,0.92953753,Critical (>75%),93.0,0
788460,1,0.9205521,Critical (>75%),92.1,0
788515,0,0.067091405,Low (<25%),6.7,0
788759,0,0.007136478,Low (<25%),0.7,0
788870,0,0.0021305943,Low (<25%),0.2,0
788947,0,0.0007320096,Low (<25%),0.1,0
788997,0,0.011375783,Low (<25%),1.1,0
789001,0,0.037243087,Low (<25%),3.7,0
789004,0,0.014433961,Low (<25%),1.4,0
789052,0,0.05142238,Low (<25%),5.1,0
789120,0,0.0015042594,Low (<25%),0.2,0
789148,0,0.020667458,Low (<25%),2.1,0
789149,0,0.015682342,Low (<25%),1.6,0
789190,0,0.0849316,Low (<25%),8.5,0
789206,0,0.009873127,Low (<25%),1.0,0
789288,1,0.9969267,Critical (>75%),99.7,1
789303,0,0.0075973584,Low (<25%),0.8,0
789421,0,0.042695343,Low (<25%),4.3,0
789444,0,0.0023346539,Low (<25%),0.2,0
789573,0,0.0036599454,Low (<25%),0.4,0
789624,0,0.008146433,Low (<25%),0.8,0
789797,0,0.0074642138,Low (<25%),0.7,0
789826,0,0.25556976,Medium (25-50%),25.6,0
789859,0,0.003704823,Low (<25%),0.4,0
789892,0,0.0032157996,Low (<25%),0.3,0
789932,0,0.0019196905,Low (<25%),0.2,0
790008,0,0.011101322,Low (<25%),1.1,0
790089,0,0.017066533,Low (<25%),1.7,0
790094,0,0.15274139,Low (<25%),15.3,0
790123,0,0.038158536,Low (<25%),3.8,0
790165,0,0.0070490274,Low (<25%),0.7,0
790178,0,0.00014744428,Low (<25%),0.0,0
790240,0,0.030658891,Low (<25%),3.1,0
790287,1,0.907438,Critical (>75%),90.7,0
790303,0,0.04287406,Low (<25%),4.3,0
790341,0,0.0007199761,Low (<25%),0.1,0
790346,0,0.0046269437,Low (<25%),0.5,0
790450,0,0.0051964503,Low (<25%),0.5,0
790475,0,0.008517828,Low (<25%),0.9,0
790649,0,0.016062416,Low (<25%),1.6,0
790734,0,0.0082089985,Low (<25%),0.8,0
790813,0,0.0091316495,Low (<25%),0.9,0
791132,0,0.0020070032,Low (<25%),0.2,0
791202,0,0.010304035,Low (<25%),1.0,0
791280,0,0.025073517,Low (<25%),2.5,0
791282,0,0.0019838777,Low (<25%),0.2,0
791342,0,0.03314227,Low (<25%),3.3,0
791355,0,0.0325774,Low (<25%),3.3,0
791466,0,0.044552412,Low (<25%),4.5,0
791678,0,0.1314199,Low (<25%),13.1,0
791765,0,0.007444137,Low (<25%),0.7,0
791809,0,0.027719215,Low (<25%),2.8,0
791852,0,0.008025869,Low (<25%),0.8,0
791978,0,0.005538893,Low (<25%),0.6,0
792086,0,0.49665934,Medium (25-50%),49.7,0
792103,0,0.0072320173,Low (<25%),0.7,0
792229,0,0.025806937,Low (<25%),2.6,0
792332,0,0.0046662274,Low (<25%),0.5,0
792361,0,0.028653545,Low (<25%),2.9,0
792383,0,0.05160606,Low (<25%),5.2,0
792418,0,0.0033171864,Low (<25%),0.3,0
792514,0,0.003351194,Low (<25%),0.3,0
792695,0,0.0015408943,Low (<25%),0.2,0
792698,0,0.0094523495,Low (<25%),0.9,0
792707,0,0.04597413,Low (<25%),4.6,0
792795,0,0.006981165,Low (<25%),0.7,0
792873,0,0.008528873,Low (<25%),0.9,0
792898,0,0.0019480425,Low (<25%),0.2,0
792915,0,0.08115965,Low (<25%),8.1,0
793094,0,0.0052574845,Low (<25%),0.5,0
793125,0,0.024027333,Low (<25%),2.4,0
793126,0,0.0015868072,Low (<25%),0.2,0
793134,0,0.056359153,Low (<25%),5.6,0
793154,0,0.0027217423,Low (<25%),0.3,0
793178,0,0.0007403617,Low (<25%),0.1,0
793285,0,0.029491687,Low (<25%),2.9,0
793318,0,0.005773504,Low (<25%),0.6,0
793328,0,0.25379276,Medium (25-50%),25.4,0
793384,0,0.020516999,Low (<25%),2.1,0
793423,0,0.029609472,Low (<25%),3.0,0
793473,0,0.0654853,Low (<25%),6.5,0
793549,0,0.0010251778,Low (<25%),0.1,0
793618,0,0.024117805,Low (<25%),2.4,0
793619,0,0.032349527,Low (<25%),3.2,0
793645,0,0.09179516,Low (<25%),9.2,0
793662,0,0.28788954,Medium (25-50%),28.8,0
793742,1,0.9931598,Critical (>75%),99.3,1
793761,0,0.006479239,Low (<25%),0.6,0
793838,0,0.0019188721,Low (<25%),0.2,0
793892,0,0.008291492,Low (<25%),0.8,0
793904,0,0.0067748665,Low (<25%),0.7,0
793980,1,0.83766454,Critical (>75%),83.8,0
793995,0,0.0048773726,Low (<25%),0.5,0
794024,0,0.018852754,Low (<25%),1.9,0
794136,0,0.0035106158,Low (<25%),0.4,0
794202,0,0.18142295,Low (<25%),18.1,0
794248,0,0.012600578,Low (<25%),1.3,0
794286,0,0.016541902,Low (<25%),1.7,0
794348,1,0.9990233,Critical (>75%),99.9,1
794480,0,0.01872161,Low (<25%),1.9,0
794496,0,0.008729162,Low (<25%),0.9,0
794502,0,0.006388732,Low (<25%),0.6,0
794523,0,0.0062745987,Low (<25%),0.6,0
794552,0,0.011737181,Low (<25%),1.2,0
794602,0,0.0068368716,Low (<25%),0.7,0
794677,0,0.010332189,Low (<25%),1.0,0
794723,0,0.0041590095,Low (<25%),0.4,0
794752,0,0.00509293,Low (<25%),0.5,0
794784,0,0.023502452,Low (<25%),2.4,0
794863,0,0.008016888,Low (<25%),0.8,0
794951,0,0.0070503866,Low (<25%),0.7,0
795084,0,0.09070082,Low (<25%),9.1,0
795129,0,0.0072962684,Low (<25%),0.7,0
795230,0,0.0069104354,Low (<25%),0.7,0
795283,0,0.022282757,Low (<25%),2.2,0
795446,0,0.0017078056,Low (<25%),0.2,0
795468,0,0.005859516,Low (<25%),0.6,0
795486,0,0.0067447503,Low (<25%),0.7,0
795492,0,0.0075402544,Low (<25%),0.8,0
795512,0,0.022689126,Low (<25%),2.3,0
795820,0,0.016286962,Low (<25%),1.6,0
795840,1,0.92797023,Critical (>75%),92.8,0
796099,0,0.012960708,Low (<25%),1.3,0
796104,0,0.2728074,Medium (25-50%),27.3,0
796213,0,0.017429912,Low (<25%),1.7,0
796281,0,0.005173765,Low (<25%),0.5,0
796347,0,0.003161439,Low (<25%),0.3,0
796484,0,0.007182055,Low (<25%),0.7,0
796508,0,0.006507358,Low (<25%),0.7,0
796541,0,0.08437813,Low (<25%),8.4,0
796627,0,0.074104704,Low (<25%),7.4,0
796670,0,0.0195726,Low (<25%),2.0,0
796692,0,0.0026057654,Low (<25%),0.3,0
796900,0,0.01279132,Low (<25%),1.3,0
796990,0,0.59884906,High (50-75%),59.9,0
797078,0,0.0013102732,Low (<25%),0.1,0
797158,0,0.0028387588,Low (<25%),0.3,0
797187,1,0.998585,Critical (>75%),99.9,1
797216,0,0.022650471,Low (<25%),2.3,0
797326,0,0.0016161414,Low (<25%),0.2,0
797675,1,0.996899,Critical (>75%),99.7,1
797685,0,0.036853984,Low (<25%),3.7,0
797704,0,0.00032163426,Low (<25%),0.0,0
797714,0,0.004570266,Low (<25%),0.5,0
797845,0,0.0065977178,Low (<25%),0.7,0
797897,0,0.013977637,Low (<25%),1.4,0
797902,0,0.0093949335,Low (<25%),0.9,0
797991,0,0.007551818,Low (<25%),0.8,0
798029,0,0.009592065,Low (<25%),1.0,0
798216,0,0.04574351,Low (<25%),4.6,0
798248,0,0.002702884,Low (<25%),0.3,0
798279,0,0.021957867,Low (<25%),2.2,0
798351,0,0.011854322,Low (<25%),1.2,0
798375,0,0.01743256,Low (<25%),1.7,0
798433,0,0.00084532675,Low (<25%),0.1,0
798525,0,0.03917181,Low (<25%),3.9,0
798533,0,0.00018266923,Low (<25%),0.0,0
798662,0,0.01107721,Low (<25%),1.1,0
798672,0,0.06949033,Low (<25%),6.9,0
798708,0,0.014430997,Low (<25%),1.4,0
798752,0,0.052621398,Low (<25%),5.3,0
798814,0,0.71213764,High (50-75%),71.2,0
798817,0,0.011825953,Low (<25%),1.2,0
798832,0,0.0017388054,Low (<25%),0.2,0
798854,0,0.9866291,Critical (>75%),98.7,1
798871,0,0.032255135,Low (<25%),3.2,0
798881,0,0.0035893961,Low (<25%),0.4,0
798954,0,0.009128001,Low (<25%),0.9,0
799148,0,0.1142706,Low (<25%),11.4,0
799157,0,0.0037376322,Low (<25%),0.4,0
799399,0,0.001066801,Low (<25%),0.1,0
799437,0,0.0055334796,Low (<25%),0.6,0
799510,0,0.20458195,Low (<25%),20.5,0
799630,0,0.006458011,Low (<25%),0.6,0
799655,0,0.005426045,Low (<25%),0.5,0
799690,0,0.008554391,Low (<25%),0.9,0
799781,0,0.0038857996,Low (<25%),0.4,0
799857,0,0.13778041,Low (<25%),13.8,0
799919,0,0.04567719,Low (<25%),4.6,0
799967,0,0.0050304704,Low (<25%),0.5,0
799992,0,0.018357703,Low (<25%),1.8,0
800016,0,0.01960188,Low (<25%),2.0,0
800075,0,0.00072461134,Low (<25%),0.1,0
800094,0,0.018146016,Low (<25%),1.8,0
800137,0,0.0027711883,Low (<25%),0.3,0
800220,0,0.0009107934,Low (<25%),0.1,0
800268,0,0.030109117,Low (<25%),3.0,0
800357,0,0.008044922,Low (<25%),0.8,0
800433,0,0.04086061,Low (<25%),4.1,0
800450,0,0.0032517524,Low (<25%),0.3,0
800481,0,0.016825648,Low (<25%),1.7,0
800499,0,0.027486237,Low (<25%),2.7,0
800571,0,0.12208249,Low (<25%),12.2,0
800610,0,0.016647022,Low (<25%),1.7,0
800726,0,0.030750021,Low (<25%),3.1,0
800800,0,0.51237255,High (50-75%),51.2,0
800831,0,0.55845463,High (50-75%),55.8,0
800878,0,0.0024390565,Low (<25%),0.2,0
800923,0,0.021916626,Low (<25%),2.2,0
801146,0,0.021809708,Low (<25%),2.2,0
801176,0,0.012536317,Low (<25%),1.3,0
801227,0,0.008459982,Low (<25%),0.8,0
801338,0,0.0022668627,Low (<25%),0.2,0
801368,0,0.0061909156,Low (<25%),0.6,0
801391,0,0.007434683,Low (<25%),0.7,0
801483,0,0.0014011534,Low (<25%),0.1,0
801738,0,0.0027085105,Low (<25%),0.3,0
801788,0,0.00570939,Low (<25%),0.6,0
801821,0,0.0050515602,Low (<25%),0.5,0
801882,0,0.017222354,Low (<25%),1.7,0
802002,0,0.009962943,Low (<25%),1.0,0
802084,0,0.0070252973,Low (<25%),0.7,0
802196,0,0.049568765,Low (<25%),5.0,0
802200,0,0.031597756,Low (<25%),3.2,0
802206,0,0.042597167,Low (<25%),4.3,0
802305,0,0.0010495676,Low (<25%),0.1,0
802316,0,0.0006744893,Low (<25%),0.1,0
802336,0,0.10142855,Low (<25%),10.1,0
802425,0,0.013635996,Low (<25%),1.4,0
802452,0,0.025378056,Low (<25%),2.5,0
802470,0,0.007532736,Low (<25%),0.8,0
802478,0,0.014143129,Low (<25%),1.4,0
802535,0,0.0222394,Low (<25%),2.2,0
802556,0,0.004419224,Low (<25%),0.4,0
802621,0,0.0041598766,Low (<25%),0.4,0
802645,0,0.043228634,Low (<25%),4.3,0
802797,0,0.010061161,Low (<25%),1.0,0
802860,0,0.012995366,Low (<25%),1.3,0
802870,0,0.0059177554,Low (<25%),0.6,0
803150,0,0.0009771079,Low (<25%),0.1,0
803234,0,0.0043796767,Low (<25%),0.4,0
803407,0,0.0067995307,Low (<25%),0.7,0
803529,0,0.0030299746,Low (<25%),0.3,0
803586,1,0.8796399,Critical (>75%),88.0,0
803587,0,0.22351404,Low (<25%),22.4,0
803656,0,0.03228602,Low (<25%),3.2,0
803747,0,0.05115327,Low (<25%),5.1,0
803796,0,0.0344585,Low (<25%),3.4,0
803830,0,0.0044720382,Low (<25%),0.4,0
803844,0,0.010731958,Low (<25%),1.1,0
803956,0,0.005521334,Low (<25%),0.6,0
803976,0,0.00610833,Low (<25%),0.6,0
804137,0,0.02022916,Low (<25%),2.0,0
804259,0,0.0032387176,Low (<25%),0.3,0
804328,0,0.027817743,Low (<25%),2.8,0
804368,0,0.008518368,Low (<25%),0.9,0
804402,0,0.008630528,Low (<25%),0.9,0
804438,0,0.049229834,Low (<25%),4.9,0
804521,0,0.010692618,Low (<25%),1.1,0
804534,0,0.025093459,Low (<25%),2.5,0
804536,0,0.0064549064,Low (<25%),0.6,0
804557,0,0.004701707,Low (<25%),0.5,0
804710,0,0.0045115976,Low (<25%),0.5,0
804770,0,0.00028704613,Low (<25%),0.0,0
804784,0,0.16690442,Low (<25%),16.7,0
804816,1,0.99802667,Critical (>75%),99.8,1
804930,0,0.0012492095,Low (<25%),0.1,0
805008,0,0.058348067,Low (<25%),5.8,0
805013,0,0.052975945,Low (<25%),5.3,0
805110,0,0.016966054,Low (<25%),1.7,0
805140,0,0.6666193,High (50-75%),66.7,0
805159,0,0.0039270516,Low (<25%),0.4,0
805170,0,0.0011404598,Low (<25%),0.1,0
805226,0,0.03288297,Low (<25%),3.3,0
805377,0,0.024418825,Low (<25%),2.4,0
805431,0,0.0022712713,Low (<25%),0.2,0
805574,0,0.0031350325,Low (<25%),0.3,0
805598,0,0.0007069622,Low (<25%),0.1,0
805816,0,0.029963976,Low (<25%),3.0,0
805890,0,0.0029294507,Low (<25%),0.3,0
805932,0,0.008766197,Low (<25%),0.9,0
805977,0,0.0009754216,Low (<25%),0.1,0
806008,0,0.0024431078,Low (<25%),0.2,0
806030,0,0.02886715,Low (<25%),2.9,0
806157,0,0.39019585,Medium (25-50%),39.0,0
806168,0,0.017883344,Low (<25%),1.8,0
806196,0,8.084157e-05,Low (<25%),0.0,0
806283,0,0.022298703,Low (<25%),2.2,0
806348,1,0.90556115,Critical (>75%),90.6,0
806598,0,0.030935038,Low (<25%),3.1,0
806639,0,0.0026200812,Low (<25%),0.3,0
806815,0,0.017416572,Low (<25%),1.7,0
806839,0,0.44311798,Medium (25-50%),44.3,0
806850,0,0.0037535517,Low (<25%),0.4,0
806859,0,0.21396925,Low (<25%),21.4,0
806995,0,0.029793529,Low (<25%),3.0,0
807134,0,0.013326371,Low (<25%),1.3,0
807152,0,0.099431455,Low (<25%),9.9,0
807211,0,0.43776783,Medium (25-50%),43.8,0
807256,0,0.00196919,Low (<25%),0.2,0
807289,0,0.0047222,Low (<25%),0.5,0
807297,0,0.035661295,Low (<25%),3.6,0
807553,0,0.003924831,Low (<25%),0.4,0
807570,0,0.0020682376,Low (<25%),0.2,0
807589,0,0.0014601732,Low (<25%),0.1,0
807681,0,0.016743762,Low (<25%),1.7,0
807769,0,0.019211564,Low (<25%),1.9,0
807902,0,0.116960146,Low (<25%),11.7,0
808005,0,0.0037539494,Low (<25%),0.4,0
808096,0,0.006566855,Low (<25%),0.7,0
808206,0,0.005719021,Low (<25%),0.6,0
808353,0,0.018571405,Low (<25%),1.9,0
808392,0,0.0025591054,Low (<25%),0.3,0
808399,0,0.0005884099,Low (<25%),0.1,0
808498,0,0.0015809769,Low (<25%),0.2,0
808524,0,0.004740615,Low (<25%),0.5,0
808721,0,0.020570269,Low (<25%),2.1,0
808920,0,0.009995982,Low (<25%),1.0,0
809016,0,0.000892815,Low (<25%),0.1,0
809024,0,0.01844033,Low (<25%),1.8,0
809107,0,0.34708866,Medium (25-50%),34.7,0
809207,0,0.034024764,Low (<25%),3.4,0
809216,0,0.03363515,Low (<25%),3.4,0
809218,0,0.00100264,Low (<25%),0.1,0
809299,0,0.11498265,Low (<25%),11.5,0
809404,0,0.012128416,Low (<25%),1.2,0
809449,0,0.00743829,Low (<25%),0.7,0
809587,0,0.0013795018,Low (<25%),0.1,0
809728,0,0.029469974,Low (<25%),2.9,0
809733,0,0.006355007,Low (<25%),0.6,0
810028,0,0.007518017,Low (<25%),0.8,0
810071,0,0.009344102,Low (<25%),0.9,0
810100,0,0.009445744,Low (<25%),0.9,0
810257,0,0.0033315148,Low (<25%),0.3,0
810338,0,0.007823643,Low (<25%),0.8,0
810448,0,0.026782839,Low (<25%),2.7,0
810482,0,0.0035965233,Low (<25%),0.4,0
810503,0,0.0024749164,Low (<25%),0.2,0
810517,1,0.9988594,Critical (>75%),99.9,1
810581,0,0.0010790202,Low (<25%),0.1,0
810621,0,0.034843635,Low (<25%),3.5,0
810668,0,0.00047284315,Low (<25%),0.0,0
810693,0,0.055648454,Low (<25%),5.6,0
810755,0,0.0049689906,Low (<25%),0.5,0
810833,0,0.0046313093,Low (<25%),0.5,0
810899,0,0.041668724,Low (<25%),4.2,0
810990,0,0.0071853944,Low (<25%),0.7,0
811139,0,0.04430316,Low (<25%),4.4,0
811162,0,0.09468177,Low (<25%),9.5,0
811289,0,0.020130519,Low (<25%),2.0,0
811333,0,0.0029702303,Low (<25%),0.3,0
811335,0,0.036821052,Low (<25%),3.7,0
811471,0,0.002567696,Low (<25%),0.3,0
811567,0,0.008527761,Low (<25%),0.9,0
811569,0,0.0007672993,Low (<25%),0.1,0
811619,0,0.020591078,Low (<25%),2.1,0
811684,0,0.6464405,High (50-75%),64.6,0
811802,0,0.01179983,Low (<25%),1.2,0
812042,0,0.05879468,Low (<25%),5.9,0
812057,0,0.0015890374,Low (<25%),0.2,0
812149,0,0.0021390407,Low (<25%),0.2,0
812152,0,0.00787373,Low (<25%),0.8,0
812248,0,0.012458228,Low (<25%),1.2,0
812282,0,0.0010184495,Low (<25%),0.1,0
812373,0,0.006995801,Low (<25%),0.7,0
812417,0,0.026115451,Low (<25%),2.6,0
812513,0,0.006201022,Low (<25%),0.6,0
812599,0,0.037121918,Low (<25%),3.7,0
812804,0,0.2752804,Medium (25-50%),27.5,0
812894,0,0.035497554,Low (<25%),3.5,0
812899,0,0.008030904,Low (<25%),0.8,0
813320,0,0.031871226,Low (<25%),3.2,0
813439,0,0.010277678,Low (<25%),1.0,0
813455,0,0.0008088679,Low (<25%),0.1,0
813520,0,0.010030498,Low (<25%),1.0,0
813567,0,0.0020539614,Low (<25%),0.2,0
813620,0,0.009976108,Low (<25%),1.0,0
813652,0,0.052905217,Low (<25%),5.3,0
813681,0,0.019095957,Low (<25%),1.9,0
813725,0,0.016389037,Low (<25%),1.6,0
813931,0,0.013114456,Low (<25%),1.3,0
814067,0,0.0167192,Low (<25%),1.7,0
814112,0,0.090235844,Low (<25%),9.0,0
814236,0,0.6033677,High (50-75%),60.3,0
814490,0,0.005056715,Low (<25%),0.5,0
814653,0,0.11638969,Low (<25%),11.6,0
814698,0,0.14407556,Low (<25%),14.4,0
814703,0,0.0339735,Low (<25%),3.4,0
814748,0,0.053308606,Low (<25%),5.3,0
815207,0,0.0003401685,Low (<25%),0.0,0
815328,0,0.01671582,Low (<25%),1.7,0
815344,0,0.045407206,Low (<25%),4.5,0
815541,0,0.021234516,Low (<25%),2.1,0
815584,0,0.001140029,Low (<25%),0.1,0
815626,0,0.013955481,Low (<25%),1.4,0
815643,0,0.026431862,Low (<25%),2.6,0
815718,0,0.010463288,Low (<25%),1.0,0
815789,0,0.022738855,Low (<25%),2.3,0
815796,0,0.07249761,Low (<25%),7.2,0
815804,0,0.034508586,Low (<25%),3.5,0
815834,0,0.0038348362,Low (<25%),0.4,0
815841,0,0.0025155665,Low (<25%),0.3,0
815850,0,0.03517013,Low (<25%),3.5,0
816110,0,0.002242802,Low (<25%),0.2,0
816122,1,0.90791214,Critical (>75%),90.8,0
816196,0,0.01182637,Low (<25%),1.2,0
816323,0,0.0081260195,Low (<25%),0.8,0
816420,0,0.013877017,Low (<25%),1.4,0
816593,0,0.059315495,Low (<25%),5.9,0
816608,0,0.030369839,Low (<25%),3.0,0
816705,0,0.0050984975,Low (<25%),0.5,0
816763,0,0.0046994626,Low (<25%),0.5,0
816937,0,0.14186166,Low (<25%),14.2,0
816983,0,0.11108804,Low (<25%),11.1,0
817066,0,0.010938482,Low (<25%),1.1,0
817069,0,0.0026434248,Low (<25%),0.3,0
817070,0,0.044057112,Low (<25%),4.4,0
817074,0,0.5143495,High (50-75%),51.4,0
817102,0,0.17219636,Low (<25%),17.2,0
817136,0,0.053974062,Low (<25%),5.4,0
817158,0,0.010613124,Low (<25%),1.1,0
817168,0,0.00054629287,Low (<25%),0.1,0
817245,1,0.9157452,Critical (>75%),91.6,0
817288,0,0.07643986,Low (<25%),7.6,0
817375,0,0.020378413,Low (<25%),2.0,0
817456,0,0.0086097345,Low (<25%),0.9,0
817520,0,0.08056271,Low (<25%),8.1,0
817527,0,0.13769732,Low (<25%),13.8,0
817573,0,0.042181343,Low (<25%),4.2,0
817609,0,0.914512,Critical (>75%),91.5,0
817613,0,0.00497376,Low (<25%),0.5,0
817714,0,0.059056167,Low (<25%),5.9,0
817744,0,0.013766616,Low (<25%),1.4,0
817822,0,0.02832849,Low (<25%),2.8,0
817851,0,0.053386267,Low (<25%),5.3,0
817932,0,0.9252356,Critical (>75%),92.5,0
818077,0,0.14487776,Low (<25%),14.5,0
818114,0,0.13287407,Low (<25%),13.3,0
818271,0,0.08062318,Low (<25%),8.1,0
818454,0,0.25705156,Medium (25-50%),25.7,0
818484,0,0.01362561,Low (<25%),1.4,0
818567,0,0.0018466752,Low (<25%),0.2,0
818597,0,0.01221225,Low (<25%),1.2,0
818616,0,0.088144965,Low (<25%),8.8,0
818864,0,0.031476267,Low (<25%),3.1,0
818870,0,0.22989501,Low (<25%),23.0,0
818881,0,0.0019219548,Low (<25%),0.2,0
818940,0,0.11054202,Low (<25%),11.1,0
818995,0,0.0070759794,Low (<25%),0.7,0
819055,0,0.0004602844,Low (<25%),0.0,0
819077,0,0.0029423356,Low (<25%),0.3,0
819149,0,0.0046364823,Low (<25%),0.5,0
819255,0,0.0020665526,Low (<25%),0.2,0
819267,0,0.006527615,Low (<25%),0.7,0
819315,0,0.008650927,Low (<25%),0.9,0
819375,0,0.0030666355,Low (<25%),0.3,0
819497,0,0.0031720146,Low (<25%),0.3,0
819521,0,0.0006832933,Low (<25%),0.1,0
819569,0,0.012957603,Low (<25%),1.3,0
819592,0,0.0040505813,Low (<25%),0.4,0
819664,0,0.0023424302,Low (<25%),0.2,0
819718,0,0.0068090986,Low (<25%),0.7,0
819765,0,0.01325371,Low (<25%),1.3,0
819809,0,0.052825734,Low (<25%),5.3,0
819842,0,0.007106649,Low (<25%),0.7,0
819924,0,0.66002506,High (50-75%),66.0,0
819969,0,0.0022288116,Low (<25%),0.2,0
820164,0,0.09195881,Low (<25%),9.2,0
820204,0,0.016709099,Low (<25%),1.7,0
820223,0,0.008256443,Low (<25%),0.8,0
820341,0,0.040436067,Low (<25%),4.0,0
820370,0,0.3684828,Medium (25-50%),36.8,0
820406,0,0.02112526,Low (<25%),2.1,0
820454,0,0.04706975,Low (<25%),4.7,0
820501,0,0.006955382,Low (<25%),0.7,0
820541,0,0.029711757,Low (<25%),3.0,0
820542,0,0.005115828,Low (<25%),0.5,0
821010,0,0.0395933,Low (<25%),4.0,0
821043,0,0.0016338776,Low (<25%),0.2,0
821117,0,0.0013866118,Low (<25%),0.1,0
821137,0,0.0015839187,Low (<25%),0.2,0
821202,0,0.0016693654,Low (<25%),0.2,0
821216,0,0.0030059589,Low (<25%),0.3,0
821296,0,0.021986924,Low (<25%),2.2,0
821314,0,0.049731426,Low (<25%),5.0,0
821325,0,0.011975815,Low (<25%),1.2,0
821379,1,0.8795088,Critical (>75%),88.0,0
821404,0,0.011388156,Low (<25%),1.1,0
821462,0,0.4534368,Medium (25-50%),45.3,0
821515,0,0.0056144167,Low (<25%),0.6,0
821739,0,0.001479587,Low (<25%),0.1,0
821820,0,0.09740101,Low (<25%),9.7,0
821918,0,0.0009502097,Low (<25%),0.1,0
821944,1,0.9993818,Critical (>75%),99.9,1
822051,0,0.010604215,Low (<25%),1.1,0
822066,0,0.18728204,Low (<25%),18.7,0
822102,0,0.033015683,Low (<25%),3.3,0
822122,0,0.0094617875,Low (<25%),0.9,0
822205,0,0.018394534,Low (<25%),1.8,0
822211,0,0.020562734,Low (<25%),2.1,0
822305,0,0.17681989,Low (<25%),17.7,0
822507,0,0.0019035076,Low (<25%),0.2,0
822555,0,0.008490123,Low (<25%),0.8,0
822696,0,0.06268902,Low (<25%),6.3,0
822723,1,0.9933355,Critical (>75%),99.3,1
822727,1,0.94130814,Critical (>75%),94.1,1
822765,0,0.016409166,Low (<25%),1.6,0
822811,1,0.86938155,Critical (>75%),86.9,0
822901,0,0.060241926,Low (<25%),6.0,0
822956,0,0.0035150792,Low (<25%),0.4,0
822995,0,0.001954236,Low (<25%),0.2,0
823048,0,0.0053745485,Low (<25%),0.5,0
823112,0,0.016561158,Low (<25%),1.7,0
823113,0,0.008588965,Low (<25%),0.9,0
823208,0,0.006303964,Low (<25%),0.6,0
823257,1,0.9066734,Critical (>75%),90.7,0
823319,0,0.8885836,Critical (>75%),88.9,0
823436,1,0.9991228,Critical (>75%),99.9,1
823453,0,0.21138728,Low (<25%),21.1,0
823567,0,0.06258869,Low (<25%),6.3,0
823590,0,0.16011304,Low (<25%),16.0,0
823628,0,0.40537828,Medium (25-50%),40.5,0
823665,0,0.009180538,Low (<25%),0.9,0
823740,0,0.0064816955,Low (<25%),0.6,0
823761,0,0.0015513116,Low (<25%),0.2,0
823768,0,0.010589526,Low (<25%),1.1,0
823789,0,0.009438724,Low (<25%),0.9,0
823816,0,0.0042426647,Low (<25%),0.4,0
823986,0,0.19384329,Low (<25%),19.4,0
823998,0,0.043853253,Low (<25%),4.4,0
824133,0,0.0653129,Low (<25%),6.5,0
824163,0,0.05569297,Low (<25%),5.6,0
824259,0,0.015132789,Low (<25%),1.5,0
824315,0,0.0038320413,Low (<25%),0.4,0
824351,0,0.005099223,Low (<25%),0.5,0
824360,0,0.040034566,Low (<25%),4.0,0
824414,0,0.03411456,Low (<25%),3.4,0
824462,0,0.0967384,Low (<25%),9.7,0
824486,0,0.014931128,Low (<25%),1.5,0
824610,0,0.011146331,Low (<25%),1.1,0
824668,0,0.045320857,Low (<25%),4.5,0
824712,0,0.006703479,Low (<25%),0.7,0
824906,0,0.020675633,Low (<25%),2.1,0
824917,0,0.05736413,Low (<25%),5.7,0
824990,0,0.0023539215,Low (<25%),0.2,0
825165,0,0.9592485,Critical (>75%),95.9,1
825217,0,0.030610617,Low (<25%),3.1,0
825239,0,0.18894489,Low (<25%),18.9,0
825254,0,0.18582231,Low (<25%),18.6,0
825315,0,0.05119609,Low (<25%),5.1,0
825333,0,0.009532349,Low (<25%),1.0,0
825336,0,0.009221813,Low (<25%),0.9,0
825464,0,0.0023055759,Low (<25%),0.2,0
825465,0,0.01590137,Low (<25%),1.6,0
825484,0,0.0016715076,Low (<25%),0.2,0
825490,0,0.07306505,Low (<25%),7.3,0
825517,0,0.007811238,Low (<25%),0.8,0
825569,0,0.015833275,Low (<25%),1.6,0
825593,0,0.0012489781,Low (<25%),0.1,0
825809,0,0.17649418,Low (<25%),17.6,0
826113,0,0.012329003,Low (<25%),1.2,0
826136,0,0.0036437565,Low (<25%),0.4,0
826149,0,0.021912543,Low (<25%),2.2,0
826166,0,0.0035974993,Low (<25%),0.4,0
826271,1,0.9353259,Critical (>75%),93.5,1
826304,0,0.004487294,Low (<25%),0.4,0
826589,0,0.0014649475,Low (<25%),0.1,0
827147,0,0.1066624,Low (<25%),10.7,0
827164,0,0.0061542434,Low (<25%),0.6,0
827172,0,0.008470529,Low (<25%),0.8,0
827190,0,0.010983363,Low (<25%),1.1,0
827194,0,0.001675104,Low (<25%),0.2,0
827215,0,0.0016406125,Low (<25%),0.2,0
827275,0,0.0044802213,Low (<25%),0.4,0
827288,0,0.0022402743,Low (<25%),0.2,0
827309,1,0.826589,Critical (>75%),82.7,0
827334,0,0.008592729,Low (<25%),0.9,0
827339,0,0.0013827947,Low (<25%),0.1,0
827546,0,0.0037938484,Low (<25%),0.4,0
827668,1,0.99938905,Critical (>75%),99.9,1
827731,0,0.0012160422,Low (<25%),0.1,0
827790,0,0.012549363,Low (<25%),1.3,0
827819,0,0.018255426,Low (<25%),1.8,0
828076,0,0.0057623796,Low (<25%),0.6,0
828109,0,0.00027822878,Low (<25%),0.0,0
828136,0,0.02462873,Low (<25%),2.5,0
828182,0,0.026184266,Low (<25%),2.6,0
828232,0,0.0059459372,Low (<25%),0.6,0
828353,0,0.014542206,Low (<25%),1.5,0
828481,0,0.00223551,Low (<25%),0.2,0
828643,0,0.052858386,Low (<25%),5.3,0
828731,0,0.007867173,Low (<25%),0.8,0
828735,0,0.0059646782,Low (<25%),0.6,0
828776,0,0.021292761,Low (<25%),2.1,0
828816,0,0.025104873,Low (<25%),2.5,0
828817,0,0.0020416288,Low (<25%),0.2,0
828895,0,0.002442141,Low (<25%),0.2,0
828918,0,0.5822551,High (50-75%),58.2,0
828924,0,0.0683084,Low (<25%),6.8,0
828959,0,0.03247235,Low (<25%),3.2,0
828967,0,0.011963397,Low (<25%),1.2,0
828988,0,0.0050459527,Low (<25%),0.5,0
829003,0,0.0017185123,Low (<25%),0.2,0
829162,0,0.03866544,Low (<25%),3.9,0
829263,0,0.012367215,Low (<25%),1.2,0
829291,0,0.104751214,Low (<25%),10.5,0
829505,0,0.003498471,Low (<25%),0.3,0
829588,0,0.007842658,Low (<25%),0.8,0
829627,0,0.0029987579,Low (<25%),0.3,0
829663,0,0.011491829,Low (<25%),1.1,0
829684,0,0.017145632,Low (<25%),1.7,0
829861,0,0.039996017,Low (<25%),4.0,0
829886,0,0.0013990559,Low (<25%),0.1,0
830024,0,0.027555708,Low (<25%),2.8,0
830171,0,0.00030422237,Low (<25%),0.0,0
830223,0,0.0023764533,Low (<25%),0.2,0
830385,0,0.008894272,Low (<25%),0.9,0
830446,0,0.0016356722,Low (<25%),0.2,0
830503,0,0.007249938,Low (<25%),0.7,0
830564,0,0.005964997,Low (<25%),0.6,0
830673,0,0.008851905,Low (<25%),0.9,0
830743,0,0.02205305,Low (<25%),2.2,0
830777,0,0.016125616,Low (<25%),1.6,0
830811,0,0.0074298675,Low (<25%),0.7,0
830818,0,0.05433223,Low (<25%),5.4,0
830931,0,0.012711495,Low (<25%),1.3,0
830975,0,0.06962472,Low (<25%),7.0,0
831035,0,0.038225263,Low (<25%),3.8,0
831087,0,0.002201995,Low (<25%),0.2,0
831180,0,0.014148469,Low (<25%),1.4,0
831253,0,0.003796327,Low (<25%),0.4,0
831404,0,0.029755274,Low (<25%),3.0,0
831424,0,0.15675378,Low (<25%),15.7,0
831442,0,0.0018214068,Low (<25%),0.2,0
831693,0,0.007519893,Low (<25%),0.8,0
831696,0,0.017349558,Low (<25%),1.7,0
831797,0,0.0015119908,Low (<25%),0.2,0
831812,1,0.9862977,Critical (>75%),98.6,1
831829,0,0.09798482,Low (<25%),9.8,0
831854,0,0.0023072986,Low (<25%),0.2,0
831860,0,0.13985793,Low (<25%),14.0,0
831928,1,0.8816267,Critical (>75%),88.2,0
831948,0,0.0067903856,Low (<25%),0.7,0
831964,0,0.001037222,Low (<25%),0.1,0
832046,0,0.004379271,Low (<25%),0.4,0
832062,0,0.0041857786,Low (<25%),0.4,0
832301,0,0.0040424946,Low (<25%),0.4,0
832367,0,0.0021202113,Low (<25%),0.2,0
832431,0,0.027506636,Low (<25%),2.8,0
832566,0,0.010581516,Low (<25%),1.1,0
832597,0,0.0049533625,Low (<25%),0.5,0
832625,0,0.0478644,Low (<25%),4.8,0
832663,0,0.010045054,Low (<25%),1.0,0
832665,0,0.024685709,Low (<25%),2.5,0
832745,0,0.06350266,Low (<25%),6.4,0
832864,0,0.0041424907,Low (<25%),0.4,0
832921,0,0.0054930323,Low (<25%),0.5,0
832983,0,0.0020575165,Low (<25%),0.2,0
833024,0,0.038977686,Low (<25%),3.9,0
833052,0,0.021275617,Low (<25%),2.1,0
833148,1,0.9990589,Critical (>75%),99.9,1
833197,0,0.013813729,Low (<25%),1.4,0
833221,0,0.0055948226,Low (<25%),0.6,0
833233,0,0.030526109,Low (<25%),3.1,0
833305,0,0.005180841,Low (<25%),0.5,0
833317,0,0.012858639,Low (<25%),1.3,0
833322,0,0.01306718,Low (<25%),1.3,0
833397,0,0.0015349919,Low (<25%),0.2,0
833436,0,0.022962656,Low (<25%),2.3,0
833569,0,0.118657544,Low (<25%),11.9,0
833576,0,0.018242402,Low (<25%),1.8,0
833627,1,0.8373225,Critical (>75%),83.7,0
833679,0,0.006571467,Low (<25%),0.7,0
833683,0,0.06099494,Low (<25%),6.1,0
833701,0,0.10676653,Low (<25%),10.7,0
833704,0,0.04690185,Low (<25%),4.7,0
833728,0,0.0098190345,Low (<25%),1.0,0
833765,0,0.020058185,Low (<25%),2.0,0
833783,0,0.0012137769,Low (<25%),0.1,0
833793,0,0.22306928,Low (<25%),22.3,0
833801,0,0.22625786,Low (<25%),22.6,0
833844,0,0.06775304,Low (<25%),6.8,0
833891,0,0.002393831,Low (<25%),0.2,0
833998,0,0.010167801,Low (<25%),1.0,0
834063,1,0.9961688,Critical (>75%),99.6,1
834066,0,0.09415885,Low (<25%),9.4,0
834081,0,0.044678308,Low (<25%),4.5,0
834120,0,0.003584728,Low (<25%),0.4,0
834270,0,0.00051762117,Low (<25%),0.1,0
834286,0,0.018638732,Low (<25%),1.9,0
834304,0,0.05068097,Low (<25%),5.1,0
834306,0,0.04169169,Low (<25%),4.2,0
834453,0,0.02886564,Low (<25%),2.9,0
834523,0,0.032147557,Low (<25%),3.2,0
834544,0,0.010795184,Low (<25%),1.1,0
834550,0,0.0029934165,Low (<25%),0.3,0
834571,0,0.038821254,Low (<25%),3.9,0
834576,0,0.0017521858,Low (<25%),0.2,0
834615,0,0.0034611565,Low (<25%),0.3,0
834726,0,0.00026681932,Low (<25%),0.0,0
834733,0,0.0076835235,Low (<25%),0.8,0
834760,0,0.006904548,Low (<25%),0.7,0
834799,0,0.010295436,Low (<25%),1.0,0
834943,0,0.0028165863,Low (<25%),0.3,0
835009,0,0.015872644,Low (<25%),1.6,0
835062,0,0.007494302,Low (<25%),0.7,0
835149,0,0.08244416,Low (<25%),8.2,0
835240,0,0.0054648905,Low (<25%),0.5,0
835377,0,0.036445558,Low (<25%),3.6,0
835440,1,0.96002847,Critical (>75%),96.0,1
835484,0,0.037877914,Low (<25%),3.8,0
835491,0,0.019666672,Low (<25%),2.0,0
835508,0,0.06305459,Low (<25%),6.3,0
835566,1,0.9991054,Critical (>75%),99.9,1
835683,0,0.01505176,Low (<25%),1.5,0
835693,0,0.0069665033,Low (<25%),0.7,0
835760,0,0.042246114,Low (<25%),4.2,0
835764,0,0.011929436,Low (<25%),1.2,0
835779,0,0.018500099,Low (<25%),1.9,0
835785,0,0.0052403277,Low (<25%),0.5,0
835796,0,0.021634893,Low (<25%),2.2,0
835920,0,0.020589825,Low (<25%),2.1,0
835973,0,0.0016362718,Low (<25%),0.2,0
836112,0,0.0108245015,Low (<25%),1.1,0
836226,0,8.90118e-05,Low (<25%),0.0,0
836343,0,0.04602203,Low (<25%),4.6,0
836374,0,0.031014914,Low (<25%),3.1,0
836405,0,0.0045589777,Low (<25%),0.5,0
836443,0,0.003067516,Low (<25%),0.3,0
836475,0,0.027895002,Low (<25%),2.8,0
836486,0,0.0050032767,Low (<25%),0.5,0
836523,0,0.005936346,Low (<25%),0.6,0
836550,0,0.5315463,High (50-75%),53.2,0
836622,0,0.008332732,Low (<25%),0.8,0
836665,0,0.0010867909,Low (<25%),0.1,0
836706,0,0.04964266,Low (<25%),5.0,0
836713,0,0.022716254,Low (<25%),2.3,0
836720,0,0.0012944908,Low (<25%),0.1,0
836964,0,0.073581934,Low (<25%),7.4,0
837175,0,0.0009425073,Low (<25%),0.1,0
837215,0,0.023029672,Low (<25%),2.3,0
837237,0,0.0039613275,Low (<25%),0.4,0
837269,0,0.29123697,Medium (25-50%),29.1,0
837360,0,0.03452037,Low (<25%),3.5,0
837517,0,0.19183797,Low (<25%),19.2,0
837526,0,0.00964184,Low (<25%),1.0,0
837580,0,0.056403305,Low (<25%),5.6,0
837628,0,0.06973664,Low (<25%),7.0,0
837641,0,0.02883905,Low (<25%),2.9,0
837646,1,0.87640065,Critical (>75%),87.6,0
837733,0,0.0046318085,Low (<25%),0.5,0
837810,0,0.021687426,Low (<25%),2.2,0
837833,0,0.0026425186,Low (<25%),0.3,0
837932,0,0.0041907663,Low (<25%),0.4,0
838008,0,0.030805737,Low (<25%),3.1,0
838032,0,0.019792637,Low (<25%),2.0,0
838160,0,0.16358155,Low (<25%),16.4,0
838232,0,0.0040314747,Low (<25%),0.4,0
838270,0,0.008186826,Low (<25%),0.8,0
838283,0,0.008493528,Low (<25%),0.8,0
838482,0,0.0095187,Low (<25%),1.0,0
838553,1,0.95878035,Critical (>75%),95.9,1
838584,0,0.016667673,Low (<25%),1.7,0
838634,0,0.0019180039,Low (<25%),0.2,0
838650,0,0.009958383,Low (<25%),1.0,0
838657,0,0.02369903,Low (<25%),2.4,0
838771,0,0.02302034,Low (<25%),2.3,0
838784,1,0.9848044,Critical (>75%),98.5,1
838845,1,0.8995886,Critical (>75%),90.0,0
838881,0,0.022447629,Low (<25%),2.2,0
838885,0,0.018183175,Low (<25%),1.8,0
838938,0,0.009971833,Low (<25%),1.0,0
838993,1,0.88780737,Critical (>75%),88.8,0
839115,0,0.058625296,Low (<25%),5.9,0
839132,0,0.0134738395,Low (<25%),1.3,0
839263,0,0.011382917,Low (<25%),1.1,0
839295,0,0.007136739,Low (<25%),0.7,0
839328,0,0.0014737002,Low (<25%),0.1,0
839356,0,0.0792786,Low (<25%),7.9,0
839362,0,0.0055380473,Low (<25%),0.6,0
839412,0,0.0730345,Low (<25%),7.3,0
839461,0,0.16314597,Low (<25%),16.3,0
839494,0,0.007658714,Low (<25%),0.8,0
839527,0,0.010448739,Low (<25%),1.0,0
839579,0,0.32475343,Medium (25-50%),32.5,0
839659,0,0.0055583185,Low (<25%),0.6,0
839694,0,0.012555953,Low (<25%),1.3,0
839748,0,0.012508645,Low (<25%),1.3,0
839967,0,0.0077878986,Low (<25%),0.8,0
840008,0,0.006444416,Low (<25%),0.6,0
840021,0,0.037611242,Low (<25%),3.8,0
840038,0,0.014660452,Low (<25%),1.5,0
840059,0,0.021966707,Low (<25%),2.2,0
840071,0,0.003060996,Low (<25%),0.3,0
840120,0,0.023236383,Low (<25%),2.3,0
840135,0,0.16723566,Low (<25%),16.7,0
840184,0,0.0048229904,Low (<25%),0.5,0
840262,0,0.015814256,Low (<25%),1.6,0
840326,0,0.0020077273,Low (<25%),0.2,0
840376,0,0.013128738,Low (<25%),1.3,0
840481,0,0.014447112,Low (<25%),1.4,0
840515,0,0.0031104484,Low (<25%),0.3,0
840667,0,0.007950061,Low (<25%),0.8,0
840741,1,0.90074456,Critical (>75%),90.1,0
840866,0,0.0015642436,Low (<25%),0.2,0
840882,0,0.05802656,Low (<25%),5.8,0
840984,0,0.03591067,Low (<25%),3.6,0
841204,0,0.015958022,Low (<25%),1.6,0
841219,0,0.011641983,Low (<25%),1.2,0
841249,0,0.0048847753,Low (<25%),0.5,0
841369,0,0.020436637,Low (<25%),2.0,0
841373,0,0.005631851,Low (<25%),0.6,0
841437,0,0.0029068429,Low (<25%),0.3,0
841456,0,0.024858149,Low (<25%),2.5,0
841631,0,0.1920774,Low (<25%),19.2,0
841636,0,0.004234566,Low (<25%),0.4,0
841674,0,0.0021804413,Low (<25%),0.2,0
841677,0,0.1613917,Low (<25%),16.1,0
841916,0,0.024650892,Low (<25%),2.5,0
841948,0,0.023979276,Low (<25%),2.4,0
842049,0,0.0009379444,Low (<25%),0.1,0
842054,0,0.014777769,Low (<25%),1.5,0
842066,0,0.0035922797,Low (<25%),0.4,0
842210,0,0.0037161505,Low (<25%),0.4,0
842236,0,0.0506017,Low (<25%),5.1,0
842279,0,0.06356339,Low (<25%),6.4,0
842390,0,0.018350821,Low (<25%),1.8,0
842405,0,0.037563678,Low (<25%),3.8,0
842527,0,0.20709532,Low (<25%),20.7,0
842582,0,0.0014918902,Low (<25%),0.1,0
842641,0,0.026973974,Low (<25%),2.7,0
842770,0,0.08371125,Low (<25%),8.4,0
842793,0,0.008210586,Low (<25%),0.8,0
842855,0,0.06419153,Low (<25%),6.4,0
842959,0,0.0051147263,Low (<25%),0.5,0
842982,0,0.015022183,Low (<25%),1.5,0
843037,0,0.016846295,Low (<25%),1.7,0
843101,0,0.07466057,Low (<25%),7.5,0
843158,0,0.0017610597,Low (<25%),0.2,0
843212,0,0.0017438642,Low (<25%),0.2,0
843233,0,0.017953897,Low (<25%),1.8,0
843642,0,0.042379614,Low (<25%),4.2,0
843665,0,0.004755173,Low (<25%),0.5,0
843672,0,0.012602893,Low (<25%),1.3,0
843836,0,0.098206826,Low (<25%),9.8,0
843919,1,0.8724934,Critical (>75%),87.2,0
843972,0,0.0025387348,Low (<25%),0.3,0
844125,0,0.0066053853,Low (<25%),0.7,0
844152,0,0.010694207,Low (<25%),1.1,0
844193,0,0.009064661,Low (<25%),0.9,0
844222,1,0.99836916,Critical (>75%),99.8,1
844348,0,0.0045945877,Low (<25%),0.5,0
844479,0,0.006955494,Low (<25%),0.7,0
844540,0,0.013344163,Low (<25%),1.3,0
844556,0,0.054625828,Low (<25%),5.5,0
844582,0,0.036048207,Low (<25%),3.6,0
844641,0,0.03976743,Low (<25%),4.0,0
844677,0,0.019090965,Low (<25%),1.9,0
844749,0,0.0012721306,Low (<25%),0.1,0
844834,0,0.0010828546,Low (<25%),0.1,0
844959,0,0.01228519,Low (<25%),1.2,0
845041,0,0.05121754,Low (<25%),5.1,0
845061,0,0.0011454964,Low (<25%),0.1,0
845176,0,0.012975466,Low (<25%),1.3,0
845180,0,0.12520906,Low (<25%),12.5,0
845227,0,0.0019036027,Low (<25%),0.2,0
845273,0,0.0060093235,Low (<25%),0.6,0
845275,0,0.04882487,Low (<25%),4.9,0
845319,0,0.028332002,Low (<25%),2.8,0
845435,0,0.004166155,Low (<25%),0.4,0
845488,0,0.22314017,Low (<25%),22.3,0
845580,0,0.008454105,Low (<25%),0.8,0
845684,0,0.006760197,Low (<25%),0.7,0
845699,0,0.0013066771,Low (<25%),0.1,0
845782,0,0.023317847,Low (<25%),2.3,0
845807,0,0.00429043,Low (<25%),0.4,0
845819,0,0.0020092307,Low (<25%),0.2,0
845864,0,0.0028849766,Low (<25%),0.3,0
845945,0,0.0035405532,Low (<25%),0.4,0
845947,0,0.043957803,Low (<25%),4.4,0
845994,0,0.0425802,Low (<25%),4.3,0
846046,0,0.101764485,Low (<25%),10.2,0
846055,0,0.0006188057,Low (<25%),0.1,0
846119,0,0.0073516183,Low (<25%),0.7,0
846125,0,0.0077716066,Low (<25%),0.8,0
846194,0,0.001477554,Low (<25%),0.1,0
846243,0,0.0062092287,Low (<25%),0.6,0
846277,0,0.0038077217,Low (<25%),0.4,0
846291,0,0.0009477048,Low (<25%),0.1,0
846313,0,0.029425832,Low (<25%),2.9,0
846374,0,0.009042134,Low (<25%),0.9,0
846458,0,0.0071237013,Low (<25%),0.7,0
846515,0,0.06419958,Low (<25%),6.4,0
846732,0,0.004126693,Low (<25%),0.4,0
846796,0,0.10476027,Low (<25%),10.5,0
846864,0,0.06718189,Low (<25%),6.7,0
846950,0,0.52870625,High (50-75%),52.9,0
846953,0,0.005716977,Low (<25%),0.6,0
847136,0,0.0994681,Low (<25%),9.9,0
847183,0,0.21048594,Low (<25%),21.0,0
847312,0,0.0042232275,Low (<25%),0.4,0
847357,0,0.00878823,Low (<25%),0.9,0
847359,0,0.009243592,Low (<25%),0.9,0
847502,1,0.98905283,Critical (>75%),98.9,1
847559,0,0.005850626,Low (<25%),0.6,0
847579,0,0.07053123,Low (<25%),7.1,0
847601,0,0.026704447,Low (<25%),2.7,0
847609,0,0.012268207,Low (<25%),1.2,0
847724,0,0.0093005225,Low (<25%),0.9,0
847771,0,0.07980897,Low (<25%),8.0,0
847772,0,0.015356752,Low (<25%),1.5,0
848003,0,0.028138373,Low (<25%),2.8,0
848159,0,0.0009057446,Low (<25%),0.1,0
848185,0,0.005017054,Low (<25%),0.5,0
848248,0,0.011197,Low (<25%),1.1,0
848250,0,0.02017218,Low (<25%),2.0,0
848562,0,0.0019545485,Low (<25%),0.2,0
848615,0,0.042017374,Low (<25%),4.2,0
848632,0,0.025190754,Low (<25%),2.5,0
848694,1,0.98727417,Critical (>75%),98.7,1
848736,0,0.06866704,Low (<25%),6.9,0
848804,0,0.01889018,Low (<25%),1.9,0
848973,0,0.022010477,Low (<25%),2.2,0
848998,0,0.0031407333,Low (<25%),0.3,0
849105,0,0.0059932442,Low (<25%),0.6,0
849178,0,0.06718296,Low (<25%),6.7,0
849298,0,0.0031151907,Low (<25%),0.3,0
849330,0,0.020270778,Low (<25%),2.0,0
849415,0,0.017895106,Low (<25%),1.8,0
849425,0,0.003980311,Low (<25%),0.4,0
849510,0,0.012384765,Low (<25%),1.2,0
849549,0,0.013235302,Low (<25%),1.3,0
849587,0,0.0017030792,Low (<25%),0.2,0
849589,0,0.029069746,Low (<25%),2.9,0
849705,0,0.030676084,Low (<25%),3.1,0
849884,0,0.0012849083,Low (<25%),0.1,0
850034,0,0.005045756,Low (<25%),0.5,0
850092,0,0.003289563,Low (<25%),0.3,0
850123,0,0.00080078834,Low (<25%),0.1,0
850170,1,0.92698693,Critical (>75%),92.7,0
850245,0,0.17609426,Low (<25%),17.6,0
850359,0,0.05802591,Low (<25%),5.8,0
850414,0,0.049220037,Low (<25%),4.9,0
850418,0,0.007831695,Low (<25%),0.8,0
850694,0,0.030971827,Low (<25%),3.1,0
850721,0,0.0346479,Low (<25%),3.5,0
850821,0,0.0662292,Low (<25%),6.6,0
850828,0,0.0053146626,Low (<25%),0.5,0
850953,0,0.0762108,Low (<25%),7.6,0
851130,0,0.033982005,Low (<25%),3.4,0
851231,0,0.027542727,Low (<25%),2.8,0
851255,0,0.011726512,Low (<25%),1.2,0
851390,0,0.00019682343,Low (<25%),0.0,0
851421,0,0.0019736737,Low (<25%),0.2,0
851499,0,0.00028638297,Low (<25%),0.0,0
851549,0,0.004041372,Low (<25%),0.4,0
851562,0,0.0099555,Low (<25%),1.0,0
851563,0,0.0007606293,Low (<25%),0.1,0
851830,0,0.066629924,Low (<25%),6.7,0
851836,0,0.0014623299,Low (<25%),0.1,0
851871,0,0.0036809929,Low (<25%),0.4,0
851901,0,0.0031084055,Low (<25%),0.3,0
851931,0,0.06626607,Low (<25%),6.6,0
851981,0,0.012068245,Low (<25%),1.2,0
851982,0,0.014527146,Low (<25%),1.5,0
851986,0,0.0015464557,Low (<25%),0.2,0
852006,0,0.0032797577,Low (<25%),0.3,0
852094,0,0.0058118757,Low (<25%),0.6,0
852253,0,0.008732893,Low (<25%),0.9,0
852310,0,0.0060811327,Low (<25%),0.6,0
852323,0,0.0028151441,Low (<25%),0.3,0
852392,0,0.062019892,Low (<25%),6.2,0
852394,0,0.0026226656,Low (<25%),0.3,0
852520,0,0.009407118,Low (<25%),0.9,0
852571,0,0.026333794,Low (<25%),2.6,0
852573,0,0.027303027,Low (<25%),2.7,0
852597,0,0.006603502,Low (<25%),0.7,0
852855,0,0.034111343,Low (<25%),3.4,0
852863,0,0.0011171874,Low (<25%),0.1,0
852995,0,0.11338049,Low (<25%),11.3,0
853039,0,0.031839427,Low (<25%),3.2,0
853272,0,0.029584063,Low (<25%),3.0,0
853417,0,0.0151544865,Low (<25%),1.5,0
853421,0,0.11113544,Low (<25%),11.1,0
853438,0,0.02666051,Low (<25%),2.7,0
853540,0,0.026679894,Low (<25%),2.7,0
853565,1,0.98929495,Critical (>75%),98.9,1
853603,0,0.1936464,Low (<25%),19.4,0
853608,0,0.009056522,Low (<25%),0.9,0
853641,0,0.008310806,Low (<25%),0.8,0
853704,0,0.0068150633,Low (<25%),0.7,0
853826,0,0.012243512,Low (<25%),1.2,0
853871,0,0.021091914,Low (<25%),2.1,0
853894,0,0.064368285,Low (<25%),6.4,0
853957,0,0.024706397,Low (<25%),2.5,0
854077,0,0.009303563,Low (<25%),0.9,0
854243,0,0.032959614,Low (<25%),3.3,0
854249,0,0.030947702,Low (<25%),3.1,0
854610,0,0.006501325,Low (<25%),0.7,0
854704,0,0.026020769,Low (<25%),2.6,0
854709,0,0.007880695,Low (<25%),0.8,0
854812,0,0.006624599,Low (<25%),0.7,0
854831,0,0.036370214,Low (<25%),3.6,0
854884,0,0.016824204,Low (<25%),1.7,0
854902,0,0.0049902117,Low (<25%),0.5,0
854969,0,0.00018350073,Low (<25%),0.0,0
854998,0,0.0051200213,Low (<25%),0.5,0
855007,0,0.0683735,Low (<25%),6.8,0
855026,0,0.004706326,Low (<25%),0.5,0
855050,0,0.25234628,Medium (25-50%),25.2,0
855190,0,0.0032036053,Low (<25%),0.3,0
855198,0,0.00043562308,Low (<25%),0.0,0
855261,0,0.010207816,Low (<25%),1.0,0
855372,0,0.011735715,Low (<25%),1.2,0
855381,1,0.9882669,Critical (>75%),98.8,1
855383,0,0.009796093,Low (<25%),1.0,0
855384,0,0.009516111,Low (<25%),1.0,0
855394,0,0.013974968,Low (<25%),1.4,0
855400,0,0.03794314,Low (<25%),3.8,0
855451,0,0.04182323,Low (<25%),4.2,0
855506,0,0.02082006,Low (<25%),2.1,0
855530,0,0.00080287666,Low (<25%),0.1,0
855559,0,0.062631205,Low (<25%),6.3,0
855602,0,0.0062092994,Low (<25%),0.6,0
855635,0,0.0059347083,Low (<25%),0.6,0
855721,0,0.01148991,Low (<25%),1.1,0
855883,0,0.009133385,Low (<25%),0.9,0
855922,0,0.062351342,Low (<25%),6.2,0
855998,0,0.47865966,Medium (25-50%),47.9,0
856074,0,0.008368126,Low (<25%),0.8,0
856229,0,0.061137352,Low (<25%),6.1,0
856348,0,0.0067915106,Low (<25%),0.7,0
856364,0,0.010489581,Low (<25%),1.0,0
856406,0,0.0058170194,Low (<25%),0.6,0
856502,0,0.002923265,Low (<25%),0.3,0
856609,0,0.040160865,Low (<25%),4.0,0
856654,0,0.015343749,Low (<25%),1.5,0
856667,0,0.008236175,Low (<25%),0.8,0
856705,0,0.010252419,Low (<25%),1.0,0
856782,0,0.0063002794,Low (<25%),0.6,0
856818,0,0.0066589094,Low (<25%),0.7,0
856830,0,0.013158308,Low (<25%),1.3,0
856942,0,0.0030289995,Low (<25%),0.3,0
857159,0,0.010447561,Low (<25%),1.0,0
857161,1,0.9095366,Critical (>75%),91.0,0
857247,0,0.050615467,Low (<25%),5.1,0
857292,0,0.01020403,Low (<25%),1.0,0
857353,0,0.0050246674,Low (<25%),0.5,0
857481,0,0.025309617,Low (<25%),2.5,0
857497,0,0.017302828,Low (<25%),1.7,0
857516,0,0.010153355,Low (<25%),1.0,0
857538,0,0.0016279977,Low (<25%),0.2,0
857619,0,0.24867271,Low (<25%),24.9,0
857629,0,0.009904552,Low (<25%),1.0,0
857682,0,0.005819714,Low (<25%),0.6,0
857708,0,0.005780679,Low (<25%),0.6,0
857814,0,0.012333654,Low (<25%),1.2,0
857878,0,0.006964013,Low (<25%),0.7,0
857912,0,0.0037366413,Low (<25%),0.4,0
857914,0,0.021382265,Low (<25%),2.1,0
857942,0,0.014611592,Low (<25%),1.5,0
857946,0,0.00450605,Low (<25%),0.5,0
857971,0,0.018818535,Low (<25%),1.9,0
858013,0,0.36472043,Medium (25-50%),36.5,0
858106,0,0.08086349,Low (<25%),8.1,0
858196,0,0.048383404,Low (<25%),4.8,0
858266,0,0.006869976,Low (<25%),0.7,0
858294,0,0.009412803,Low (<25%),0.9,0
858341,0,0.019084845,Low (<25%),1.9,0
858352,0,0.062726885,Low (<25%),6.3,0
858417,0,0.0031022779,Low (<25%),0.3,0
858445,0,0.011516706,Low (<25%),1.2,0
858453,0,0.0009023538,Low (<25%),0.1,0
858557,0,0.002566913,Low (<25%),0.3,0
858563,0,0.0064960974,Low (<25%),0.6,0
858626,0,0.0014660073,Low (<25%),0.1,0
858667,0,0.015615207,Low (<25%),1.6,0
858669,0,0.09440071,Low (<25%),9.4,0
858674,0,0.005286404,Low (<25%),0.5,0
858802,0,0.03970411,Low (<25%),4.0,0
858817,0,0.28572994,Medium (25-50%),28.6,0
858957,0,0.021612676,Low (<25%),2.2,0
858961,0,0.105895996,Low (<25%),10.6,0
859176,0,0.0017387567,Low (<25%),0.2,0
859258,0,0.14787148,Low (<25%),14.8,0
859343,1,0.9991616,Critical (>75%),99.9,1
859508,0,0.26161966,Medium (25-50%),26.2,0
859516,0,0.013885902,Low (<25%),1.4,0
859549,0,0.0116483215,Low (<25%),1.2,0
859553,0,0.09961968,Low (<25%),10.0,0
859730,0,0.005944475,Low (<25%),0.6,0
859821,0,0.018902954,Low (<25%),1.9,0
859871,0,0.084829696,Low (<25%),8.5,0
859957,0,0.0136083495,Low (<25%),1.4,0
859972,0,0.0011963614,Low (<25%),0.1,0
860017,0,0.001680697,Low (<25%),0.2,0
860032,0,0.0006847183,Low (<25%),0.1,0
860099,0,0.20838876,Low (<25%),20.8,0
860172,0,0.012254907,Low (<25%),1.2,0
860206,0,0.15076168,Low (<25%),15.1,0
860602,0,0.017691877,Low (<25%),1.8,0
860657,0,0.004216032,Low (<25%),0.4,0
860684,0,0.010963688,Low (<25%),1.1,0
860724,0,0.08910005,Low (<25%),8.9,0
860809,0,0.0623703,Low (<25%),6.2,0
860848,0,0.016450714,Low (<25%),1.6,0
860980,0,0.01556963,Low (<25%),1.6,0
861058,0,0.000229785,Low (<25%),0.0,0
861079,0,0.57450235,High (50-75%),57.5,0
861095,0,0.038489044,Low (<25%),3.8,0
861162,0,0.012137355,Low (<25%),1.2,0
861191,0,0.10699542,Low (<25%),10.7,0
861330,0,0.00607293,Low (<25%),0.6,0
861336,0,0.008650325,Low (<25%),0.9,0
861415,0,0.019470599,Low (<25%),1.9,0
861470,0,0.13411593,Low (<25%),13.4,0
861558,0,0.0027058765,Low (<25%),0.3,0
861669,0,0.00779432,Low (<25%),0.8,0
861696,0,0.00691163,Low (<25%),0.7,0
861700,0,0.04529841,Low (<25%),4.5,0
861877,0,0.02222376,Low (<25%),2.2,0
861879,1,0.97973835,Critical (>75%),98.0,1
861924,0,0.0029732946,Low (<25%),0.3,0
862096,0,0.051284213,Low (<25%),5.1,0
862100,0,0.004122576,Low (<25%),0.4,0
862159,0,0.08239417,Low (<25%),8.2,0
862212,0,0.021189217,Low (<25%),2.1,0
862258,0,0.009256667,Low (<25%),0.9,0
862576,0,0.008656887,Low (<25%),0.9,0
862659,1,0.9130747,Critical (>75%),91.3,0
862932,0,0.30738524,Medium (25-50%),30.7,0
862979,0,0.011378389,Low (<25%),1.1,0
863019,0,0.0111511415,Low (<25%),1.1,0
863035,0,0.037022144,Low (<25%),3.7,0
863070,0,0.0016519411,Low (<25%),0.2,0
863093,0,0.0019461819,Low (<25%),0.2,0
863108,0,0.023400528,Low (<25%),2.3,0
863122,0,0.0007043167,Low (<25%),0.1,0
863219,0,0.0034817196,Low (<25%),0.3,0
863223,0,0.0009104021,Low (<25%),0.1,0
863259,0,0.026286393,Low (<25%),2.6,0
863262,0,0.008463959,Low (<25%),0.8,0
863349,0,0.005831227,Low (<25%),0.6,0
863384,0,0.022052601,Low (<25%),2.2,0
863432,0,0.0063603995,Low (<25%),0.6,0
863459,0,0.012664937,Low (<25%),1.3,0
863516,0,0.002910361,Low (<25%),0.3,0
863599,0,0.01599338,Low (<25%),1.6,0
863626,0,0.05169154,Low (<25%),5.2,0
863744,0,0.008743008,Low (<25%),0.9,0
863751,0,0.0056536184,Low (<25%),0.6,0
863809,0,0.0120255165,Low (<25%),1.2,0
863884,0,0.25683764,Medium (25-50%),25.7,0
864084,0,0.038843058,Low (<25%),3.9,0
864128,0,0.002719005,Low (<25%),0.3,0
864161,0,0.011718561,Low (<25%),1.2,0
864288,0,0.00038226368,Low (<25%),0.0,0
864318,0,0.013398987,Low (<25%),1.3,0
864327,0,0.007122194,Low (<25%),0.7,0
864456,0,0.06605372,Low (<25%),6.6,0
864485,0,0.038611826,Low (<25%),3.9,0
864806,0,0.0042198556,Low (<25%),0.4,0
864967,0,0.064675406,Low (<25%),6.5,0
865066,0,0.30701354,Medium (25-50%),30.7,0
865198,0,0.012758683,Low (<25%),1.3,0
865401,0,0.0012956015,Low (<25%),0.1,0
865406,0,0.023968799,Low (<25%),2.4,0
865429,0,0.0006583378,Low (<25%),0.1,0
865654,1,0.99718493,Critical (>75%),99.7,1
865727,0,0.08889278,Low (<25%),8.9,0
865737,0,0.0034344199,Low (<25%),0.3,0
865759,0,0.008450656,Low (<25%),0.8,0
865803,0,0.013250543,Low (<25%),1.3,0
865855,0,0.003027576,Low (<25%),0.3,0
865977,0,0.016567418,Low (<25%),1.7,0
866073,0,0.007985958,Low (<25%),0.8,0
866168,0,0.004349587,Low (<25%),0.4,0
866242,0,0.056616172,Low (<25%),5.7,0
866295,1,0.9229418,Critical (>75%),92.3,0
866302,0,0.0096454695,Low (<25%),1.0,0
866307,0,0.0039558336,Low (<25%),0.4,0
866403,0,0.010821577,Low (<25%),1.1,0
866455,0,0.007648787,Low (<25%),0.8,0
866501,0,0.004162015,Low (<25%),0.4,0
866604,0,0.018057276,Low (<25%),1.8,0
866606,0,0.0013145643,Low (<25%),0.1,0
866701,0,0.03760477,Low (<25%),3.8,0
866983,0,0.007761168,Low (<25%),0.8,0
866995,0,0.060200907,Low (<25%),6.0,0
867056,0,0.017670939,Low (<25%),1.8,0
867070,0,0.050745018,Low (<25%),5.1,0
867112,0,0.057139847,Low (<25%),5.7,0
867289,0,0.043659363,Low (<25%),4.4,0
867301,0,0.0078342175,Low (<25%),0.8,0
867327,0,0.015903741,Low (<25%),1.6,0
867446,0,0.87271917,Critical (>75%),87.3,0
867472,0,0.012831515,Low (<25%),1.3,0
867532,0,0.10063103,Low (<25%),10.1,0
867624,0,0.09068353,Low (<25%),9.1,0
867757,0,0.019022627,Low (<25%),1.9,0
867780,0,0.0020715473,Low (<25%),0.2,0
867801,0,0.06363481,Low (<25%),6.4,0
867833,0,0.0097388085,Low (<25%),1.0,0
867840,0,0.0065644486,Low (<25%),0.7,0
868037,0,0.001011683,Low (<25%),0.1,0
868152,0,0.0044029905,Low (<25%),0.4,0
868154,0,0.0013134786,Low (<25%),0.1,0
868161,0,0.008166693,Low (<25%),0.8,0
868230,0,0.0029599876,Low (<25%),0.3,0
868250,0,0.020472636,Low (<25%),2.0,0
868568,0,0.0033654736,Low (<25%),0.3,0
868659,0,0.0016449819,Low (<25%),0.2,0
868719,0,0.004629762,Low (<25%),0.5,0
868744,0,0.013193226,Low (<25%),1.3,0
868767,0,0.031871293,Low (<25%),3.2,0
868830,1,0.9658716,Critical (>75%),96.6,1
868912,0,0.0046249414,Low (<25%),0.5,0
868926,0,0.20426898,Low (<25%),20.4,0
869116,0,0.04731854,Low (<25%),4.7,0
869133,0,0.006672947,Low (<25%),0.7,0
869164,0,0.002562657,Low (<25%),0.3,0
869190,0,0.0052851057,Low (<25%),0.5,0
869226,0,0.009172672,Low (<25%),0.9,0
869265,0,0.016975455,Low (<25%),1.7,0
869276,0,0.00071012706,Low (<25%),0.1,0
869283,0,0.1086584,Low (<25%),10.9,0
869284,0,0.0011595092,Low (<25%),0.1,0
869471,0,0.015045109,Low (<25%),1.5,0
869504,0,0.0018222695,Low (<25%),0.2,0
869672,0,0.0028031147,Low (<25%),0.3,0
869743,1,0.99960274,Critical (>75%),100.0,1
869799,0,0.0069470378,Low (<25%),0.7,0
869804,0,0.022573205,Low (<25%),2.3,0
869971,0,0.03015419,Low (<25%),3.0,0
870022,0,0.17721605,Low (<25%),17.7,0
870039,0,0.0035345946,Low (<25%),0.4,0
870045,0,0.02183544,Low (<25%),2.2,0
870120,0,0.0016019265,Low (<25%),0.2,0
870169,0,0.0012986752,Low (<25%),0.1,0
870203,0,0.0013885351,Low (<25%),0.1,0
870522,0,0.032135498,Low (<25%),3.2,0
870574,0,0.027276665,Low (<25%),2.7,0
870687,0,0.005447071,Low (<25%),0.5,0
870764,0,0.088111565,Low (<25%),8.8,0
870857,0,0.00067461916,Low (<25%),0.1,0
870998,0,0.03844049,Low (<25%),3.8,0
871022,0,0.10362377,Low (<25%),10.4,0
871045,0,0.0177337,Low (<25%),1.8,0
871074,0,0.00728518,Low (<25%),0.7,0
871094,0,0.008853948,Low (<25%),0.9,0
871124,0,0.48626557,Medium (25-50%),48.6,0
871145,0,0.0036105216,Low (<25%),0.4,0
871188,0,0.06946281,Low (<25%),6.9,0
871203,0,0.056174807,Low (<25%),5.6,0
871206,0,0.016676154,Low (<25%),1.7,0
871219,0,0.0018730698,Low (<25%),0.2,0
871287,0,0.021069193,Low (<25%),2.1,0
871380,0,0.11807989,Low (<25%),11.8,0
871445,0,0.01420438,Low (<25%),1.4,0
871606,0,0.15781926,Low (<25%),15.8,0
871627,0,0.38027695,Medium (25-50%),38.0,0
871972,0,0.004724576,Low (<25%),0.5,0
871980,0,0.010537987,Low (<25%),1.1,0
872069,1,0.9390413,Critical (>75%),93.9,1
872079,0,0.14386831,Low (<25%),14.4,0
872234,0,0.002432979,Low (<25%),0.2,0
872335,0,0.021046069,Low (<25%),2.1,0
872676,0,0.0021271422,Low (<25%),0.2,0
872774,0,0.037976574,Low (<25%),3.8,0
872814,0,0.0016842225,Low (<25%),0.2,0
872932,0,0.04181893,Low (<25%),4.2,0
872946,0,0.0076732635,Low (<25%),0.8,0
873022,1,0.9913784,Critical (>75%),99.1,1
873045,0,0.018728387,Low (<25%),1.9,0
873116,0,0.04400455,Low (<25%),4.4,0
873169,0,0.0022953083,Low (<25%),0.2,0
873177,0,0.007191844,Low (<25%),0.7,0
873180,0,0.028427161,Low (<25%),2.8,0
873297,1,0.94211376,Critical (>75%),94.2,1
873415,0,0.0017163171,Low (<25%),0.2,0
873436,0,0.007008662,Low (<25%),0.7,0
873458,0,0.021390332,Low (<25%),2.1,0
873468,0,0.018613037,Low (<25%),1.9,0
873488,0,0.0026078322,Low (<25%),0.3,0
873498,0,0.021178095,Low (<25%),2.1,0
873551,0,0.001976232,Low (<25%),0.2,0
873579,0,0.0016147123,Low (<25%),0.2,0
873886,0,0.0024701827,Low (<25%),0.2,0
873945,0,0.005262939,Low (<25%),0.5,0
873965,1,0.9903922,Critical (>75%),99.0,1
873977,0,0.0047023767,Low (<25%),0.5,0
874035,0,0.06822824,Low (<25%),6.8,0
874044,0,0.010077763,Low (<25%),1.0,0
874104,0,0.0049945936,Low (<25%),0.5,0
874161,0,0.00041725568,Low (<25%),0.0,0
874184,0,0.0077029075,Low (<25%),0.8,0
874267,0,0.018759724,Low (<25%),1.9,0
874336,0,0.0030391077,Low (<25%),0.3,0
874374,0,0.011151361,Low (<25%),1.1,0
874415,0,0.0019265264,Low (<25%),0.2,0
874589,1,0.9927366,Critical (>75%),99.3,1
874612,1,0.9965796,Critical (>75%),99.7,1
874614,0,0.016514758,Low (<25%),1.7,0
874780,0,0.010969857,Low (<25%),1.1,0
874842,0,0.06660137,Low (<25%),6.7,0
874876,0,0.038401093,Low (<25%),3.8,0
874939,0,0.00044742055,Low (<25%),0.0,0
874984,0,0.0799281,Low (<25%),8.0,0
875086,0,0.05752177,Low (<25%),5.8,0
875232,1,0.8868707,Critical (>75%),88.7,0
875473,0,0.038566403,Low (<25%),3.9,0
875483,0,0.023749512,Low (<25%),2.4,0
875485,1,0.9838716,Critical (>75%),98.4,1
875560,0,0.0009580545,Low (<25%),0.1,0
875657,0,0.009152703,Low (<25%),0.9,0
875707,0,0.06500416,Low (<25%),6.5,0
875796,0,0.116055824,Low (<25%),11.6,0
875819,0,0.005644825,Low (<25%),0.6,0
876006,0,0.052796766,Low (<25%),5.3,0
876057,0,0.010452501,Low (<25%),1.0,0
876062,0,0.0030291942,Low (<25%),0.3,0
876083,0,0.011062276,Low (<25%),1.1,0
876207,0,0.051047117,Low (<25%),5.1,0
876232,0,0.012595964,Low (<25%),1.3,0
876254,0,0.23111303,Low (<25%),23.1,0
876269,0,0.03641415,Low (<25%),3.6,0
876319,0,0.0030594962,Low (<25%),0.3,0
876326,0,0.029150385,Low (<25%),2.9,0
876409,0,0.0021771248,Low (<25%),0.2,0
876426,0,0.0030969414,Low (<25%),0.3,0
876538,0,0.03335195,Low (<25%),3.3,0
876569,0,0.0308206,Low (<25%),3.1,0
876755,0,0.007965608,Low (<25%),0.8,0
876757,0,0.2693645,Medium (25-50%),26.9,0
876850,0,0.027204575,Low (<25%),2.7,0
877008,0,0.0004462964,Low (<25%),0.0,0
877101,0,0.06011236,Low (<25%),6.0,0
877124,0,0.043647718,Low (<25%),4.4,0
877242,0,0.031522706,Low (<25%),3.2,0
877251,0,0.001229574,Low (<25%),0.1,0
877352,1,0.9993148,Critical (>75%),99.9,1
877384,0,0.005708283,Low (<25%),0.6,0
877419,1,0.96294934,Critical (>75%),96.3,1
877488,0,0.0034620098,Low (<25%),0.3,0
877595,0,0.016863609,Low (<25%),1.7,0
877603,0,0.0012667689,Low (<25%),0.1,0
877609,0,0.007964104,Low (<25%),0.8,0
877630,0,0.031848636,Low (<25%),3.2,0
877654,0,0.011392354,Low (<25%),1.1,0
877730,0,0.061772298,Low (<25%),6.2,0
877945,0,0.007496668,Low (<25%),0.7,0
878240,0,0.004385277,Low (<25%),0.4,0
878281,0,0.007759508,Low (<25%),0.8,0
878284,0,0.0052642743,Low (<25%),0.5,0
878388,0,0.019934047,Low (<25%),2.0,0
878510,1,0.9918671,Critical (>75%),99.2,1
878568,0,0.008588477,Low (<25%),0.9,0
878575,0,0.0043313354,Low (<25%),0.4,0
878582,0,0.0039028598,Low (<25%),0.4,0
878633,0,0.023099408,Low (<25%),2.3,0
878653,0,0.00986651,Low (<25%),1.0,0
878909,0,0.0051803146,Low (<25%),0.5,0
879036,0,0.0016690913,Low (<25%),0.2,0
879177,0,0.045054812,Low (<25%),4.5,0
879185,0,0.02094209,Low (<25%),2.1,0
879265,0,0.03299049,Low (<25%),3.3,0
879462,0,0.006972658,Low (<25%),0.7,0
879506,0,0.006662945,Low (<25%),0.7,0
879542,0,0.017055154,Low (<25%),1.7,0
879601,0,0.03632835,Low (<25%),3.6,0
879787,0,0.0026347346,Low (<25%),0.3,0
879844,0,0.057815906,Low (<25%),5.8,0
879892,0,0.009944312,Low (<25%),1.0,0
879904,0,0.006673165,Low (<25%),0.7,0
879964,0,0.0017802962,Low (<25%),0.2,0
880033,0,0.010797023,Low (<25%),1.1,0
880065,0,0.0014224477,Low (<25%),0.1,0
880205,0,0.0725522,Low (<25%),7.3,0
880406,0,0.0051054563,Low (<25%),0.5,0
880436,0,0.003969733,Low (<25%),0.4,0
880505,0,0.023591444,Low (<25%),2.4,0
880619,0,0.50372756,High (50-75%),50.4,0
880681,0,0.00016726872,Low (<25%),0.0,0
880709,0,0.16569956,Low (<25%),16.6,0
880740,0,0.11490774,Low (<25%),11.5,0
880805,0,0.025577879,Low (<25%),2.6,0
880849,0,0.009142935,Low (<25%),0.9,0
880948,0,0.021135908,Low (<25%),2.1,0
881000,0,0.70876336,High (50-75%),70.9,0
881001,0,0.03450185,Low (<25%),3.5,0
881156,0,0.0027188512,Low (<25%),0.3,0
881157,0,0.019329619,Low (<25%),1.9,0
881198,0,0.0026346908,Low (<25%),0.3,0
881304,0,0.008277389,Low (<25%),0.8,0
881362,0,0.1831335,Low (<25%),18.3,0
881413,0,0.0006285812,Low (<25%),0.1,0
881584,0,0.0004988653,Low (<25%),0.0,0
881628,1,0.87254053,Critical (>75%),87.3,0
881749,0,0.0059798965,Low (<25%),0.6,0
881818,0,0.13731821,Low (<25%),13.7,0
881828,0,0.023030085,Low (<25%),2.3,0
881846,0,0.011406477,Low (<25%),1.1,0
881943,0,0.09496589,Low (<25%),9.5,0
881983,0,0.039145492,Low (<25%),3.9,0
882025,0,0.007425181,Low (<25%),0.7,0
882044,0,0.014332483,Low (<25%),1.4,0
882353,0,0.0051079635,Low (<25%),0.5,0
882409,0,0.004683592,Low (<25%),0.5,0
882466,0,0.17278288,Low (<25%),17.3,0
882544,0,0.008544589,Low (<25%),0.9,0
882590,0,0.001206218,Low (<25%),0.1,0
882718,0,0.15649745,Low (<25%),15.6,0
882725,0,0.011232156,Low (<25%),1.1,0
882911,0,0.03949676,Low (<25%),3.9,0
883002,0,0.02337323,Low (<25%),2.3,0
883055,0,0.0062810536,Low (<25%),0.6,0
883065,0,0.011675933,Low (<25%),1.2,0
883155,0,0.005433361,Low (<25%),0.5,0
883174,0,0.014453788,Low (<25%),1.4,0
883212,0,0.054893415,Low (<25%),5.5,0
883230,0,0.018329212,Low (<25%),1.8,0
883255,0,0.020909313,Low (<25%),2.1,0
883376,0,0.0011514291,Low (<25%),0.1,0
883468,1,0.99809486,Critical (>75%),99.8,1
883489,0,0.5754859,High (50-75%),57.5,0
883505,0,0.02434606,Low (<25%),2.4,0
883574,0,0.04816987,Low (<25%),4.8,0
883660,0,0.13293974,Low (<25%),13.3,0
883702,0,0.020958595,Low (<25%),2.1,0
883755,0,0.1006386,Low (<25%),10.1,0
883773,0,0.49044618,Medium (25-50%),49.0,0
883816,0,0.28497902,Medium (25-50%),28.5,0
883841,0,0.10508276,Low (<25%),10.5,0
883852,0,0.014099262,Low (<25%),1.4,0
883963,0,0.0033392468,Low (<25%),0.3,0
883968,0,0.002122051,Low (<25%),0.2,0
884040,0,0.005386057,Low (<25%),0.5,0
884062,0,0.026802793,Low (<25%),2.7,0
884088,0,0.020732572,Low (<25%),2.1,0
884089,0,0.0053252396,Low (<25%),0.5,0
884433,0,0.0073697804,Low (<25%),0.7,0
884505,0,0.004487641,Low (<25%),0.4,0
884522,0,0.10729757,Low (<25%),10.7,0
884691,0,0.009329952,Low (<25%),0.9,0
884708,0,0.00915154,Low (<25%),0.9,0
884844,0,0.04989456,Low (<25%),5.0,0
884875,0,0.06254405,Low (<25%),6.3,0
884909,0,0.0013912361,Low (<25%),0.1,0
885007,0,0.02195026,Low (<25%),2.2,0
885176,0,0.21129712,Low (<25%),21.1,0
885274,0,0.012482256,Low (<25%),1.2,0
885474,0,0.041958425,Low (<25%),4.2,0
885480,0,0.016435616,Low (<25%),1.6,0
885497,0,0.03215994,Low (<25%),3.2,0
885682,0,0.17292956,Low (<25%),17.3,0
885723,0,0.007845931,Low (<25%),0.8,0
885739,0,0.0031154973,Low (<25%),0.3,0
885763,0,0.04568005,Low (<25%),4.6,0
885848,0,0.04638057,Low (<25%),4.6,0
885871,0,0.0034510642,Low (<25%),0.3,0
885888,0,0.002409532,Low (<25%),0.2,0
885933,0,0.25949696,Medium (25-50%),25.9,0
886086,0,0.028970743,Low (<25%),2.9,0
886127,0,0.04070983,Low (<25%),4.1,0
886299,0,0.14967494,Low (<25%),15.0,0
886439,0,0.0045293453,Low (<25%),0.5,0
886677,0,0.0017454262,Low (<25%),0.2,0
886764,0,0.21679683,Low (<25%),21.7,0
886876,0,0.03942948,Low (<25%),3.9,0
887117,0,0.014515717,Low (<25%),1.5,0
887209,0,0.017648464,Low (<25%),1.8,0
887228,0,0.0048247348,Low (<25%),0.5,0
887266,0,0.002210219,Low (<25%),0.2,0
887328,0,9.772528e-05,Low (<25%),0.0,0
887464,0,0.33648443,Medium (25-50%),33.6,0
887511,0,0.105699465,Low (<25%),10.6,0
887609,0,0.0046461155,Low (<25%),0.5,0
887730,0,0.0015954595,Low (<25%),0.2,0
887748,0,0.0016359665,Low (<25%),0.2,0
887892,0,0.0023482118,Low (<25%),0.2,0
887995,0,0.025101764,Low (<25%),2.5,0
888049,0,0.016480159,Low (<25%),1.6,0
888115,0,0.007469518,Low (<25%),0.7,0
888131,0,0.40194505,Medium (25-50%),40.2,0
888291,0,0.004489207,Low (<25%),0.4,0
888297,0,0.023584904,Low (<25%),2.4,0
888357,0,0.0076599102,Low (<25%),0.8,0
888417,0,0.014099534,Low (<25%),1.4,0
888430,0,0.034116723,Low (<25%),3.4,0
888506,0,0.006379797,Low (<25%),0.6,0
888649,0,0.0848094,Low (<25%),8.5,0
889061,0,0.0018494698,Low (<25%),0.2,0
889501,1,0.89439917,Critical (>75%),89.4,0
889569,0,0.017651267,Low (<25%),1.8,0
889671,0,0.009303185,Low (<25%),0.9,0
889687,0,0.0017751235,Low (<25%),0.2,0
889697,0,0.008633316,Low (<25%),0.9,0
889786,0,0.0100617595,Low (<25%),1.0,0
889796,0,0.028278368,Low (<25%),2.8,0
890051,0,0.03300673,Low (<25%),3.3,0
890232,1,0.9962643,Critical (>75%),99.6,1
890395,0,0.0029081244,Low (<25%),0.3,0
890404,0,0.08910566,Low (<25%),8.9,0
890437,0,0.027066559,Low (<25%),2.7,0
890447,0,0.036248613,Low (<25%),3.6,0
890543,0,0.0023038052,Low (<25%),0.2,0
890595,0,0.004903474,Low (<25%),0.5,0
890617,0,0.01544292,Low (<25%),1.5,0
890646,0,0.19054027,Low (<25%),19.1,0
890673,0,0.40432608,Medium (25-50%),40.4,0
890702,0,0.019748136,Low (<25%),2.0,0
890753,0,0.07556592,Low (<25%),7.6,0
890936,0,0.00844397,Low (<25%),0.8,0
891012,0,0.010719643,Low (<25%),1.1,0
891046,0,0.01237078,Low (<25%),1.2,0
891097,0,0.001011444,Low (<25%),0.1,0
891128,0,0.0043884055,Low (<25%),0.4,0
891179,0,0.01739294,Low (<25%),1.7,0
891237,0,0.0090521965,Low (<25%),0.9,0
891335,0,0.03371889,Low (<25%),3.4,0
891413,0,0.01230151,Low (<25%),1.2,0
891604,0,0.011118075,Low (<25%),1.1,0
891647,0,0.1287715,Low (<25%),12.9,0
891696,0,0.025006946,Low (<25%),2.5,0
891727,0,0.09345202,Low (<25%),9.3,0
891790,0,0.0019865145,Low (<25%),0.2,0
891810,0,0.001992595,Low (<25%),0.2,0
891903,0,0.033279832,Low (<25%),3.3,0
891931,0,0.02150759,Low (<25%),2.2,0
892022,0,0.01012306,Low (<25%),1.0,0
892068,0,0.0031482084,Low (<25%),0.3,0
892079,0,0.019219954,Low (<25%),1.9,0
892199,0,0.37227342,Medium (25-50%),37.2,0
892219,0,0.001681939,Low (<25%),0.2,0
892258,0,0.0068751182,Low (<25%),0.7,0
892502,0,0.006390031,Low (<25%),0.6,0
892616,0,0.020174297,Low (<25%),2.0,0
892632,0,0.0013313137,Low (<25%),0.1,0
892701,0,0.015384825,Low (<25%),1.5,0
892723,0,0.014431811,Low (<25%),1.4,0
892797,0,0.00051048124,Low (<25%),0.1,0
892967,0,0.0041941903,Low (<25%),0.4,0
892994,0,0.013016588,Low (<25%),1.3,0
893040,0,0.013708981,Low (<25%),1.4,0
893057,0,0.17249678,Low (<25%),17.2,0
893120,0,0.0063625486,Low (<25%),0.6,0
893266,0,0.009908335,Low (<25%),1.0,0
893294,0,0.012864286,Low (<25%),1.3,0
893375,0,0.007995241,Low (<25%),0.8,0
893427,0,0.21312681,Low (<25%),21.3,0
893549,0,0.0023560692,Low (<25%),0.2,0
893574,0,0.06695705,Low (<25%),6.7,0
893632,0,0.041544314,Low (<25%),4.2,0
893661,0,0.047148764,Low (<25%),4.7,0
893725,0,0.020158382,Low (<25%),2.0,0
893771,0,0.03987812,Low (<25%),4.0,0
893789,0,0.0036891794,Low (<25%),0.4,0
893863,0,0.022999614,Low (<25%),2.3,0
893866,0,0.0001516048,Low (<25%),0.0,0
894041,0,0.0031789627,Low (<25%),0.3,0
894048,0,0.013616205,Low (<25%),1.4,0
894099,0,0.275553,Medium (25-50%),27.6,0
894111,0,0.055945866,Low (<25%),5.6,0
894175,0,0.015288591,Low (<25%),1.5,0
894322,0,0.19650772,Low (<25%),19.7,0
894340,0,0.0063718157,Low (<25%),0.6,0
894436,0,0.007858621,Low (<25%),0.8,0
894448,0,0.011792337,Low (<25%),1.2,0
894466,0,0.0029183808,Low (<25%),0.3,0
894478,0,0.08022887,Low (<25%),8.0,0
894532,0,0.022734199,Low (<25%),2.3,0
894608,0,0.0012063541,Low (<25%),0.1,0
894620,0,0.035022005,Low (<25%),3.5,0
894691,0,0.02343234,Low (<25%),2.3,0
894788,0,0.0034964385,Low (<25%),0.3,0
894799,0,0.0047683334,Low (<25%),0.5,0
894919,0,0.02476729,Low (<25%),2.5,0
895085,0,0.35971507,Medium (25-50%),36.0,0
895185,0,0.02643842,Low (<25%),2.6,0
895267,0,0.003888178,Low (<25%),0.4,0
895346,0,0.038234346,Low (<25%),3.8,0
895433,0,0.0013825498,Low (<25%),0.1,0
895451,0,0.008813021,Low (<25%),0.9,0
895537,0,0.0119672315,Low (<25%),1.2,0
895544,0,0.0051701246,Low (<25%),0.5,0
895560,0,0.0035437106,Low (<25%),0.4,0
895601,0,0.0068228203,Low (<25%),0.7,0
895651,0,0.010014393,Low (<25%),1.0,0
895684,0,0.004128924,Low (<25%),0.4,0
895725,0,0.0010692695,Low (<25%),0.1,0
895878,0,0.0009469204,Low (<25%),0.1,0
895921,0,0.0013914905,Low (<25%),0.1,0
895972,0,0.0055660782,Low (<25%),0.6,0
896075,0,0.00749814,Low (<25%),0.7,0
896095,0,0.014987158,Low (<25%),1.5,0
896283,0,0.00046838252,Low (<25%),0.0,0
896331,0,0.0025322288,Low (<25%),0.3,0
896372,0,0.05325201,Low (<25%),5.3,0
896651,0,0.011909858,Low (<25%),1.2,0
896790,0,0.017774679,Low (<25%),1.8,0
896792,0,0.0003330358,Low (<25%),0.0,0
896853,0,0.010405013,Low (<25%),1.0,0
896861,0,0.0014740383,Low (<25%),0.1,0
896947,0,0.0014540103,Low (<25%),0.1,0
896951,0,0.14223388,Low (<25%),14.2,0
897229,0,0.00034484547,Low (<25%),0.0,0
897293,0,0.031722125,Low (<25%),3.2,0
897387,0,0.0070379027,Low (<25%),0.7,0
897545,0,0.005791144,Low (<25%),0.6,0
897673,1,0.9216477,Critical (>75%),92.2,0
897716,0,0.040619407,Low (<25%),4.1,0
897772,0,0.0020821276,Low (<25%),0.2,0
897835,0,0.023692906,Low (<25%),2.4,0
897904,0,0.050331805,Low (<25%),5.0,0
898000,0,0.006820236,Low (<25%),0.7,0
898122,0,0.009617116,Low (<25%),1.0,0
898149,0,0.78669864,Critical (>75%),78.7,0
898162,0,0.020501956,Low (<25%),2.1,0
898229,0,0.0315933,Low (<25%),3.2,0
898417,0,0.0027194847,Low (<25%),0.3,0
898423,0,0.00086147216,Low (<25%),0.1,0
898427,0,0.00035589313,Low (<25%),0.0,0
898437,0,0.033638947,Low (<25%),3.4,0
898438,0,0.028013207,Low (<25%),2.8,0
898495,0,0.08597932,Low (<25%),8.6,0
898514,0,0.043674048,Low (<25%),4.4,0
898552,0,0.03479956,Low (<25%),3.5,0
898630,0,0.03907182,Low (<25%),3.9,0
898698,0,0.002141451,Low (<25%),0.2,0
898787,0,0.18116604,Low (<25%),18.1,0
898788,0,0.040546607,Low (<25%),4.1,0
899009,0,0.019309102,Low (<25%),1.9,0
899287,0,0.0049014944,Low (<25%),0.5,0
899509,0,0.020010391,Low (<25%),2.0,0
899592,0,0.00204558,Low (<25%),0.2,0
899825,0,0.02295935,Low (<25%),2.3,0
899871,0,0.050288245,Low (<25%),5.0,0
899883,0,0.42246965,Medium (25-50%),42.2,0
899958,0,0.0044997423,Low (<25%),0.4,0
900083,0,0.025512597,Low (<25%),2.6,0
900133,0,0.021214664,Low (<25%),2.1,0
900151,0,0.0036154154,Low (<25%),0.4,0
900325,1,0.996869,Critical (>75%),99.7,1
900359,0,0.54583985,High (50-75%),54.6,0
900460,0,0.0042115045,Low (<25%),0.4,0
900501,0,0.012662941,Low (<25%),1.3,0
900505,0,0.22465546,Low (<25%),22.5,0
900726,0,0.00791596,Low (<25%),0.8,0
900753,1,0.96552306,Critical (>75%),96.6,1
900795,0,0.025780056,Low (<25%),2.6,0
900853,0,0.038393144,Low (<25%),3.8,0
900894,0,0.056432012,Low (<25%),5.6,0
901002,0,0.00034561084,Low (<25%),0.0,0
901049,1,0.9871291,Critical (>75%),98.7,1
901231,0,0.0030552624,Low (<25%),0.3,0
901442,0,0.42549166,Medium (25-50%),42.5,0
901520,0,0.035732523,Low (<25%),3.6,0
901550,0,0.015128439,Low (<25%),1.5,0
901578,0,0.036249463,Low (<25%),3.6,0
901690,0,0.008164905,Low (<25%),0.8,0
901747,0,0.05872295,Low (<25%),5.9,0
901758,0,0.0097286785,Low (<25%),1.0,0
901775,0,0.02672593,Low (<25%),2.7,0
901780,0,0.0047896677,Low (<25%),0.5,0
901819,0,0.004319849,Low (<25%),0.4,0
901857,0,0.21093266,Low (<25%),21.1,0
901954,0,0.010121894,Low (<25%),1.0,0
901978,0,0.47382092,Medium (25-50%),47.4,0
901987,0,0.0063393093,Low (<25%),0.6,0
902015,0,0.031392325,Low (<25%),3.1,0
902040,0,0.0077439165,Low (<25%),0.8,0
902083,0,0.0010183821,Low (<25%),0.1,0
902148,0,0.008725227,Low (<25%),0.9,0
902192,0,0.0039574066,Low (<25%),0.4,0
902241,0,0.00844744,Low (<25%),0.8,0
902277,0,0.0010138825,Low (<25%),0.1,0
902298,0,0.01517774,Low (<25%),1.5,0
902515,0,0.046380464,Low (<25%),4.6,0
902555,0,0.016170615,Low (<25%),1.6,0
902562,0,0.08541822,Low (<25%),8.5,0
902608,0,0.0004218698,Low (<25%),0.0,0
902679,0,0.27419183,Medium (25-50%),27.4,0
902690,0,0.025775056,Low (<25%),2.6,0
902693,0,0.006098279,Low (<25%),0.6,0
902852,0,0.025321318,Low (<25%),2.5,0
902966,0,0.011606024,Low (<25%),1.2,0
903006,0,0.03996129,Low (<25%),4.0,0
903146,0,0.0039302236,Low (<25%),0.4,0
903209,0,0.014925603,Low (<25%),1.5,0
903290,0,0.054326773,Low (<25%),5.4,0
903327,0,0.4347336,Medium (25-50%),43.5,0
903359,0,0.00076125254,Low (<25%),0.1,0
903379,0,0.003929996,Low (<25%),0.4,0
903496,0,0.014579366,Low (<25%),1.5,0
903534,0,0.008401426,Low (<25%),0.8,0
903641,0,0.00045304318,Low (<25%),0.0,0
903648,0,0.06184397,Low (<25%),6.2,0
903797,0,0.0021165563,Low (<25%),0.2,0
904114,0,0.0027251486,Low (<25%),0.3,0
904283,0,0.00045597868,Low (<25%),0.0,0
904304,0,0.009495266,Low (<25%),0.9,0
904367,0,0.010018375,Low (<25%),1.0,0
904378,0,0.004074123,Low (<25%),0.4,0
904397,1,0.93326837,Critical (>75%),93.3,0
904501,0,0.01839869,Low (<25%),1.8,0
904602,0,0.004734079,Low (<25%),0.5,0
904669,0,0.0067637293,Low (<25%),0.7,0
904693,0,0.3811606,Medium (25-50%),38.1,0
904704,0,0.017592289,Low (<25%),1.8,0
904736,0,0.017342065,Low (<25%),1.7,0
904741,0,0.010096523,Low (<25%),1.0,0
904805,0,0.030221896,Low (<25%),3.0,0
904920,0,0.049627725,Low (<25%),5.0,0
904992,0,0.008571198,Low (<25%),0.9,0
905180,0,0.0722477,Low (<25%),7.2,0
905213,0,0.0015554235,Low (<25%),0.2,0
905320,0,0.02960627,Low (<25%),3.0,0
905360,0,0.0004378552,Low (<25%),0.0,0
905478,0,0.12435929,Low (<25%),12.4,0
905569,0,0.0018267541,Low (<25%),0.2,0
905634,0,0.017525798,Low (<25%),1.8,0
905787,0,0.013080545,Low (<25%),1.3,0
905806,0,0.00974062,Low (<25%),1.0,0
905854,0,0.007718826,Low (<25%),0.8,0
905907,0,0.034889925,Low (<25%),3.5,0
905909,0,0.0020932367,Low (<25%),0.2,0
906158,0,0.0020351966,Low (<25%),0.2,0
906178,0,0.31803092,Medium (25-50%),31.8,0
906262,0,0.00065041875,Low (<25%),0.1,0
906267,0,0.005507067,Low (<25%),0.6,0
906274,1,0.9660889,Critical (>75%),96.6,1
906316,0,0.0022195734,Low (<25%),0.2,0
906346,0,0.053123645,Low (<25%),5.3,0
906396,0,0.0055258595,Low (<25%),0.6,0
906428,0,0.0076222164,Low (<25%),0.8,0
906468,0,0.0050196755,Low (<25%),0.5,0
906564,1,0.99843484,Critical (>75%),99.8,1
906615,0,0.039624292,Low (<25%),4.0,0
906623,0,0.03929486,Low (<25%),3.9,0
906715,0,0.015096106,Low (<25%),1.5,0
906780,0,0.13230005,Low (<25%),13.2,0
906826,0,0.007712587,Low (<25%),0.8,0
906836,0,0.07747477,Low (<25%),7.7,0
906848,0,0.16186489,Low (<25%),16.2,0
906852,0,0.0029825282,Low (<25%),0.3,0
906946,0,0.01514767,Low (<25%),1.5,0
907025,0,0.14693949,Low (<25%),14.7,0
907038,0,0.36865807,Medium (25-50%),36.9,0
907077,1,0.93342364,Critical (>75%),93.3,0
907157,0,0.036341757,Low (<25%),3.6,0
907209,0,0.012056443,Low (<25%),1.2,0
907252,0,0.32510465,Medium (25-50%),32.5,0
907324,0,0.08977611,Low (<25%),9.0,0
907544,0,0.047390718,Low (<25%),4.7,0
907636,0,0.009458847,Low (<25%),0.9,0
907858,0,0.0060826745,Low (<25%),0.6,0
907934,0,0.010953144,Low (<25%),1.1,0
907950,0,0.0060477257,Low (<25%),0.6,0
908120,0,0.004156467,Low (<25%),0.4,0
908123,0,0.0034858366,Low (<25%),0.3,0
908246,0,0.02738696,Low (<25%),2.7,0
908301,0,0.15732402,Low (<25%),15.7,0
908374,0,0.07638618,Low (<25%),7.6,0
908404,0,0.0044960165,Low (<25%),0.4,0
908519,0,0.012244873,Low (<25%),1.2,0
908580,0,0.0252054,Low (<25%),2.5,0
908643,0,0.016917674,Low (<25%),1.7,0
908728,0,0.014750074,Low (<25%),1.5,0
908729,0,0.010230876,Low (<25%),1.0,0
908759,0,0.0019724541,Low (<25%),0.2,0
908844,0,0.039540417,Low (<25%),4.0,0
908882,0,0.00014112874,Low (<25%),0.0,0
909020,0,0.1783904,Low (<25%),17.8,0
909068,0,0.013553464,Low (<25%),1.4,0
909075,0,0.0069892686,Low (<25%),0.7,0
909134,0,0.015280317,Low (<25%),1.5,0
909238,0,0.0012003673,Low (<25%),0.1,0
909242,0,0.0020885435,Low (<25%),0.2,0
909260,0,0.09615114,Low (<25%),9.6,0
909262,1,0.924592,Critical (>75%),92.5,0
909328,0,0.014550806,Low (<25%),1.5,0
909385,0,0.019577969,Low (<25%),2.0,0
909476,0,0.0061052856,Low (<25%),0.6,0
909483,0,0.0043512313,Low (<25%),0.4,0
909503,0,0.0088572875,Low (<25%),0.9,0
909543,0,0.0058924314,Low (<25%),0.6,0
909677,0,0.04282532,Low (<25%),4.3,0
909727,0,0.0035384037,Low (<25%),0.4,0
909800,0,0.4156298,Medium (25-50%),41.6,0
909845,0,0.012940502,Low (<25%),1.3,0
910056,0,0.0018348747,Low (<25%),0.2,0
910142,0,0.009516884,Low (<25%),1.0,0
910157,0,0.043884974,Low (<25%),4.4,0
910391,0,0.010049954,Low (<25%),1.0,0
910492,1,0.97577775,Critical (>75%),97.6,1
910576,0,0.0028022765,Low (<25%),0.3,0
910645,0,0.12099982,Low (<25%),12.1,0
910716,0,0.010683371,Low (<25%),1.1,0
910875,0,0.009868294,Low (<25%),1.0,0
910969,0,0.004660533,Low (<25%),0.5,0
911003,0,0.004687018,Low (<25%),0.5,0
911089,0,0.009276012,Low (<25%),0.9,0
911372,0,0.003943129,Low (<25%),0.4,0
911503,0,0.4843485,Medium (25-50%),48.4,0
911525,0,0.03535307,Low (<25%),3.5,0
911585,0,0.0050494634,Low (<25%),0.5,0
911655,0,0.005076705,Low (<25%),0.5,0
911663,0,0.025629058,Low (<25%),2.6,0
911668,0,0.075180314,Low (<25%),7.5,0
911744,0,0.00015728171,Low (<25%),0.0,0
911812,0,0.20435327,Low (<25%),20.4,0
911852,1,0.98490477,Critical (>75%),98.5,1
911906,0,0.0007641737,Low (<25%),0.1,0
911920,0,0.0010763468,Low (<25%),0.1,0
911971,0,0.06945944,Low (<25%),6.9,0
912064,0,0.025043264,Low (<25%),2.5,0
912128,0,0.090505674,Low (<25%),9.1,0
912252,0,0.034407966,Low (<25%),3.4,0
912293,0,0.0029174779,Low (<25%),0.3,0
912352,0,0.0016402119,Low (<25%),0.2,0
912396,0,0.0017130743,Low (<25%),0.2,0
912420,0,0.001973827,Low (<25%),0.2,0
912539,0,0.07357496,Low (<25%),7.4,0
912588,0,0.0038327365,Low (<25%),0.4,0
912633,0,4.0869396e-05,Low (<25%),0.0,0
912712,0,0.004173297,Low (<25%),0.4,0
912757,0,0.017293619,Low (<25%),1.7,0
912797,0,0.014062305,Low (<25%),1.4,0
912864,0,0.0033582011,Low (<25%),0.3,0
912939,0,0.04287263,Low (<25%),4.3,0
912957,0,0.083041914,Low (<25%),8.3,0
913060,0,0.0036944132,Low (<25%),0.4,0
913233,0,0.0026131049,Low (<25%),0.3,0
913340,0,0.0032621068,Low (<25%),0.3,0
913449,0,0.0068321233,Low (<25%),0.7,0
913522,0,0.04536709,Low (<25%),4.5,0
913571,0,0.051706746,Low (<25%),5.2,0
913721,0,0.0012881763,Low (<25%),0.1,0
913866,0,0.009141604,Low (<25%),0.9,0
913895,0,0.0036972063,Low (<25%),0.4,0
913949,0,0.023196558,Low (<25%),2.3,0
913981,0,0.007471873,Low (<25%),0.7,0
914044,0,0.015763426,Low (<25%),1.6,0
914088,0,0.028939873,Low (<25%),2.9,0
914152,0,0.0034174495,Low (<25%),0.3,0
914316,0,0.011994584,Low (<25%),1.2,0
914368,0,0.019349257,Low (<25%),1.9,0
914609,0,0.017772356,Low (<25%),1.8,0
914799,0,0.023540193,Low (<25%),2.4,0
914937,0,0.0068103885,Low (<25%),0.7,0
915147,0,0.009946753,Low (<25%),1.0,0
915156,0,0.019822406,Low (<25%),2.0,0
915194,0,0.0040073995,Low (<25%),0.4,0
915198,0,0.02503926,Low (<25%),2.5,0
915243,1,0.9724367,Critical (>75%),97.2,1
915286,0,0.017491413,Low (<25%),1.7,0
915439,0,0.023678439,Low (<25%),2.4,0
915571,0,0.06720869,Low (<25%),6.7,0
915638,0,0.0073234336,Low (<25%),0.7,0
915846,0,0.007824009,Low (<25%),0.8,0
915902,0,0.27366203,Medium (25-50%),27.4,0
915933,0,0.006878176,Low (<25%),0.7,0
915948,0,0.014075282,Low (<25%),1.4,0
916000,0,0.001995514,Low (<25%),0.2,0
916020,0,0.012980115,Low (<25%),1.3,0
916131,0,0.027982945,Low (<25%),2.8,0
916269,0,0.03871416,Low (<25%),3.9,0
916300,0,0.038881198,Low (<25%),3.9,0
916358,0,0.08178612,Low (<25%),8.2,0
916478,0,0.00079485384,Low (<25%),0.1,0
916594,0,0.03715541,Low (<25%),3.7,0
916851,0,0.03376278,Low (<25%),3.4,0
916880,0,0.026713224,Low (<25%),2.7,0
917191,0,0.057989404,Low (<25%),5.8,0
917192,0,0.0049892906,Low (<25%),0.5,0
917352,0,0.7548268,Critical (>75%),75.5,0
917423,0,0.048782147,Low (<25%),4.9,0
917610,0,0.119095325,Low (<25%),11.9,0
917630,0,0.039776076,Low (<25%),4.0,0
917725,0,0.0029403707,Low (<25%),0.3,0
917779,0,0.024861626,Low (<25%),2.5,0
917798,0,0.0064925896,Low (<25%),0.6,0
917870,0,0.11891332,Low (<25%),11.9,0
917972,0,0.03224912,Low (<25%),3.2,0
917983,0,0.00616483,Low (<25%),0.6,0
917998,0,0.030861929,Low (<25%),3.1,0
918017,1,0.8885966,Critical (>75%),88.9,0
918021,0,0.025844732,Low (<25%),2.6,0
918042,0,0.0069819354,Low (<25%),0.7,0
918048,0,0.09450977,Low (<25%),9.5,0
918053,0,0.009439998,Low (<25%),0.9,0
918112,0,0.049905725,Low (<25%),5.0,0
918163,0,0.011607199,Low (<25%),1.2,0
918272,0,0.011875509,Low (<25%),1.2,0
918341,0,0.0026938398,Low (<25%),0.3,0
918478,0,0.0060687144,Low (<25%),0.6,0
918479,0,0.018736219,Low (<25%),1.9,0
918564,0,0.019703787,Low (<25%),2.0,0
918631,0,0.0030487769,Low (<25%),0.3,0
918756,0,0.0016725638,Low (<25%),0.2,0
918807,0,0.003497,Low (<25%),0.3,0
918984,0,0.0152172195,Low (<25%),1.5,0
919117,0,0.0068103657,Low (<25%),0.7,0
919285,0,0.014209736,Low (<25%),1.4,0
919329,0,0.0026775913,Low (<25%),0.3,0
919338,0,0.06101019,Low (<25%),6.1,0
919340,0,0.015248514,Low (<25%),1.5,0
919437,0,0.0028738598,Low (<25%),0.3,0
919557,0,0.022293128,Low (<25%),2.2,0
919668,0,0.6137789,High (50-75%),61.4,0
919748,0,0.07671741,Low (<25%),7.7,0
919818,0,0.0039209346,Low (<25%),0.4,0
919823,0,0.016002884,Low (<25%),1.6,0
919832,0,0.00019708653,Low (<25%),0.0,0
919888,0,0.0009970322,Low (<25%),0.1,0
919889,0,0.003282176,Low (<25%),0.3,0
919894,0,0.002173009,Low (<25%),0.2,0
919922,1,0.92133635,Critical (>75%),92.1,0
919951,0,0.0042821798,Low (<25%),0.4,0
920100,0,0.0032000917,Low (<25%),0.3,0
920118,0,0.007505592,Low (<25%),0.8,0
920145,0,0.009243749,Low (<25%),0.9,0
920162,0,0.0017661906,Low (<25%),0.2,0
920175,0,0.001444888,Low (<25%),0.1,0
920211,0,0.029056946,Low (<25%),2.9,0
920321,0,0.0012192003,Low (<25%),0.1,0
920326,0,0.00017295043,Low (<25%),0.0,0
920545,0,0.028928664,Low (<25%),2.9,0
920637,0,0.023134021,Low (<25%),2.3,0
920657,0,0.08712936,Low (<25%),8.7,0
920716,0,0.014637504,Low (<25%),1.5,0
920792,0,0.0034604904,Low (<25%),0.3,0
920840,0,0.0687994,Low (<25%),6.9,0
920954,0,0.0017088002,Low (<25%),0.2,0
920966,0,0.0011811345,Low (<25%),0.1,0
921059,0,0.09238912,Low (<25%),9.2,0
921102,0,0.070774,Low (<25%),7.1,0
921130,0,0.0005055816,Low (<25%),0.1,0
921278,0,0.0038498773,Low (<25%),0.4,0
921298,0,0.027152052,Low (<25%),2.7,0
921357,0,0.006521443,Low (<25%),0.7,0
921375,0,0.019753976,Low (<25%),2.0,0
921403,1,0.9994702,Critical (>75%),99.9,1
921489,0,0.017013397,Low (<25%),1.7,0
921530,1,0.9610851,Critical (>75%),96.1,1
921563,0,0.07328606,Low (<25%),7.3,0
921705,0,0.006159883,Low (<25%),0.6,0
921776,0,0.009847275,Low (<25%),1.0,0
921777,0,0.010942156,Low (<25%),1.1,0
921886,0,0.03225444,Low (<25%),3.2,0
921899,0,0.0030970946,Low (<25%),0.3,0
922000,0,0.017129503,Low (<25%),1.7,0
922047,0,0.16296807,Low (<25%),16.3,0
922161,0,0.009878928,Low (<25%),1.0,0
922188,0,0.032137774,Low (<25%),3.2,0
922206,0,0.14546081,Low (<25%),14.5,0
922210,0,0.005284995,Low (<25%),0.5,0
922351,0,0.021651195,Low (<25%),2.2,0
922388,0,0.0031504447,Low (<25%),0.3,0
922484,0,0.018331496,Low (<25%),1.8,0
922614,0,0.0011575343,Low (<25%),0.1,0
922634,0,0.015087303,Low (<25%),1.5,0
922786,0,0.06060777,Low (<25%),6.1,0
922815,0,0.040124476,Low (<25%),4.0,0
922926,0,0.0131359445,Low (<25%),1.3,0
923041,0,0.024460565,Low (<25%),2.4,0
923062,0,0.005229524,Low (<25%),0.5,0
923108,0,0.007914548,Low (<25%),0.8,0
923164,0,0.0077740643,Low (<25%),0.8,0
923201,0,0.15537183,Low (<25%),15.5,0
923234,0,0.0028802813,Low (<25%),0.3,0
923268,0,0.002012466,Low (<25%),0.2,0
923293,0,0.20765324,Low (<25%),20.8,0
923333,0,0.017933335,Low (<25%),1.8,0
923336,0,0.009656079,Low (<25%),1.0,0
923406,0,0.046297923,Low (<25%),4.6,0
923527,0,0.0055914596,Low (<25%),0.6,0
923560,0,0.0147453975,Low (<25%),1.5,0
923680,0,0.014979466,Low (<25%),1.5,0
923761,0,0.0018298032,Low (<25%),0.2,0
923799,0,0.027391417,Low (<25%),2.7,0
923959,0,0.0046749683,Low (<25%),0.5,0
924037,0,0.041753482,Low (<25%),4.2,0
924056,0,0.1370707,Low (<25%),13.7,0
924089,0,0.12870911,Low (<25%),12.9,0
924132,0,0.00580748,Low (<25%),0.6,0
924153,0,0.03203715,Low (<25%),3.2,0
924173,0,0.042562358,Low (<25%),4.3,0
924268,0,0.013514064,Low (<25%),1.4,0
924469,0,0.0010499476,Low (<25%),0.1,0
924489,0,0.033009432,Low (<25%),3.3,0
924493,0,0.0067950687,Low (<25%),0.7,0
924630,0,0.004863562,Low (<25%),0.5,0
924634,0,0.0009929745,Low (<25%),0.1,0
924643,0,0.013232717,Low (<25%),1.3,0
924719,0,0.0009595119,Low (<25%),0.1,0
924724,0,0.0057639508,Low (<25%),0.6,0
924787,0,0.0068815085,Low (<25%),0.7,0
924793,0,0.009052719,Low (<25%),0.9,0
924794,0,0.01332296,Low (<25%),1.3,0
924878,0,0.009947829,Low (<25%),1.0,0
924936,0,0.013596551,Low (<25%),1.4,0
925254,0,0.0066575157,Low (<25%),0.7,0
925340,0,0.012254318,Low (<25%),1.2,0
925353,0,0.009423061,Low (<25%),0.9,0
925385,0,0.0018652902,Low (<25%),0.2,0
925413,0,0.04665927,Low (<25%),4.7,0
925433,0,0.01270937,Low (<25%),1.3,0
925504,0,0.006495694,Low (<25%),0.6,0
925573,0,0.0030899136,Low (<25%),0.3,0
925609,0,0.006375234,Low (<25%),0.6,0
925767,0,0.039841674,Low (<25%),4.0,0
925819,0,0.093497865,Low (<25%),9.3,0
925850,0,0.005950984,Low (<25%),0.6,0
925978,0,0.0058509205,Low (<25%),0.6,0
926083,0,0.08616407,Low (<25%),8.6,0
926106,0,0.028092625,Low (<25%),2.8,0
926129,0,0.025160087,Low (<25%),2.5,0
926175,0,0.026448831,Low (<25%),2.6,0
926250,0,0.007568121,Low (<25%),0.8,0
926277,0,0.0037496272,Low (<25%),0.4,0
926300,0,0.03725784,Low (<25%),3.7,0
926451,0,0.02194659,Low (<25%),2.2,0
926494,0,0.003594979,Low (<25%),0.4,0
926609,0,0.027127715,Low (<25%),2.7,0
926611,0,0.00089751254,Low (<25%),0.1,0
926961,0,0.06333037,Low (<25%),6.3,0
927026,0,0.014726842,Low (<25%),1.5,0
927202,0,0.0052335686,Low (<25%),0.5,0
927305,0,0.007590685,Low (<25%),0.8,0
927339,0,0.010530487,Low (<25%),1.1,0
927401,0,0.0033279366,Low (<25%),0.3,0
927446,0,0.35230252,Medium (25-50%),35.2,0
927676,0,0.0053221444,Low (<25%),0.5,0
927703,0,0.0021706747,Low (<25%),0.2,0
927721,0,0.0029784502,Low (<25%),0.3,0
927848,0,0.009581294,Low (<25%),1.0,0
927887,0,0.0049696127,Low (<25%),0.5,0
927937,0,0.030321727,Low (<25%),3.0,0
927943,0,0.017325811,Low (<25%),1.7,0
927975,0,0.0047337827,Low (<25%),0.5,0
928082,0,0.0063820435,Low (<25%),0.6,0
928116,0,0.0087784035,Low (<25%),0.9,0
928153,0,0.009131542,Low (<25%),0.9,0
928238,0,0.037760627,Low (<25%),3.8,0
928291,0,0.019615259,Low (<25%),2.0,0
928292,0,0.0047490206,Low (<25%),0.5,0
928294,0,0.0052407854,Low (<25%),0.5,0
928354,0,0.028125579,Low (<25%),2.8,0
928438,0,0.0011700128,Low (<25%),0.1,0
928644,0,0.002005702,Low (<25%),0.2,0
928734,0,0.0028103604,Low (<25%),0.3,0
928804,0,0.025537057,Low (<25%),2.6,0
928868,0,0.010695771,Low (<25%),1.1,0
928916,0,0.010456054,Low (<25%),1.0,0
928922,0,0.0026325427,Low (<25%),0.3,0
928942,0,0.044656105,Low (<25%),4.5,0
928957,0,0.00996849,Low (<25%),1.0,0
928964,0,0.006869065,Low (<25%),0.7,0
929009,0,0.04413035,Low (<25%),4.4,0
929097,0,0.007875313,Low (<25%),0.8,0
929282,0,0.020891784,Low (<25%),2.1,0
929302,0,0.0092537645,Low (<25%),0.9,0
929410,0,0.016000466,Low (<25%),1.6,0
929451,0,0.004220922,Low (<25%),0.4,0
929701,0,0.04420726,Low (<25%),4.4,0
929712,1,0.9961218,Critical (>75%),99.6,1
929728,0,0.0057191346,Low (<25%),0.6,0
929880,0,0.004150284,Low (<25%),0.4,0
929885,0,0.0033854656,Low (<25%),0.3,0
929913,0,0.03749808,Low (<25%),3.7,0
929980,0,0.016528362,Low (<25%),1.7,0
930089,0,0.0005550917,Low (<25%),0.1,0
930209,0,0.0017865755,Low (<25%),0.2,0
930325,0,0.009396779,Low (<25%),0.9,0
930489,0,0.02820913,Low (<25%),2.8,0
930502,0,0.001982464,Low (<25%),0.2,0
930562,0,0.0017081683,Low (<25%),0.2,0
930584,0,0.028665645,Low (<25%),2.9,0
930718,0,0.07939296,Low (<25%),7.9,0
930774,0,0.10481806,Low (<25%),10.5,0
930848,0,0.0025089143,Low (<25%),0.3,0
930893,0,0.026672864,Low (<25%),2.7,0
930900,0,0.008456575,Low (<25%),0.8,0
930921,0,0.0123747485,Low (<25%),1.2,0
931054,0,0.008306661,Low (<25%),0.8,0
931097,0,0.011999434,Low (<25%),1.2,0
931135,0,0.0095345955,Low (<25%),1.0,0
931183,0,0.004820314,Low (<25%),0.5,0
931244,0,0.0062060314,Low (<25%),0.6,0
931247,1,0.9981035,Critical (>75%),99.8,1
931537,0,0.009133583,Low (<25%),0.9,0
931622,0,0.012868509,Low (<25%),1.3,0
931657,0,0.017620338,Low (<25%),1.8,0
931914,0,0.01121874,Low (<25%),1.1,0
932233,0,0.00015938992,Low (<25%),0.0,0
932249,0,0.0037080033,Low (<25%),0.4,0
932270,0,0.2948484,Medium (25-50%),29.5,0
932363,0,0.036258943,Low (<25%),3.6,0
932405,0,0.028821295,Low (<25%),2.9,0
932453,0,0.008250245,Low (<25%),0.8,0
932513,0,0.037359055,Low (<25%),3.7,0
932526,0,0.03603793,Low (<25%),3.6,0
932572,0,0.0013642489,Low (<25%),0.1,0
932623,0,0.032690424,Low (<25%),3.3,0
932745,0,0.083018556,Low (<25%),8.3,0
932748,1,0.93820435,Critical (>75%),93.8,1
932823,0,0.03743537,Low (<25%),3.7,0
932973,0,0.013598789,Low (<25%),1.4,0
933053,0,0.0065216185,Low (<25%),0.7,0
933187,0,0.035654534,Low (<25%),3.6,0
933208,0,0.006234697,Low (<25%),0.6,0
933233,0,0.0079677105,Low (<25%),0.8,0
933552,0,0.0078000375,Low (<25%),0.8,0
933642,0,0.00197107,Low (<25%),0.2,0
933656,0,0.0241735,Low (<25%),2.4,0
933682,0,0.0025748056,Low (<25%),0.3,0
933707,0,0.0028370547,Low (<25%),0.3,0
933807,0,0.15854575,Low (<25%),15.9,0
933848,0,0.014193741,Low (<25%),1.4,0
933968,0,0.0062622894,Low (<25%),0.6,0
934134,0,0.0012393378,Low (<25%),0.1,0
934212,0,0.011869165,Low (<25%),1.2,0
934235,0,0.0010763771,Low (<25%),0.1,0
934267,0,0.022546086,Low (<25%),2.3,0
934280,0,0.06744108,Low (<25%),6.7,0
934529,1,0.99794453,Critical (>75%),99.8,1
934604,0,0.01953263,Low (<25%),2.0,0
934893,0,0.0043961084,Low (<25%),0.4,0
934912,0,0.26436797,Medium (25-50%),26.4,0
935068,0,0.008724237,Low (<25%),0.9,0
935110,0,0.07035894,Low (<25%),7.0,0
935161,0,0.034241382,Low (<25%),3.4,0
935235,0,0.002337252,Low (<25%),0.2,0
935253,0,0.037310433,Low (<25%),3.7,0
935274,0,0.006692258,Low (<25%),0.7,0
935328,0,0.029598407,Low (<25%),3.0,0
935420,0,0.0047717835,Low (<25%),0.5,0
935504,0,0.016729731,Low (<25%),1.7,0
935570,0,0.027888868,Low (<25%),2.8,0
935738,0,0.0144876335,Low (<25%),1.4,0
935876,0,0.0032970386,Low (<25%),0.3,0
936088,0,0.0076290397,Low (<25%),0.8,0
936211,0,0.0049996814,Low (<25%),0.5,0
936214,0,0.0061492436,Low (<25%),0.6,0
936273,0,0.015231855,Low (<25%),1.5,0
936305,0,0.11967469,Low (<25%),12.0,0
936319,0,0.00096008205,Low (<25%),0.1,0
936440,0,0.79144186,Critical (>75%),79.1,0
936547,0,0.024307743,Low (<25%),2.4,0
936570,0,0.017301433,Low (<25%),1.7,0
936612,1,0.9973871,Critical (>75%),99.7,1
936723,1,0.9983222,Critical (>75%),99.8,1
936761,0,0.00050279207,Low (<25%),0.1,0
937030,0,0.013838027,Low (<25%),1.4,0
937065,0,0.013132199,Low (<25%),1.3,0
937071,0,0.0006625876,Low (<25%),0.1,0
937127,0,0.027154174,Low (<25%),2.7,0
937163,0,0.008184874,Low (<25%),0.8,0
937228,0,0.007930045,Low (<25%),0.8,0
937250,0,0.028167592,Low (<25%),2.8,0
937312,0,0.004679148,Low (<25%),0.5,0
937385,0,0.0064081554,Low (<25%),0.6,0
937418,0,0.0058938703,Low (<25%),0.6,0
937430,0,0.011240787,Low (<25%),1.1,0
937476,0,0.0059901034,Low (<25%),0.6,0
937484,1,0.90174896,Critical (>75%),90.2,0
937512,0,0.00360549,Low (<25%),0.4,0
937638,0,0.42436215,Medium (25-50%),42.4,0
937645,0,0.017739175,Low (<25%),1.8,0
937662,0,0.014074693,Low (<25%),1.4,0
937742,0,0.090496175,Low (<25%),9.0,0
937788,0,0.013800575,Low (<25%),1.4,0
937862,0,0.002827552,Low (<25%),0.3,0
937911,0,0.01778508,Low (<25%),1.8,0
937922,0,0.23547742,Low (<25%),23.5,0
937946,0,0.024178112,Low (<25%),2.4,0
937956,0,0.008723284,Low (<25%),0.9,0
938031,0,0.012822391,Low (<25%),1.3,0
938093,0,0.00040451062,Low (<25%),0.0,0
938323,0,0.05033902,Low (<25%),5.0,0
938324,0,0.00240202,Low (<25%),0.2,0
938482,1,0.9989862,Critical (>75%),99.9,1
938516,0,0.014469432,Low (<25%),1.4,0
938603,0,0.009396357,Low (<25%),0.9,0
938628,0,0.0014285797,Low (<25%),0.1,0
938636,0,0.011422598,Low (<25%),1.1,0
938822,0,0.113051236,Low (<25%),11.3,0
938873,0,0.00049837335,Low (<25%),0.0,0
938914,0,0.0031991971,Low (<25%),0.3,0
938981,0,0.0038104935,Low (<25%),0.4,0
939094,0,0.002047137,Low (<25%),0.2,0
939098,0,0.017070422,Low (<25%),1.7,0
939103,0,0.01767888,Low (<25%),1.8,0
939238,0,0.22258906,Low (<25%),22.3,0
939319,0,0.063294396,Low (<25%),6.3,0
939399,0,0.02431458,Low (<25%),2.4,0
939428,0,0.042094637,Low (<25%),4.2,0
939431,0,0.014161744,Low (<25%),1.4,0
939466,0,0.008784455,Low (<25%),0.9,0
939485,0,0.0089411065,Low (<25%),0.9,0
939562,0,0.0063907546,Low (<25%),0.6,0
939571,0,0.03890922,Low (<25%),3.9,0
939683,0,0.00041302363,Low (<25%),0.0,0
939741,0,0.005322121,Low (<25%),0.5,0
939752,0,0.075786375,Low (<25%),7.6,0
939766,0,0.0021484739,Low (<25%),0.2,0
939856,0,0.20850326,Low (<25%),20.9,0
939932,0,0.0069048875,Low (<25%),0.7,0
939961,0,0.005865964,Low (<25%),0.6,0
939992,0,0.19668068,Low (<25%),19.7,0
940187,0,0.0032346717,Low (<25%),0.3,0
940200,0,0.079885975,Low (<25%),8.0,0
940213,0,0.0011522422,Low (<25%),0.1,0
940249,0,0.30735117,Medium (25-50%),30.7,0
940256,0,0.007104803,Low (<25%),0.7,0
940711,0,0.0429781,Low (<25%),4.3,0
940760,0,0.029292807,Low (<25%),2.9,0
940796,0,0.008773273,Low (<25%),0.9,0
940822,0,0.11653279,Low (<25%),11.7,0
941064,0,0.0030170397,Low (<25%),0.3,0
941092,0,0.14587504,Low (<25%),14.6,0
941109,0,0.078415975,Low (<25%),7.8,0
941122,1,0.9699293,Critical (>75%),97.0,1
941127,0,0.033401284,Low (<25%),3.3,0
941170,0,0.06749996,Low (<25%),6.7,0
941361,0,0.042346153,Low (<25%),4.2,0
941380,0,0.41464457,Medium (25-50%),41.5,0
941545,0,0.005227492,Low (<25%),0.5,0
941621,1,0.9488005,Critical (>75%),94.9,1
941679,0,0.015995527,Low (<25%),1.6,0
941683,0,0.03216224,Low (<25%),3.2,0
941719,1,0.9682044,Critical (>75%),96.8,1
941852,0,0.0009434597,Low (<25%),0.1,0
941865,0,0.013828131,Low (<25%),1.4,0
941882,0,0.0026111433,Low (<25%),0.3,0
941984,0,0.2210102,Low (<25%),22.1,0
942017,1,0.9969229,Critical (>75%),99.7,1
942191,0,0.0010053953,Low (<25%),0.1,0
942355,0,0.006207564,Low (<25%),0.6,0
942413,0,0.011574084,Low (<25%),1.2,0
942535,0,0.034742102,Low (<25%),3.5,0
942601,0,0.023192436,Low (<25%),2.3,0
942681,0,0.0014345181,Low (<25%),0.1,0
942703,0,0.057043333,Low (<25%),5.7,0
942779,0,0.010460662,Low (<25%),1.0,0
942819,0,0.018467778,Low (<25%),1.8,0
942926,0,0.10055268,Low (<25%),10.1,0
942984,0,0.38538036,Medium (25-50%),38.5,0
943048,0,0.030409511,Low (<25%),3.0,0
943068,0,0.0085773235,Low (<25%),0.9,0
943195,1,0.99800783,Critical (>75%),99.8,1
943211,0,0.029462667,Low (<25%),2.9,0
943236,0,0.0002792586,Low (<25%),0.0,0
943380,0,0.0011355105,Low (<25%),0.1,0
943460,0,0.003199766,Low (<25%),0.3,0
943553,0,0.02256847,Low (<25%),2.3,0
943602,0,0.011217253,Low (<25%),1.1,0
943647,0,0.000809467,Low (<25%),0.1,0
943756,0,0.008621937,Low (<25%),0.9,0
943775,0,0.013970134,Low (<25%),1.4,0
943804,0,0.0001660372,Low (<25%),0.0,0
943997,0,0.18681967,Low (<25%),18.7,0
944035,0,0.0072211833,Low (<25%),0.7,0
944093,0,0.060402032,Low (<25%),6.0,0
944124,0,0.0032306814,Low (<25%),0.3,0
944243,0,0.0073542977,Low (<25%),0.7,0
944261,0,0.002770432,Low (<25%),0.3,0
944355,0,0.002773937,Low (<25%),0.3,0
944454,0,0.07831879,Low (<25%),7.8,0
944491,1,0.99888295,Critical (>75%),99.9,1
944506,0,0.07544724,Low (<25%),7.5,0
944541,0,0.0034725645,Low (<25%),0.3,0
944636,0,0.0035073361,Low (<25%),0.4,0
944702,0,0.026595652,Low (<25%),2.7,0
944750,0,0.017501062,Low (<25%),1.8,0
944810,0,0.005243784,Low (<25%),0.5,0
944821,0,0.06918615,Low (<25%),6.9,0
944855,0,0.0146552045,Low (<25%),1.5,0
944980,0,0.039207075,Low (<25%),3.9,0
945014,0,0.6000701,High (50-75%),60.0,0
945015,0,0.00082557765,Low (<25%),0.1,0
945037,0,0.0033355497,Low (<25%),0.3,0
945064,0,0.004693585,Low (<25%),0.5,0
945091,0,0.07667852,Low (<25%),7.7,0
945133,0,0.00684429,Low (<25%),0.7,0
945166,0,0.0026252125,Low (<25%),0.3,0
945199,0,0.11154926,Low (<25%),11.2,0
945379,0,0.06316414,Low (<25%),6.3,0
945430,0,0.010015126,Low (<25%),1.0,0
945455,1,0.9989446,Critical (>75%),99.9,1
945479,0,0.0016353724,Low (<25%),0.2,0
945485,0,0.0006149515,Low (<25%),0.1,0
945703,0,0.0018819387,Low (<25%),0.2,0
945761,1,0.9397786,Critical (>75%),94.0,1
945765,0,0.0105692865,Low (<25%),1.1,0
945780,0,0.006197723,Low (<25%),0.6,0
945834,0,0.009354909,Low (<25%),0.9,0
945974,0,0.0028005368,Low (<25%),0.3,0
945996,0,0.0019961197,Low (<25%),0.2,0
946001,0,0.007450231,Low (<25%),0.7,0
946061,0,0.23187749,Low (<25%),23.2,0
946070,0,0.08766189,Low (<25%),8.8,0
946172,1,0.91200435,Critical (>75%),91.2,0
946258,0,0.037619174,Low (<25%),3.8,0
946525,0,0.15465747,Low (<25%),15.5,0
946645,1,0.9969894,Critical (>75%),99.7,1
946771,0,0.015547231,Low (<25%),1.6,0
946816,0,0.018791722,Low (<25%),1.9,0
946932,0,0.10591453,Low (<25%),10.6,0
946998,0,0.008228985,Low (<25%),0.8,0
947001,0,0.0008460645,Low (<25%),0.1,0
947026,0,0.0030441235,Low (<25%),0.3,0
947099,0,0.009184195,Low (<25%),0.9,0
947123,1,0.9157986,Critical (>75%),91.6,0
947158,0,0.5638891,High (50-75%),56.4,0
947234,0,0.005460282,Low (<25%),0.5,0
947367,0,0.005423771,Low (<25%),0.5,0
947408,0,0.02936006,Low (<25%),2.9,0
947467,0,0.014346663,Low (<25%),1.4,0
947497,0,0.0051069558,Low (<25%),0.5,0
947620,0,0.04843152,Low (<25%),4.8,0
947635,0,0.15911393,Low (<25%),15.9,0
947641,0,0.123384945,Low (<25%),12.3,0
947679,0,0.016708275,Low (<25%),1.7,0
947711,0,0.0057837414,Low (<25%),0.6,0
947750,0,0.002179035,Low (<25%),0.2,0
947763,0,0.0008171363,Low (<25%),0.1,0
947863,0,0.20349963,Low (<25%),20.3,0
947868,0,0.010537704,Low (<25%),1.1,0
947906,0,0.013990261,Low (<25%),1.4,0
948053,0,0.021043789,Low (<25%),2.1,0
948117,0,0.032031916,Low (<25%),3.2,0
948145,0,0.034299783,Low (<25%),3.4,0
948325,0,0.98189205,Critical (>75%),98.2,1
948404,0,0.02680764,Low (<25%),2.7,0
948489,0,0.0005935336,Low (<25%),0.1,0
948576,0,0.037364636,Low (<25%),3.7,0
948591,0,0.09452219,Low (<25%),9.5,0
948616,0,0.029159354,Low (<25%),2.9,0
948658,0,0.020692991,Low (<25%),2.1,0
948662,0,0.014752138,Low (<25%),1.5,0
948693,0,0.009503427,Low (<25%),1.0,0
948714,0,0.0015806532,Low (<25%),0.2,0
948747,0,0.0035794438,Low (<25%),0.4,0
948783,0,0.0028658146,Low (<25%),0.3,0
948785,0,0.052019563,Low (<25%),5.2,0
948815,0,0.0170359,Low (<25%),1.7,0
948825,0,0.014961717,Low (<25%),1.5,0
948831,0,0.018967248,Low (<25%),1.9,0
948950,0,0.017928189,Low (<25%),1.8,0
949134,0,0.02363515,Low (<25%),2.4,0
949175,0,0.005079179,Low (<25%),0.5,0
949290,0,0.0025227258,Low (<25%),0.3,0
949406,0,0.0044311876,Low (<25%),0.4,0
949821,0,0.0073287045,Low (<25%),0.7,0
949829,0,0.0028420002,Low (<25%),0.3,0
949890,0,0.0017283575,Low (<25%),0.2,0
949952,0,0.005082084,Low (<25%),0.5,0
949974,0,0.010069246,Low (<25%),1.0,0
950029,0,0.017152047,Low (<25%),1.7,0
950107,0,0.005118838,Low (<25%),0.5,0
950193,0,0.01801628,Low (<25%),1.8,0
950213,0,0.008935657,Low (<25%),0.9,0
950216,0,0.0008827585,Low (<25%),0.1,0
950336,0,0.012955127,Low (<25%),1.3,0
950356,0,0.013603018,Low (<25%),1.4,0
950391,0,0.005144136,Low (<25%),0.5,0
950393,0,0.012869016,Low (<25%),1.3,0
950403,0,0.0051142243,Low (<25%),0.5,0
950437,0,0.004499849,Low (<25%),0.4,0
950445,0,0.0069557177,Low (<25%),0.7,0
950446,0,0.0069958675,Low (<25%),0.7,0
950467,0,0.023505496,Low (<25%),2.4,0
950593,0,0.009435277,Low (<25%),0.9,0
950660,0,0.01232401,Low (<25%),1.2,0
950707,0,0.0021752953,Low (<25%),0.2,0
950832,0,0.005145969,Low (<25%),0.5,0
950914,0,0.012122065,Low (<25%),1.2,0
950915,0,0.13361454,Low (<25%),13.4,0
950933,0,0.010349708,Low (<25%),1.0,0
950980,0,0.1705073,Low (<25%),17.1,0
951116,0,0.23591185,Low (<25%),23.6,0
951226,0,0.00533085,Low (<25%),0.5,0
951353,0,0.00674376,Low (<25%),0.7,0
951389,0,0.026605878,Low (<25%),2.7,0
951458,0,0.043431293,Low (<25%),4.3,0
951546,0,0.055544563,Low (<25%),5.6,0
951616,0,0.012897554,Low (<25%),1.3,0
951624,0,0.0035054602,Low (<25%),0.4,0
951712,0,0.030379292,Low (<25%),3.0,0
951719,0,0.012268981,Low (<25%),1.2,0
951746,0,0.03873933,Low (<25%),3.9,0
951781,0,0.006837522,Low (<25%),0.7,0
951879,0,0.0096303,Low (<25%),1.0,0
951941,0,0.0067296918,Low (<25%),0.7,0
951954,0,0.010735476,Low (<25%),1.1,0
952003,0,0.0027189222,Low (<25%),0.3,0
952026,0,0.0057245116,Low (<25%),0.6,0
952077,0,0.017169418,Low (<25%),1.7,0
952093,0,0.012781454,Low (<25%),1.3,0
952222,0,0.013573119,Low (<25%),1.4,0
952322,0,0.007948828,Low (<25%),0.8,0
952326,0,0.009188444,Low (<25%),0.9,0
952493,0,0.035723276,Low (<25%),3.6,0
952532,0,0.017246276,Low (<25%),1.7,0
952545,0,0.0026383332,Low (<25%),0.3,0
952573,1,0.91608274,Critical (>75%),91.6,0
952582,0,0.00058461673,Low (<25%),0.1,0
952602,0,0.0014333035,Low (<25%),0.1,0
952629,0,0.008685653,Low (<25%),0.9,0
952641,0,0.0028899203,Low (<25%),0.3,0
952672,0,0.005777712,Low (<25%),0.6,0
952696,0,0.04032614,Low (<25%),4.0,0
952717,0,0.026281865,Low (<25%),2.6,0
952730,0,0.0023444167,Low (<25%),0.2,0
952911,0,0.04607819,Low (<25%),4.6,0
952938,0,0.049603466,Low (<25%),5.0,0
952955,0,0.061983023,Low (<25%),6.2,0
952959,0,0.012539936,Low (<25%),1.3,0
953097,0,0.020102054,Low (<25%),2.0,0
953198,0,0.038399,Low (<25%),3.8,0
953210,1,0.9278876,Critical (>75%),92.8,0
953281,0,0.03705724,Low (<25%),3.7,0
953341,0,0.0066432273,Low (<25%),0.7,0
953420,0,0.003924389,Low (<25%),0.4,0
953431,0,0.008766276,Low (<25%),0.9,0
953448,0,0.0776524,Low (<25%),7.8,0
953614,0,0.0064138263,Low (<25%),0.6,0
953673,0,0.014830569,Low (<25%),1.5,0
953693,0,0.020108638,Low (<25%),2.0,0
953784,0,0.00062725414,Low (<25%),0.1,0
953795,0,0.0137837175,Low (<25%),1.4,0
953892,0,0.014125587,Low (<25%),1.4,0
953927,0,0.10642986,Low (<25%),10.6,0
954231,0,0.0274304,Low (<25%),2.7,0
954329,0,0.14618357,Low (<25%),14.6,0
954424,0,0.01593309,Low (<25%),1.6,0
954453,0,0.006504914,Low (<25%),0.7,0
954558,0,0.2806914,Medium (25-50%),28.1,0
954570,0,0.1535177,Low (<25%),15.4,0
954750,0,0.020290386,Low (<25%),2.0,0
954836,0,0.001514824,Low (<25%),0.2,0
954952,0,0.024791358,Low (<25%),2.5,0
954973,0,0.10763909,Low (<25%),10.8,0
955087,0,0.40233234,Medium (25-50%),40.2,0
955178,0,0.035422027,Low (<25%),3.5,0
955292,0,0.026629312,Low (<25%),2.7,0
955424,0,0.034250934,Low (<25%),3.4,0
955448,0,0.43146685,Medium (25-50%),43.1,0
955463,0,0.0024508575,Low (<25%),0.2,0
955479,0,0.024868554,Low (<25%),2.5,0
955567,0,0.0056676073,Low (<25%),0.6,0
955633,0,0.01330986,Low (<25%),1.3,0
955649,0,0.016187882,Low (<25%),1.6,0
955666,0,0.003480676,Low (<25%),0.3,0
955716,0,0.0021371911,Low (<25%),0.2,0
955720,0,0.048705883,Low (<25%),4.9,0
955750,0,0.0030492742,Low (<25%),0.3,0
955773,0,0.0005126709,Low (<25%),0.1,0
955991,0,0.03912896,Low (<25%),3.9,0
956005,0,0.0067321914,Low (<25%),0.7,0
956071,0,0.0193565,Low (<25%),1.9,0
956144,0,0.0039804773,Low (<25%),0.4,0
956191,0,0.005364591,Low (<25%),0.5,0
956402,0,0.10513061,Low (<25%),10.5,0
956438,0,0.010378828,Low (<25%),1.0,0
956477,0,0.046717525,Low (<25%),4.7,0
956558,0,0.21963406,Low (<25%),22.0,0
956619,0,0.3288498,Medium (25-50%),32.9,0
956843,0,0.10341083,Low (<25%),10.3,0
956861,1,0.9159648,Critical (>75%),91.6,0
956908,0,0.048165534,Low (<25%),4.8,0
956946,0,0.015768657,Low (<25%),1.6,0
957008,0,0.17422287,Low (<25%),17.4,0
957061,0,0.0031487248,Low (<25%),0.3,0
957127,0,0.3573226,Medium (25-50%),35.7,0
957214,0,0.010943545,Low (<25%),1.1,0
957276,1,0.98252213,Critical (>75%),98.3,1
957413,0,0.026814364,Low (<25%),2.7,0
957419,0,0.3223761,Medium (25-50%),32.2,0
957452,0,0.004380194,Low (<25%),0.4,0
957557,0,0.029889189,Low (<25%),3.0,0
957571,0,0.017308569,Low (<25%),1.7,0
957572,0,0.02873311,Low (<25%),2.9,0
957628,0,0.02441858,Low (<25%),2.4,0
957686,0,0.0049870964,Low (<25%),0.5,0
957764,0,0.026330428,Low (<25%),2.6,0
957881,0,0.0015320181,Low (<25%),0.2,0
957901,0,0.13278148,Low (<25%),13.3,0
957912,0,0.01681196,Low (<25%),1.7,0
958005,0,0.011230732,Low (<25%),1.1,0
958026,0,0.0101930415,Low (<25%),1.0,0
958059,0,0.00581847,Low (<25%),0.6,0
958143,0,0.006790826,Low (<25%),0.7,0
958224,0,0.05030886,Low (<25%),5.0,0
958243,0,0.0136188185,Low (<25%),1.4,0
958274,0,0.007423944,Low (<25%),0.7,0
958299,0,0.07735559,Low (<25%),7.7,0
958472,0,0.25793505,Medium (25-50%),25.8,0
958491,0,0.025756132,Low (<25%),2.6,0
958544,0,0.01268147,Low (<25%),1.3,0
958687,0,0.02387109,Low (<25%),2.4,0
958709,0,0.014264673,Low (<25%),1.4,0
958767,0,0.010934202,Low (<25%),1.1,0
958791,0,0.30251154,Medium (25-50%),30.3,0
958800,0,0.9041313,Critical (>75%),90.4,0
958915,0,0.12746634,Low (<25%),12.7,0
958923,0,0.0023065184,Low (<25%),0.2,0
958931,0,0.036751855,Low (<25%),3.7,0
958941,0,0.024334695,Low (<25%),2.4,0
959044,0,0.008101938,Low (<25%),0.8,0
959059,0,0.0059263874,Low (<25%),0.6,0
959137,0,0.008996335,Low (<25%),0.9,0
959192,0,0.019620761,Low (<25%),2.0,0
959280,0,0.0010076329,Low (<25%),0.1,0
959364,0,0.018645851,Low (<25%),1.9,0
959402,0,0.0016173789,Low (<25%),0.2,0
959478,0,0.037359457,Low (<25%),3.7,0
959514,0,0.002215073,Low (<25%),0.2,0
959673,0,0.00093486154,Low (<25%),0.1,0
959728,0,0.4964637,Medium (25-50%),49.6,0
959793,0,0.005846271,Low (<25%),0.6,0
959821,0,0.10924822,Low (<25%),10.9,0
959977,0,0.0006634972,Low (<25%),0.1,0
960005,0,0.002878712,Low (<25%),0.3,0
960082,0,0.002714153,Low (<25%),0.3,0
960195,0,0.00873426,Low (<25%),0.9,0
960309,0,0.46285325,Medium (25-50%),46.3,0
960417,0,0.00010140225,Low (<25%),0.0,0
960441,0,0.009660016,Low (<25%),1.0,0
960629,0,0.0443464,Low (<25%),4.4,0
960708,0,0.046808414,Low (<25%),4.7,0
960913,0,0.029775634,Low (<25%),3.0,0
960934,0,0.060451683,Low (<25%),6.0,0
961177,0,0.06471364,Low (<25%),6.5,0
961218,0,0.027177515,Low (<25%),2.7,0
961331,0,0.01578699,Low (<25%),1.6,0
961427,0,0.0038757536,Low (<25%),0.4,0
961533,0,0.0042595877,Low (<25%),0.4,0
961595,0,0.029663784,Low (<25%),3.0,0
961639,0,0.0077633746,Low (<25%),0.8,0
961682,0,0.013965419,Low (<25%),1.4,0
961837,0,0.012138654,Low (<25%),1.2,0
961961,0,0.00897879,Low (<25%),0.9,0
961965,0,0.005883528,Low (<25%),0.6,0
961978,0,0.013516067,Low (<25%),1.4,0
962011,0,0.122077025,Low (<25%),12.2,0
962267,0,0.22089237,Low (<25%),22.1,0
962455,0,0.004990498,Low (<25%),0.5,0
962566,0,0.024110414,Low (<25%),2.4,0
962637,0,0.027326869,Low (<25%),2.7,0
962657,0,0.052479133,Low (<25%),5.2,0
962661,0,0.0071059125,Low (<25%),0.7,0
962730,0,0.014233455,Low (<25%),1.4,0
962801,0,0.012310454,Low (<25%),1.2,0
962989,0,0.003983965,Low (<25%),0.4,0
963016,0,0.004047018,Low (<25%),0.4,0
963036,0,0.00051345094,Low (<25%),0.1,0
963067,0,0.0037874056,Low (<25%),0.4,0
963100,0,0.00995099,Low (<25%),1.0,0
963170,0,0.014052517,Low (<25%),1.4,0
963410,0,0.042359278,Low (<25%),4.2,0
963464,0,0.014856654,Low (<25%),1.5,0
963473,0,0.02022739,Low (<25%),2.0,0
963487,0,0.0016587836,Low (<25%),0.2,0
963502,0,0.0024447402,Low (<25%),0.2,0
963523,0,0.03609568,Low (<25%),3.6,0
963541,0,0.16915986,Low (<25%),16.9,0
963595,0,0.04395889,Low (<25%),4.4,0
963619,0,0.003233213,Low (<25%),0.3,0
963642,0,0.015450919,Low (<25%),1.5,0
963644,0,0.026330153,Low (<25%),2.6,0
963690,0,0.03073525,Low (<25%),3.1,0
963757,0,0.021164266,Low (<25%),2.1,0
963814,0,0.009178373,Low (<25%),0.9,0
963985,0,0.03904655,Low (<25%),3.9,0
964047,0,0.008115633,Low (<25%),0.8,0
964151,0,0.11505831,Low (<25%),11.5,0
964159,0,0.0053790673,Low (<25%),0.5,0
964744,0,0.065575175,Low (<25%),6.6,0
964789,0,0.031670902,Low (<25%),3.2,0
964791,0,0.25755188,Medium (25-50%),25.8,0
965012,0,0.0030362138,Low (<25%),0.3,0
965066,1,0.887007,Critical (>75%),88.7,0
965079,0,0.035445064,Low (<25%),3.5,0
965116,0,0.023175882,Low (<25%),2.3,0
965154,0,0.21230856,Low (<25%),21.2,0
965254,0,0.0012023293,Low (<25%),0.1,0
965482,0,0.0051511833,Low (<25%),0.5,0
965590,0,0.015979541,Low (<25%),1.6,0
965605,0,0.010097858,Low (<25%),1.0,0
965674,0,0.025724156,Low (<25%),2.6,0
965688,0,0.012111883,Low (<25%),1.2,0
965698,0,0.023919944,Low (<25%),2.4,0
965751,0,0.037690207,Low (<25%),3.8,0
965758,0,0.08159271,Low (<25%),8.2,0
965948,0,0.0018067386,Low (<25%),0.2,0
966059,0,0.080471486,Low (<25%),8.0,0
966117,0,0.0019665388,Low (<25%),0.2,0
966142,0,0.17482166,Low (<25%),17.5,0
966204,0,0.23042454,Low (<25%),23.0,0
966210,0,0.0001733222,Low (<25%),0.0,0
966227,0,0.0018079876,Low (<25%),0.2,0
966285,0,0.046454642,Low (<25%),4.6,0
966372,0,0.006169299,Low (<25%),0.6,0
966389,0,0.019501405,Low (<25%),2.0,0
966391,0,0.42548782,Medium (25-50%),42.5,0
966512,0,0.18485521,Low (<25%),18.5,0
966580,0,0.001455812,Low (<25%),0.1,0
966698,1,0.91839397,Critical (>75%),91.8,0
966729,0,0.01790524,Low (<25%),1.8,0
966797,0,0.011691869,Low (<25%),1.2,0
966891,0,0.0062626577,Low (<25%),0.6,0
966920,0,0.06869739,Low (<25%),6.9,0
966953,0,0.059268516,Low (<25%),5.9,0
967017,0,0.08747935,Low (<25%),8.7,0
967032,0,0.25905976,Medium (25-50%),25.9,0
967035,0,0.0035806922,Low (<25%),0.4,0
967093,0,0.07181013,Low (<25%),7.2,0
967150,0,0.0049893428,Low (<25%),0.5,0
967241,0,0.012167189,Low (<25%),1.2,0
967253,1,0.98652387,Critical (>75%),98.7,1
967298,0,0.0052039637,Low (<25%),0.5,0
967300,0,0.0013457143,Low (<25%),0.1,0
967347,0,0.064450294,Low (<25%),6.4,0
967443,0,0.16017577,Low (<25%),16.0,0
967462,0,0.005077165,Low (<25%),0.5,0
967490,0,0.028139137,Low (<25%),2.8,0
967500,0,0.0014253298,Low (<25%),0.1,0
967502,0,0.0696654,Low (<25%),7.0,0
967628,0,0.014244243,Low (<25%),1.4,0
967637,0,0.012660718,Low (<25%),1.3,0
967693,1,0.9944764,Critical (>75%),99.4,1
967772,0,0.026900437,Low (<25%),2.7,0
967838,0,0.0032879577,Low (<25%),0.3,0
967883,0,0.11211112,Low (<25%),11.2,0
967904,0,0.011888089,Low (<25%),1.2,0
967966,0,0.0033031865,Low (<25%),0.3,0
968034,0,0.002925808,Low (<25%),0.3,0
968064,0,0.0074030487,Low (<25%),0.7,0
968090,0,0.021286804,Low (<25%),2.1,0
968225,0,0.014117129,Low (<25%),1.4,0
968253,0,0.017580327,Low (<25%),1.8,0
968312,0,0.010095665,Low (<25%),1.0,0
968325,0,0.01005898,Low (<25%),1.0,0
968370,0,0.016225478,Low (<25%),1.6,0
968447,0,0.037538905,Low (<25%),3.8,0
968450,0,0.020765457,Low (<25%),2.1,0
968484,0,0.012301782,Low (<25%),1.2,0
968497,0,0.00062010484,Low (<25%),0.1,0
968608,0,0.014940733,Low (<25%),1.5,0
968632,0,0.008015883,Low (<25%),0.8,0
968638,0,0.03661229,Low (<25%),3.7,0
968666,0,0.22070536,Low (<25%),22.1,0
968671,0,0.0053373114,Low (<25%),0.5,0
968764,0,0.0016278784,Low (<25%),0.2,0
968807,0,0.008070629,Low (<25%),0.8,0
968828,0,0.03635764,Low (<25%),3.6,0
968943,0,0.0043456946,Low (<25%),0.4,0
969053,0,0.040740892,Low (<25%),4.1,0
969092,0,0.0008425468,Low (<25%),0.1,0
969165,0,0.0066645797,Low (<25%),0.7,0
969277,0,0.16200945,Low (<25%),16.2,0
969313,0,0.005186543,Low (<25%),0.5,0
969318,0,0.0019220922,Low (<25%),0.2,0
969342,0,0.012421199,Low (<25%),1.2,0
969350,0,0.0038100213,Low (<25%),0.4,0
969360,0,0.011225041,Low (<25%),1.1,0
969378,0,0.110381104,Low (<25%),11.0,0
969483,0,0.03279403,Low (<25%),3.3,0
969485,0,0.018051052,Low (<25%),1.8,0
969500,0,0.010191795,Low (<25%),1.0,0
969616,0,0.005237557,Low (<25%),0.5,0
969617,0,0.0083129285,Low (<25%),0.8,0
969626,0,0.3538148,Medium (25-50%),35.4,0
969632,0,0.003422995,Low (<25%),0.3,0
969653,1,0.98077136,Critical (>75%),98.1,1
969687,0,0.011929216,Low (<25%),1.2,0
969689,0,0.008509649,Low (<25%),0.9,0
969732,0,0.004748581,Low (<25%),0.5,0
969764,0,0.008437201,Low (<25%),0.8,0
969810,0,0.010567905,Low (<25%),1.1,0
969913,0,0.083456084,Low (<25%),8.3,0
969924,0,0.004570689,Low (<25%),0.5,0
969933,0,0.078700684,Low (<25%),7.9,0
969938,0,0.0040010912,Low (<25%),0.4,0
970014,0,0.030063199,Low (<25%),3.0,0
970092,0,0.027391985,Low (<25%),2.7,0
970102,0,0.005110778,Low (<25%),0.5,0
970154,0,0.008794484,Low (<25%),0.9,0
970195,0,0.025520338,Low (<25%),2.6,0
970351,0,0.0010785938,Low (<25%),0.1,0
970576,0,0.8961199,Critical (>75%),89.6,0
970637,0,0.011853015,Low (<25%),1.2,0
970639,0,0.035076965,Low (<25%),3.5,0
970706,0,0.004860263,Low (<25%),0.5,0
970746,0,0.008475256,Low (<25%),0.8,0
970783,0,0.09860041,Low (<25%),9.9,0
970964,0,0.38150868,Medium (25-50%),38.2,0
970976,0,0.008272803,Low (<25%),0.8,0
971097,0,0.029108178,Low (<25%),2.9,0
971107,0,0.0044217883,Low (<25%),0.4,0
971142,0,0.0055853436,Low (<25%),0.6,0
971157,0,0.045843773,Low (<25%),4.6,0
971164,0,0.008105886,Low (<25%),0.8,0
971318,0,0.011778953,Low (<25%),1.2,0
971370,0,0.0067838533,Low (<25%),0.7,0
971488,0,0.011048392,Low (<25%),1.1,0
971528,0,0.0029073886,Low (<25%),0.3,0
971581,0,0.011718302,Low (<25%),1.2,0
971582,0,0.0051069898,Low (<25%),0.5,0
971599,0,0.04194564,Low (<25%),4.2,0
971609,0,0.08026326,Low (<25%),8.0,0
971627,0,0.034657873,Low (<25%),3.5,0
971637,0,0.009384483,Low (<25%),0.9,0
971670,0,0.046942953,Low (<25%),4.7,0
971987,0,0.005928427,Low (<25%),0.6,0
972121,0,0.007599221,Low (<25%),0.8,0
972129,0,0.011744905,Low (<25%),1.2,0
972157,0,0.014587876,Low (<25%),1.5,0
972298,0,0.009199656,Low (<25%),0.9,0
972581,0,0.01259642,Low (<25%),1.3,0
972636,0,0.012241685,Low (<25%),1.2,0
972648,0,0.00040015232,Low (<25%),0.0,0
972673,0,0.014394455,Low (<25%),1.4,0
972686,0,0.017813982,Low (<25%),1.8,0
972732,0,0.0008357119,Low (<25%),0.1,0
972787,0,0.053292416,Low (<25%),5.3,0
972795,0,0.010811133,Low (<25%),1.1,0
972954,0,0.0048849885,Low (<25%),0.5,0
972964,0,0.07645738,Low (<25%),7.6,0
972994,0,0.013554185,Low (<25%),1.4,0
973060,1,0.98609716,Critical (>75%),98.6,1
973111,0,0.009746698,Low (<25%),1.0,0
973112,0,0.10155483,Low (<25%),10.2,0
973168,0,0.0054149576,Low (<25%),0.5,0
973357,0,0.017002326,Low (<25%),1.7,0
973485,0,0.01579083,Low (<25%),1.6,0
973524,0,0.0021125516,Low (<25%),0.2,0
973728,0,0.017585333,Low (<25%),1.8,0
973846,0,0.0001990546,Low (<25%),0.0,0
973860,0,0.020928167,Low (<25%),2.1,0
973897,0,0.008750396,Low (<25%),0.9,0
973921,0,0.05989538,Low (<25%),6.0,0
973951,0,0.004319849,Low (<25%),0.4,0
974041,0,0.012569571,Low (<25%),1.3,0
974114,0,0.01601887,Low (<25%),1.6,0
974209,0,0.0034733617,Low (<25%),0.3,0
974265,0,0.014435026,Low (<25%),1.4,0
974330,0,0.008425143,Low (<25%),0.8,0
974441,1,0.9893407,Critical (>75%),98.9,1
974500,0,0.021441903,Low (<25%),2.1,0
974606,0,0.014503662,Low (<25%),1.5,0
974617,0,0.013555598,Low (<25%),1.4,0
974630,0,0.008619035,Low (<25%),0.9,0
974758,0,0.0019034948,Low (<25%),0.2,0
974777,0,0.0023960583,Low (<25%),0.2,0
974829,0,0.04061282,Low (<25%),4.1,0
974848,0,0.14687341,Low (<25%),14.7,0
974875,0,0.0004222848,Low (<25%),0.0,0
975181,0,0.06776699,Low (<25%),6.8,0
975199,0,0.007164641,Low (<25%),0.7,0
975298,0,0.008031144,Low (<25%),0.8,0
975309,0,0.0023739596,Low (<25%),0.2,0
975387,0,0.015523383,Low (<25%),1.6,0
975407,0,0.0021430473,Low (<25%),0.2,0
975412,0,0.008765261,Low (<25%),0.9,0
975477,0,0.00426325,Low (<25%),0.4,0
975497,0,0.0036195524,Low (<25%),0.4,0
975614,0,0.008333382,Low (<25%),0.8,0
975749,0,0.0024990067,Low (<25%),0.2,0
975767,0,0.0034024215,Low (<25%),0.3,0
975846,0,0.029699244,Low (<25%),3.0,0
975918,0,0.017172588,Low (<25%),1.7,0
975944,0,0.04612574,Low (<25%),4.6,0
976007,0,0.025011452,Low (<25%),2.5,0
976153,0,0.007371807,Low (<25%),0.7,0
976307,0,0.0021386945,Low (<25%),0.2,0
976423,0,0.03583396,Low (<25%),3.6,0
976489,0,0.34352127,Medium (25-50%),34.4,0
976513,0,0.035269417,Low (<25%),3.5,0
976529,0,0.014095292,Low (<25%),1.4,0
976596,0,0.0008916121,Low (<25%),0.1,0
976605,0,0.010022111,Low (<25%),1.0,0
976623,0,0.024306504,Low (<25%),2.4,0
976636,0,0.0055360673,Low (<25%),0.6,0
976695,0,0.010045927,Low (<25%),1.0,0
976700,0,0.026687134,Low (<25%),2.7,0
977037,0,0.0011272191,Low (<25%),0.1,0
977080,0,0.000914975,Low (<25%),0.1,0
977178,0,0.0043825866,Low (<25%),0.4,0
977244,0,0.0059964377,Low (<25%),0.6,0
977274,0,0.022140207,Low (<25%),2.2,0
977303,0,0.0043976153,Low (<25%),0.4,0
977305,0,0.0040184017,Low (<25%),0.4,0
977363,1,0.9164102,Critical (>75%),91.6,0
977377,1,0.9983902,Critical (>75%),99.8,1
977523,0,0.03171717,Low (<25%),3.2,0
977550,0,0.002799224,Low (<25%),0.3,0
977693,0,0.0043044635,Low (<25%),0.4,0
977916,0,0.0044484534,Low (<25%),0.4,0
978048,0,0.5318293,High (50-75%),53.2,0
978130,0,0.0035889936,Low (<25%),0.4,0
978349,0,0.005230737,Low (<25%),0.5,0
978484,0,0.31863147,Medium (25-50%),31.9,0
978654,0,0.016332021,Low (<25%),1.6,0
978676,0,0.0233736,Low (<25%),2.3,0
979010,0,0.059416812,Low (<25%),5.9,0
979053,0,0.010432245,Low (<25%),1.0,0
979075,0,0.0015630109,Low (<25%),0.2,0
979115,0,0.039130654,Low (<25%),3.9,0
979135,0,0.010323016,Low (<25%),1.0,0
979262,0,0.042952925,Low (<25%),4.3,0
979309,0,0.023997782,Low (<25%),2.4,0
979355,0,0.004900155,Low (<25%),0.5,0
979389,0,0.006626385,Low (<25%),0.7,0
979449,1,0.98315525,Critical (>75%),98.3,1
979467,0,0.0063360687,Low (<25%),0.6,0
979548,0,0.00763973,Low (<25%),0.8,0
979575,0,0.0100827925,Low (<25%),1.0,0
979598,0,0.0041163242,Low (<25%),0.4,0
979634,0,0.0056197937,Low (<25%),0.6,0
979639,0,0.0033048843,Low (<25%),0.3,0
979644,0,0.025349205,Low (<25%),2.5,0
979703,0,0.02348671,Low (<25%),2.3,0
979776,0,0.01666129,Low (<25%),1.7,0
979901,0,0.020052684,Low (<25%),2.0,0
979983,0,0.06356505,Low (<25%),6.4,0
980198,0,0.029550444,Low (<25%),3.0,0
980338,0,0.007292297,Low (<25%),0.7,0
980414,0,0.023973066,Low (<25%),2.4,0
980478,0,0.035069324,Low (<25%),3.5,0
980575,0,0.007456122,Low (<25%),0.7,0
980651,0,0.0053622457,Low (<25%),0.5,0
980761,0,0.0050531924,Low (<25%),0.5,0
980788,0,0.024215907,Low (<25%),2.4,0
980837,0,0.12975413,Low (<25%),13.0,0
980856,0,0.010214737,Low (<25%),1.0,0
980915,0,0.034733042,Low (<25%),3.5,0
980935,0,0.0010404275,Low (<25%),0.1,0
980952,0,0.104849555,Low (<25%),10.5,0
981091,0,0.022690967,Low (<25%),2.3,0
981117,0,0.5868863,High (50-75%),58.7,0
981150,0,0.077264994,Low (<25%),7.7,0
981160,0,0.016098252,Low (<25%),1.6,0
981195,0,0.004676657,Low (<25%),0.5,0
981201,0,0.0015753951,Low (<25%),0.2,0
981220,1,0.99733907,Critical (>75%),99.7,1
981304,0,0.0062682834,Low (<25%),0.6,0
981343,0,0.016875954,Low (<25%),1.7,0
981395,0,0.008199031,Low (<25%),0.8,0
981427,0,0.006959309,Low (<25%),0.7,0
981434,0,0.0041376525,Low (<25%),0.4,0
981508,0,0.0070448304,Low (<25%),0.7,0
981536,0,0.004706697,Low (<25%),0.5,0
981581,0,0.005157707,Low (<25%),0.5,0
981664,0,0.0016015597,Low (<25%),0.2,0
981674,0,0.00047365404,Low (<25%),0.0,0
981691,0,0.010628481,Low (<25%),1.1,0
981737,0,0.02134845,Low (<25%),2.1,0
981848,0,0.011497695,Low (<25%),1.1,0
981851,0,0.006245022,Low (<25%),0.6,0
981920,0,0.014335117,Low (<25%),1.4,0
982017,0,0.0022404417,Low (<25%),0.2,0
982059,0,0.013018653,Low (<25%),1.3,0
982096,0,0.016449064,Low (<25%),1.6,0
982202,0,0.02855243,Low (<25%),2.9,0
982296,0,0.008378207,Low (<25%),0.8,0
982416,0,0.0077726184,Low (<25%),0.8,0
982433,0,0.09395445,Low (<25%),9.4,0
982446,0,0.0074616107,Low (<25%),0.7,0
982501,0,0.13682859,Low (<25%),13.7,0
982508,0,0.007996243,Low (<25%),0.8,0
982528,1,0.8849825,Critical (>75%),88.5,0
982535,0,0.007968999,Low (<25%),0.8,0
982542,1,0.9985261,Critical (>75%),99.9,1
982578,0,0.014133279,Low (<25%),1.4,0
982715,0,0.031794682,Low (<25%),3.2,0
982969,0,0.015486786,Low (<25%),1.5,0
983130,0,0.0074029476,Low (<25%),0.7,0
983242,0,0.028131189,Low (<25%),2.8,0
983393,0,0.055229284,Low (<25%),5.5,0
983416,0,0.0004918133,Low (<25%),0.0,0
983524,0,0.00026912405,Low (<25%),0.0,0
983551,0,0.027436722,Low (<25%),2.7,0
983713,0,0.0025877454,Low (<25%),0.3,0
983809,0,0.0014728871,Low (<25%),0.1,0
983822,0,0.052717343,Low (<25%),5.3,0
983900,0,0.12940717,Low (<25%),12.9,0
983968,0,0.002324216,Low (<25%),0.2,0
984055,0,0.012709891,Low (<25%),1.3,0
984086,0,0.024331622,Low (<25%),2.4,0
984115,0,0.025594523,Low (<25%),2.6,0
984290,0,0.27226594,Medium (25-50%),27.2,0
984409,0,0.01463551,Low (<25%),1.5,0
984429,0,0.016741877,Low (<25%),1.7,0
984545,0,0.002334746,Low (<25%),0.2,0
984636,0,0.002067662,Low (<25%),0.2,0
984798,0,0.05916075,Low (<25%),5.9,0
984824,0,0.0029496145,Low (<25%),0.3,0
984878,0,0.009689822,Low (<25%),1.0,0
985183,0,0.024363603,Low (<25%),2.4,0
985211,0,0.017070815,Low (<25%),1.7,0
985266,0,0.0501973,Low (<25%),5.0,0
985320,1,0.99871945,Critical (>75%),99.9,1
985341,0,0.0720568,Low (<25%),7.2,0
985374,0,0.022794856,Low (<25%),2.3,0
985516,0,0.0070689446,Low (<25%),0.7,0
985707,0,0.008490946,Low (<25%),0.8,0
985765,0,0.0011495365,Low (<25%),0.1,0
985839,0,0.041496057,Low (<25%),4.1,0
986018,0,0.021796614,Low (<25%),2.2,0
986055,0,0.009436325,Low (<25%),0.9,0
986086,0,0.0062214723,Low (<25%),0.6,0
986143,0,0.021371536,Low (<25%),2.1,0
986208,0,0.12346557,Low (<25%),12.3,0
986217,0,0.0053359442,Low (<25%),0.5,0
986288,0,0.10430012,Low (<25%),10.4,0
986421,0,0.0029274581,Low (<25%),0.3,0
986461,0,0.01957692,Low (<25%),2.0,0
986507,0,0.028710097,Low (<25%),2.9,0
986551,0,0.012443939,Low (<25%),1.2,0
986623,0,0.127149,Low (<25%),12.7,0
986825,0,0.023112012,Low (<25%),2.3,0
987122,0,0.016480638,Low (<25%),1.6,0
987153,0,0.044698827,Low (<25%),4.5,0
987171,0,0.010366914,Low (<25%),1.0,0
987205,0,0.005613442,Low (<25%),0.6,0
987221,0,0.002957772,Low (<25%),0.3,0
987347,0,0.0035801462,Low (<25%),0.4,0
987425,0,0.0022829096,Low (<25%),0.2,0
987482,0,0.026542712,Low (<25%),2.7,0
987530,0,0.007451038,Low (<25%),0.7,0
987612,0,0.0035493693,Low (<25%),0.4,0
987921,0,0.0040822807,Low (<25%),0.4,0
987978,0,0.12421215,Low (<25%),12.4,0
988043,0,0.017991059,Low (<25%),1.8,0
988149,0,0.31021872,Medium (25-50%),31.0,0
988178,0,0.011708703,Low (<25%),1.2,0
988249,0,0.0016197753,Low (<25%),0.2,0
988307,0,0.016761402,Low (<25%),1.7,0
988345,0,0.00046662297,Low (<25%),0.0,0
988392,0,0.0016546635,Low (<25%),0.2,0
988419,0,0.005265473,Low (<25%),0.5,0
988510,0,0.025021577,Low (<25%),2.5,0
988638,0,0.03284109,Low (<25%),3.3,0
988691,0,0.14943421,Low (<25%),14.9,0
988728,0,0.0011970715,Low (<25%),0.1,0
988921,0,0.00891159,Low (<25%),0.9,0
989048,0,0.009571796,Low (<25%),1.0,0
989134,0,0.0118401535,Low (<25%),1.2,0
989148,0,0.070720285,Low (<25%),7.1,0
989154,0,0.004436104,Low (<25%),0.4,0
989256,0,0.19088699,Low (<25%),19.1,0
989262,0,0.01396731,Low (<25%),1.4,0
989406,0,0.061958004,Low (<25%),6.2,0
989478,0,0.011280163,Low (<25%),1.1,0
989527,0,0.00015498488,Low (<25%),0.0,0
989528,0,0.019959476,Low (<25%),2.0,0
989568,0,0.016940385,Low (<25%),1.7,0
989666,0,0.0055134767,Low (<25%),0.6,0
989746,0,0.0044181035,Low (<25%),0.4,0
989802,0,0.020159164,Low (<25%),2.0,0
989816,0,0.014648147,Low (<25%),1.5,0
989986,0,0.006968763,Low (<25%),0.7,0
990077,0,0.21235271,Low (<25%),21.2,0
990204,0,0.018857302,Low (<25%),1.9,0
990218,0,0.002566626,Low (<25%),0.3,0
990268,0,0.015200079,Low (<25%),1.5,0
990595,0,0.047227412,Low (<25%),4.7,0
990598,0,0.030709855,Low (<25%),3.1,0
990905,0,0.00318608,Low (<25%),0.3,0
990918,0,0.00063813134,Low (<25%),0.1,0
990933,0,0.0075513283,Low (<25%),0.8,0
990955,0,0.0071278512,Low (<25%),0.7,0
991050,0,0.012537722,Low (<25%),1.3,0
991056,0,0.024405515,Low (<25%),2.4,0
991084,0,0.018270444,Low (<25%),1.8,0
991090,0,0.05155186,Low (<25%),5.2,0
991210,1,0.99773943,Critical (>75%),99.8,1
991230,0,0.00034505644,Low (<25%),0.0,0
991356,0,0.008509975,Low (<25%),0.9,0
991419,0,0.026161995,Low (<25%),2.6,0
991442,1,0.9389604,Critical (>75%),93.9,1
991529,0,0.0051971306,Low (<25%),0.5,0
991568,0,0.0014158498,Low (<25%),0.1,0
991638,0,0.0018550695,Low (<25%),0.2,0
991672,0,0.07870625,Low (<25%),7.9,0
991893,0,0.00035264666,Low (<25%),0.0,0
991924,0,0.01588731,Low (<25%),1.6,0
992002,0,0.022520939,Low (<25%),2.3,0
992028,0,0.0024206305,Low (<25%),0.2,0
992065,1,0.84580296,Critical (>75%),84.6,0
992072,0,0.017268216,Low (<25%),1.7,0
992168,0,0.0021644763,Low (<25%),0.2,0
992194,0,0.008197763,Low (<25%),0.8,0
992268,0,0.029078322,Low (<25%),2.9,0
992476,0,0.019336414,Low (<25%),1.9,0
992488,0,0.0063401563,Low (<25%),0.6,0
992524,0,0.41266623,Medium (25-50%),41.3,0
992538,0,0.0014019507,Low (<25%),0.1,0
992769,0,0.0018735916,Low (<25%),0.2,0
992854,0,0.018358456,Low (<25%),1.8,0
992886,0,0.08251015,Low (<25%),8.3,0
992930,0,0.020622052,Low (<25%),2.1,0
992985,0,0.0020641526,Low (<25%),0.2,0
992986,0,0.0054600616,Low (<25%),0.5,0
993054,0,0.0129841175,Low (<25%),1.3,0
993058,0,0.0026097714,Low (<25%),0.3,0
993170,0,0.0021906726,Low (<25%),0.2,0
993241,0,0.0013668154,Low (<25%),0.1,0
993266,0,0.002084824,Low (<25%),0.2,0
993271,0,0.0015829449,Low (<25%),0.2,0
993328,0,0.018660942,Low (<25%),1.9,0
993650,0,0.10937991,Low (<25%),10.9,0
993986,0,0.0040061167,Low (<25%),0.4,0
994044,1,0.88230425,Critical (>75%),88.2,0
994225,0,0.014922568,Low (<25%),1.5,0
994285,0,0.010454568,Low (<25%),1.0,0
994308,0,0.52811944,High (50-75%),52.8,0
994374,0,0.007838607,Low (<25%),0.8,0
994377,0,0.0023639887,Low (<25%),0.2,0
994443,0,0.012915955,Low (<25%),1.3,0
994541,0,0.0050747064,Low (<25%),0.5,0
994571,0,0.0011766287,Low (<25%),0.1,0
994609,0,0.011666397,Low (<25%),1.2,0
994676,0,0.03349836,Low (<25%),3.3,0
994679,1,0.87636054,Critical (>75%),87.6,0
994707,0,0.037707638,Low (<25%),3.8,0
994763,0,0.073945366,Low (<25%),7.4,0
994877,0,0.08642441,Low (<25%),8.6,0
994940,0,0.0018282058,Low (<25%),0.2,0
994993,0,0.0024266797,Low (<25%),0.2,0
995091,0,0.04609405,Low (<25%),4.6,0
995128,0,0.08038757,Low (<25%),8.0,0
995142,0,0.014122507,Low (<25%),1.4,0
995333,0,0.025280291,Low (<25%),2.5,0
995527,0,0.07878549,Low (<25%),7.9,0
995662,0,0.013467668,Low (<25%),1.3,0
995695,0,0.004140227,Low (<25%),0.4,0
995734,0,0.015007931,Low (<25%),1.5,0
995777,0,0.02104104,Low (<25%),2.1,0
995877,0,0.039123196,Low (<25%),3.9,0
996086,0,0.42460528,Medium (25-50%),42.5,0
996152,0,0.057757385,Low (<25%),5.8,0
996238,0,0.0051714657,Low (<25%),0.5,0
996254,0,0.070101894,Low (<25%),7.0,0
996333,0,0.0011072003,Low (<25%),0.1,0
996349,0,0.20632051,Low (<25%),20.6,0
996488,0,0.0021078424,Low (<25%),0.2,0
996539,0,0.077780195,Low (<25%),7.8,0
996616,0,0.016346414,Low (<25%),1.6,0
996639,0,0.0044670333,Low (<25%),0.4,0
996686,0,0.014175718,Low (<25%),1.4,0
996745,0,0.013694545,Low (<25%),1.4,0
996794,0,0.043728653,Low (<25%),4.4,0
996796,0,0.0021556632,Low (<25%),0.2,0
996896,0,0.003664835,Low (<25%),0.4,0
996900,0,0.002369793,Low (<25%),0.2,0
996989,0,0.060742307,Low (<25%),6.1,0
996997,0,0.0015239475,Low (<25%),0.2,0
997121,0,0.059429258,Low (<25%),5.9,0
997189,0,0.0037029386,Low (<25%),0.4,0
997359,0,0.0036785754,Low (<25%),0.4,0
997370,1,0.99029934,Critical (>75%),99.0,1
997395,0,0.08670291,Low (<25%),8.7,0
997434,0,0.018237732,Low (<25%),1.8,0
997439,0,0.0043386086,Low (<25%),0.4,0
997478,0,0.020016428,Low (<25%),2.0,0
997539,0,0.014806894,Low (<25%),1.5,0
997599,0,0.006194229,Low (<25%),0.6,0
997654,0,0.0065828264,Low (<25%),0.7,0
997710,1,0.99775237,Critical (>75%),99.8,1
997741,0,0.18908945,Low (<25%),18.9,0
997945,0,0.04868312,Low (<25%),4.9,0
997964,0,0.09942597,Low (<25%),9.9,0
998072,1,0.96608627,Critical (>75%),96.6,1
998078,0,0.056771614,Low (<25%),5.7,0
998085,0,0.0039963513,Low (<25%),0.4,0
998090,0,0.0043658027,Low (<25%),0.4,0
998112,0,0.011145837,Low (<25%),1.1,0
998192,0,0.0056279292,Low (<25%),0.6,0
998465,0,0.0068308283,Low (<25%),0.7,0
998507,0,0.04074222,Low (<25%),4.1,0
998580,0,0.029409591,Low (<25%),2.9,0
998776,0,0.053146932,Low (<25%),5.3,0
998820,0,0.015050112,Low (<25%),1.5,0
998934,0,0.015461122,Low (<25%),1.5,0
998972,1,0.982938,Critical (>75%),98.3,1
999120,0,0.006478794,Low (<25%),0.6,0
999272,0,0.0009790672,Low (<25%),0.1,0
999498,0,0.0028471234,Low (<25%),0.3,0
999513,0,0.01802425,Low (<25%),1.8,0
999524,0,0.019774629,Low (<25%),2.0,0
999550,0,0.007839672,Low (<25%),0.8,0
999631,0,0.0045223804,Low (<25%),0.5,0
999731,1,0.9971656,Critical (>75%),99.7,1
999788,1,0.9992091,Critical (>75%),99.9,1
999902,0,0.002519825,Low (<25%),0.3,0
999940,0,0.7361533,High (50-75%),73.6,0
999986,0,0.021163406,Low (<25%),2.1,0
